BASE_DATE,ADM_CD,TOT_OA_CD,population,households,area_sqm,population_density,household_density
20250630,11240820,11240820020604,409,159.0,11796.745666539597,34670.57878174754,13478.29346283095
20250630,11240820,11240820021401,448,141.0,17705.163382380102,25303.35305721282,7963.778529167427
20250630,11240820,11240820020901,477,159.0,18210.517636511737,26193.654102595312,8731.218034198439
20250630,11240820,11240820020608,448,162.0,8539.627742250575,52461.30317642298,18970.38195218867
20250630,11240820,11240820021302,551,176.0,15655.73685116381,35194.76631718168,11241.885429807578
20250630,11240820,11240820020601,445,183.0,8947.528369514896,49734.40503593803,20452.575554104853
20250630,11240820,11240820021501,621,193.0,16329.561706533415,38029.18970884194,11819.055738818832
20250630,11240820,11240820020602,446,165.0,6179.2498003506935,72177.04647167493,26702.27055566449
20250630,11240820,11240820020603,452,167.0,7890.424214235508,57284.62598810901,21164.895000031425
20250630,11240820,11240820021301,647,209.0,15162.829774805236,42670.135430463255,13783.70680829493
20250630,11240820,11240820020609,415,118.0,11706.464072452362,35450.499607014346,10079.901093078777
20250630,11240820,11240820020610,546,177.0,16206.009033233157,33691.20669255058,10921.874697035626
20250630,11240820,11240820010102,593,254.0,29270.707669698597,20259.161708409294,8677.617325355752
20250630,11240820,11240820010107,488,152.0,18203.986082128056,26807.315595516677,8349.819611718309
20250630,11240820,11240820010105,495,159.0,16470.934646382106,30052.939352092464,9653.368397944852
20250630,11240820,11240820020605,444,148.0,9104.0176070933,48769.677208671266,16256.559069557088
20250630,11240820,11240820010203,439,122.0,526823.2332504491,833.2965827862448,231.5767268790931
20250630,11240820,11240820010101,567,287.0,15048.907506113932,37677.15362524784,19071.151835001994
20250630,11240820,11240820020606,537,160.0,8911.005414290623,60262.56017517513,17955.325191858512
20250630,11240820,11240820020607,621,193.0,11038.34593459016,56258.428905911715,17484.503669631176
20250630,11240820,11240820010110,444,139.0,10216.793496020027,43457.86182063493,13605.051335739314
20250630,11240820,11240820010104,596,316.0,20056.795512954424,29715.61432209105,15755.258600303308
20250630,11240820,11240820020611,463,144.0,14470.44939610249,31996.24194979775,9951.314990865823
20250630,11240820,11240820010106,501,202.0,9914.810180700782,50530.46814503807,20373.562006582215
20250630,11240820,11240820010108,415,157.0,8422.273822105039,49274.1044479929,18641.046742975628
20250630,11240820,11240820010109,575,174.0,12937.022977306746,44446.08323017021,13449.771273129767
20250630,11240820,11240820020005,0,0.0,50542.3234866568,0.0,0.0
20250630,11240820,11240820010103,400,156.0,10209.340443667968,39179.80815774322,15280.125181519854
20250630,11240820,11240820020704,621,197.0,7887.216146339598,78735.00465537538,24977.127080690738
20250630,11240820,11240820020703,620,225.0,14010.05534045512,44253.929405239534,16059.893735772412
20250630,11240820,11240820021502,652,200.0,19433.512542451306,33550.29095104379,10291.500291731223
20250630,11240820,11240820021002,405,129.0,7561.774572804248,53558.856601805266,17059.487658352788
20250630,11240820,11240820020702,588,249.0,14077.851516376997,41767.7370240743,17687.35802550085
20250630,11240820,11240820021102,402,123.0,92185.52502674049,4360.771388820434,1334.2658726987895
20250630,11240820,11240820021001,364,114.0,8890.892504540538,40940.77167327205,12822.109809761027
20250630,11240820,11240820021104,397,126.0,4937.995065719364,80397.00216714683,25516.428899396724
20250630,11240820,11240820020705,557,228.0,11261.16448450732,49462.025065551556,20246.573994516613
20250630,11240820,11240820021205,400,128.0,4181.25842893349,95664.97904843153,30612.79329549809
20250630,11240820,11240820021101,352,110.0,4819.22536488217,73040.78422333885,22825.245069793393
20250630,11240820,11240820021004,379,113.0,9127.106875359272,41524.65892814269,12380.7030577312
20250630,11240820,11240820021207,455,110.0,8794.009555616174,51739.76638556419,12508.514950356177
20250630,11240820,11240820021103,383,129.0,5718.1207000422755,66980.04818211836,22559.85957047851
20250630,11240820,11240820021204,497,137.0,7387.312075737921,67277.51513737891,18545.311013724167
20250630,11240820,11240820020803,519,168.0,16449.336240941317,31551.4250786754,10213.178060149263
20250630,11240820,11240820021003,430,127.0,5832.34714345187,73726.75004140868,21775.109895950936
20250630,11240820,11240820020802,580,174.0,12925.165312422572,44873.70072106955,13462.110216320867
20250630,11240820,11240820020801,624,198.0,18482.674533840735,33761.34762625892,10712.735304486003
20250630,11240820,11240820021202,602,164.0,10455.189276502966,57579.06280596346,15685.990531857156
20250630,11240820,11240820021206,547,133.0,7631.310178956794,71678.38643334707,17428.199992020403
20250630,11240820,11240820021203,447,138.0,5437.540661078323,82206.28182141356,25379.1205623156
20250630,11240820,11240820021208,531,163.0,5419.208769199454,97984.78387066112,30078.191658978838
20250630,11240820,11240820021209,578,164.0,5702.832381671661,101353.14547515631,28757.639892604904
20250630,11240820,11240820021201,496,153.0,5594.869879647751,88652.64262968485,27346.480488592304
20250630,11240820,11240820021210,526,159.0,6608.186080898527,79598.24277957967,24061.065783180926
20250630,11240820,11240820020501,531,148.0,9475.424279972509,56039.70696302589,15619.35335315976
20250630,11240820,11240820020503,616,182.0,18089.793003967665,34052.352056482436,10060.922198506176
20250630,11240820,11240820020306,535,156.0,12184.511795291251,43908.20157494966,12803.139150826442
20250630,11240820,11240820020309,362,98.0,5522.37472085286,65551.50968532858,17745.988809840335
20250630,11240820,11240820020301,447,137.0,7052.683161702664,63380.1334543554,19425.231058717425
20250630,11240820,11240820020304,537,154.0,12117.676126318243,44315.4276778941,12708.707378762925
20250630,11240820,11240820020004,158,15.0,151998.3105345989,1039.4852379891088,98.68530740402932
20250630,11240820,11240820020205,380,116.0,9867.82750721193,38508.98282547764,11755.37370461949
20250630,11240820,11240820020204,522,155.0,13118.166653300914,39792.14579261726,11815.675474819302
20250630,11240820,11240820020203,411,123.0,14454.6609201172,28433.735130236983,8509.36598788114
20250630,11240820,11240820020502,552,159.0,15974.806437301644,34554.40929231316,9953.172241807595
20250630,11240820,11240820010304,483,149.0,19632.841931098035,24601.6344294474,7589.324078649405
20250630,11240820,11240820020202,517,154.0,15153.800976733755,34116.85297924732,10162.466844882181
20250630,11240820,11240820020201,490,140.0,12299.130937789992,39840.2133027496,11382.918086499885
20250630,11240820,11240820020401,467,135.0,9196.812155254109,50778.464550154415,14678.999388160271
20250630,11240820,11240820020402,538,162.0,12437.582798194888,43255.993445774846,13025.038918616217
20250630,11240820,11240820020701,592,217.0,11080.832428631522,53425.58908032434,19583.366267618887
20250630,11240810,11240810013102,411,147.0,11004.477303020358,37348.43452193721,13358.199208576083
20250630,11240820,11240820010201,519,267.0,14790.770415459485,35089.45007066942,18051.79801323456
20250630,11240820,11240820010202,535,158.0,9428.97796593239,56739.97775082256,16756.853242299
20250630,11240820,11240820010303,561,171.0,20189.273140614547,27787.03304931975,8469.844298455753
20250630,11240820,11240820010301,565,175.0,24385.72452395827,23169.293142998635,7176.329734557099
20250630,11240820,11240820010302,595,186.0,10969.92870774102,54239.185673115026,16955.442916301505
20250630,11240820,11240820010002,0,0.0,349008.87546271685,0.0,0.0
20250630,11240810,11240810012301,672,216.0,18247.085048224017,36827.800069107776,11837.507165070358
20250630,11240810,11240810010102,541,211.0,12186.964210468612,44391.69514712127,17313.581656270955
20250630,11240820,11240820020308,453,132.0,7077.0371275019725,64009.83799273897,18651.873322387513
20250630,11240820,11240820020302,542,153.0,13899.979427764016,38992.863465495604,11007.210535462782
20250630,11240820,11240820020307,435,124.0,7970.538291778232,54575.98772829574,15557.293053583153
20250630,11240820,11240820020303,540,163.0,9660.942868408958,55895.16544661355,16872.059199625943
20250630,11240820,11240820020305,503,152.0,5593.763185818398,89921.5757426471,27173.120303941072
20250630,11240820,11240820020104,604,171.0,19764.88441336124,30559.247773373798,8651.707564978344
20250630,11240820,11240820020002,986,700.0,224359.91173966532,4394.724495809658,3119.986964570751
20250630,11240820,11240820020103,572,172.0,9064.148617904384,63105.76140269039,18975.85832388592
20250630,11240820,11240820020102,578,168.0,9083.982682806416,63628.478849260864,18494.090738193467
20250630,11240820,11240820020101,542,152.0,10530.38298695162,51470.112784274,14434.422773449536
20250630,11240820,11240820020403,308,95.0,2749.8416296034366,112006.4503658044,34547.44410633577
20250630,11240540,11240540010005,0,0.0,25167.171080003678,0.0,0.0
20250630,11240540,11240540010502,536,319.0,5807.943925981878,92287.39237687888,54924.772701911126
20250630,11240540,11240540010901,451,175.0,3159.9622123867907,142723.22568672412,55380.409080214464
20250630,11240540,11240540010903,476,190.0,6725.100852384194,70779.60768889402,28252.364413634165
20250630,11240540,11240540010802,596,262.0,11995.275982176392,49686.22655165149,21841.931806262903
20250630,11240540,11240540010501,531,301.0,7900.298243004012,67212.65244261111,38099.82746746883
20250630,11240540,11240540010902,603,228.0,8020.479569209318,75182.53675440077,28427.22782753462
20250630,11240540,11240540010801,584,257.0,19258.532940091543,30324.220532097497,13344.734035529207
20250630,11240540,11240540011201,462,148.0,8809.41108453495,52443.914305582555,16800.21497235112
20250630,11240690,11240690060001,249,161.0,613366.2056792247,405.9565031370848,262.4859317472717
20250630,11240690,11240690030001,0,0.0,115770.43060883277,0.0,0.0
20250630,11240690,11240690030003,1352,1082.0,59267.387257869654,22811.87112429152,18256.245973730343
20250630,11240690,11240690030002,2495,2158.0,36427.37861832474,68492.43878188077,59241.155467454395
20250630,11240690,11240690020107,515,183.0,7167.215577392336,71854.96158710125,25532.928097940832
20250630,11240690,11240690020104,733,629.0,10079.228977471445,72723.81663700294,62405.56707322626
20250630,11240690,11240690010002,1621,1387.0,26687.70361427238,60739.58342122406,51971.5004350634
20250630,11240690,11240690010001,825,690.0,23279.8050983242,35438.44102283261,29639.423400914544
20250630,11240690,11240690010003,628,533.0,126498.38353230647,4964.490315717077,4213.492576874525
20250630,11240680,11240680011201,699,509.0,10221.408698751566,68385.87719179798,49797.44133136648
20250630,11240810,11240810013301,537,192.0,17837.83609884096,30104.548389414365,10763.637412974967
20250630,11240810,11240810012903,408,163.0,7476.458458790425,54571.2923102375,21801.766290609587
20250630,11240810,11240810012902,396,177.0,11826.337475319338,33484.58479444052,14966.594718727201
20250630,11240810,11240810012901,419,179.0,8756.282757193116,47851.3556058705,20442.4645667084
20250630,11240810,11240810012802,576,302.0,14845.081142768646,38800.73099368553,20343.438819605955
20250630,11240810,11240810013001,446,147.0,16385.512682277225,27219.166628969695,8971.339673673869
20250630,11240810,11240810012603,484,181.0,8791.240657872713,55054.80043554141,20588.675369489658
20250630,11240810,11240810012602,433,147.0,8575.111947385247,50494.96760587853,17142.633344258993
20250630,11240810,11240810013101,527,177.0,14440.117205090595,36495.5486520716,12257.518237982304
20250630,11240810,11240810012501,470,167.0,6499.365661079323,72314.74954771956,25694.815264828012
20250630,11240690,11240690020001,0,0.0,93032.2873469746,0.0,0.0
20250630,11240810,11240810012803,527,173.0,7919.932361317904,66540.97231612031,21843.620893147654
20250630,11240810,11240810012801,449,290.0,9040.955691495456,49662.89132711492,32076.254977423894
20250630,11240810,11240810012503,568,363.0,11576.771576665604,49063.7649916902,31355.892063351308
20250630,11240690,11240690020108,595,208.0,12462.062015223897,47744.90764635391,16690.656790658173
20250630,11240690,11240690020105,520,300.0,9863.783208106926,52718.109170588636,30414.293752262678
20250630,11240690,11240690020102,567,207.0,7930.308741951203,71497.84686194868,26102.3885369019
20250630,11240690,11240690020103,595,215.0,6535.789541355355,91037.20311603122,32895.79608394406
20250630,11240690,11240690020110,1727,1120.0,15112.108055747982,114279.22521657229,74112.75752319685
20250630,11240690,11240690020109,497,182.0,6274.563842546544,79208.69282259014,29006.00018855413
20250630,11240810,11240810012601,457,196.0,7479.80054288982,61097.88588338989,26203.907293532648
20250630,11240810,11240810012402,546,214.0,10083.435992159457,54148.20904546341,21222.9244244124
20250630,11240810,11240810012502,356,154.0,6527.604497889882,54537.61791405727,23592.11561450792
20250630,11240810,11240810010002,406,129.0,379333.82341431075,1070.2973869972157,340.06985941537147
20250630,11240810,11240810012703,551,189.0,8590.004169395912,64144.322765648765,22002.31760926972
20250630,11240810,11240810012401,633,230.0,10658.668951918211,59388.278485380746,21578.679386473257
20250630,11240810,11240810012701,512,168.0,7539.752401408344,67906.73920596702,22281.89880195793
20250630,11240810,11240810012702,554,191.0,10539.29326234491,52565.194478395155,18122.657302118187
20250630,11240810,11240810010003,413,193.0,49886.547308303656,8278.785008864621,3868.77846661228
20250630,11240810,11240810013201,521,172.0,15347.668683815029,33946.523783734236,11206.913801923778
20250630,11240810,11240810010502,544,199.0,13227.38213584726,41126.807588458236,15044.549099454392
20250630,11240810,11240810010005,554,273.0,19386.205198500356,28577.02135758139,14082.178394620432
20250630,11240690,11240690020101,662,528.0,6202.360328129313,106733.56028634105,85128.88192022368
20250630,11240810,11240810010501,544,194.0,8429.260169929612,64537.09922736228,23015.068474463755
20250630,11240810,11240810010001,404,200.0,9784.031291639973,41291.773090014576,20441.47182673989
20250630,11240690,11240690020106,625,473.0,9137.938308684505,68396.17196868281,51762.22294589916
20250630,11240810,11240810010503,464,170.0,10652.11109044144,43559.44057102122,15959.27779541726
20250630,11240810,11240810010016,435,226.0,27921.87412510325,15579.183476402533,8094.012564751662
20250630,11240680,11240680010020,564,230.0,22028.159635548054,25603.59146343947,10441.180915941626
20250630,11240810,11240810010007,479,226.0,10255.569864297948,46706.32703381132,22036.805656871315
20250630,11240810,11240810012204,478,169.0,9367.041710399471,51029.98521607042,18041.98222074456
20250630,11240810,11240810012203,432,142.0,7783.576670675532,55501.47679890548,18243.540984825413
20250630,11240810,11240810012102,547,200.0,15743.663165769103,34744.137640680914,12703.523817433606
20250630,11240810,11240810010013,550,236.0,11120.64387564188,49457.567938551954,21221.792788178656
20250630,11240810,11240810012202,502,159.0,8285.131754957722,60590.466735741335,19191.00440434835
20250630,11240810,11240810012201,436,135.0,6833.4206413566635,63804.062838057536,19755.845144811392
20250630,11240810,11240810010014,465,211.0,42498.17614993765,10941.646021688914,4964.918947476045
20250630,11240810,11240810012101,404,163.0,9823.735244138797,41124.88681339832,16592.466709366156
20250630,11240810,11240810010015,592,248.0,27502.622874800436,21525.219710678073,9017.321770689463
20250630,11240810,11240810010009,507,220.0,17212.99638642042,29454.488260973532,12781.040271033879
20250630,11240680,11240680010501,337,141.0,6056.664240678387,55641.189045383464,23280.141410679727
20250630,11240680,11240680010011,449,214.0,10050.004029000262,44676.59900477323,21293.523801829557
20250630,11240680,11240680010008,460,224.0,12297.589829652488,37405.70358679778,18214.951311831963
20250630,11240680,11240680010019,567,281.0,38456.68803859888,14743.859362795454,7306.92148314907
20250630,11240810,11240810010010,440,179.0,38475.83944951182,11435.747895179002,4652.270166447821
20250630,11240680,11240680010010,555,245.0,21520.460487344382,25789.410980605222,11384.514757204106
20250630,11240680,11240680010202,515,169.0,7033.701066316512,73218.92061439299,24027.179774431872
20250630,11240680,11240680010201,613,228.0,10401.169274948368,58935.681536924414,21920.612382412342
20250630,11240680,11240680010007,503,277.0,16175.575296650195,31096.266486680473,17124.584128847895
20250630,11240680,11240680010016,581,315.0,18606.86725184263,31225.03063714091,16929.233477967962
20250630,11240810,11240810010401,352,116.0,5924.335305824341,59415.94825902938,19580.255676271045
20250630,11240810,11240810010008,469,229.0,11708.995433161992,40054.6744319079,19557.61288892731
20250630,11240810,11240810010004,545,206.0,13099.077058382523,41605.98472479684,15726.298813409448
20250630,11240810,11240810010012,561,228.0,16003.62187936588,35054.56478719483,14246.774993726242
20250630,11240810,11240810010011,499,217.0,32544.35904649161,15332.918349602398,6667.822208143728
20250630,11240810,11240810010201,460,147.0,7589.1063162705395,60613.19750044753,19369.86963601258
20250630,11240680,11240680010002,446,200.0,34731.48482012245,12841.374398758791,5758.463855945646
20250630,11240680,11240680010105,599,211.0,14379.300100437347,41657.104018698476,14673.87136551816
20250630,11240680,11240680010109,480,162.0,8487.941814173873,56550.811787900806,19085.89897841652
20250630,11240680,11240680010106,505,186.0,12526.040996784082,40316.01047207597,14849.065243180456
20250630,11240680,11240680010012,606,312.0,10370.940116037278,58432.50401792425,30084.06147457486
20250630,11240680,11240680010005,586,272.0,12942.384641977917,45277.5911248489,21016.219771260923
20250630,11240680,11240680010009,437,235.0,29291.871158840284,14918.814767083031,8022.7035932826375
20250630,11240680,11240680010017,505,246.0,35764.237787818056,14120.250597707749,6878.3794990813985
20250630,11240680,11240680010018,416,197.0,7542.654686382601,55152.99550316686,26118.12527433623
20250630,11240680,11240680010001,431,222.0,9260.64073620121,46541.05609724794,23972.423326192675
20250630,11240680,11240680010015,506,252.0,15892.809430597057,31838.297829573276,15856.227377574041
20250630,11240680,11240680010014,446,209.0,13298.535559318325,33537.527347324074,15716.016178454556
20250630,11240680,11240680010004,555,225.0,9851.907106115204,56334.27051453869,22838.217776164332
20250630,11240680,11240680010006,505,230.0,17409.874026557918,29006.52809030364,13210.893981722451
20250630,11240680,11240680010108,585,207.0,40269.21936915453,14527.224742978231,5140.402601361528
20250630,11240680,11240680010101,478,165.0,11664.51522321357,40978.985483145625,14145.465700249013
20250630,11240680,11240680010104,512,170.0,6113.66066325479,83746.87903064307,27806.580928143205
20250630,11240670,11240670020504,464,165.0,14002.199431950643,33137.65114223632,11783.863013941795
20250630,11240680,11240680010102,569,200.0,10270.358114904022,55402.15770804379,19473.517647818557
20250630,11240680,11240680010103,583,214.0,16903.3673619023,34490.16917859788,12660.199321131982
20250630,11240680,11240680010403,442,152.0,12761.542680138893,34635.31103397833,11910.785694942773
20250630,11240670,11240670020501,471,165.0,18778.714730993244,25081.588742739685,8786.54382707441
20250630,11240680,11240680010107,494,178.0,12653.693530929213,39039.984554116476,14067.038968892171
20250630,11240670,11240670020004,512,228.0,12646.567381967096,40485.29411467553,18028.607535441446
20250630,11240810,11240810010103,599,278.0,16328.407346869566,36684.533113074154,17025.542913914218
20250630,11240810,11240810010104,536,215.0,12446.335274090938,43064.885220934935,17274.161049442184
20250630,11240810,11240810010101,552,238.0,12573.921244678919,43900.38630420065,18928.065109419844
20250630,11240810,11240810010006,560,267.0,118920.94828621577,4709.01054919447,2245.188958276649
20250630,11240810,11240810010603,588,338.0,11487.825623071169,51184.620945073446,29422.452175909566
20250630,11240810,11240810010604,485,288.0,9361.12936327371,51809.98800238661,30765.518648839887
20250630,11240810,11240810010602,452,288.0,11316.491880714917,39941.706737781446,25449.583054161627
20250630,11240670,11240670020502,411,144.0,6383.558541366055,64384.151462962494,22557.950877534306
20250630,11240810,11240810010601,455,310.0,6502.413202971371,69974.02130521038,47674.60792223125
20250630,11240670,11240670020503,550,191.0,13992.043108976284,39308.054993567006,13650.61546140236
20250630,11240540,11240540010702,322,194.0,5816.2829737139145,55361.81809847379,33354.63574876993
20250630,11240820,11240820020001,474,178.0,292280.8203102258,1621.728033666041,609.0033544146736
20250630,11240540,11240540011202,501,177.0,15171.02216448288,33023.48349163309,11666.979197642826
20250630,11240540,11240540010701,693,399.0,11800.55477572948,58726.05256028401,33811.9696559211
20250630,11240540,11240540010010,391,202.0,6968.437666021844,56110.138131323045,28987.84629802367
20250630,11240540,11240540010011,380,194.0,9714.359950879372,39117.34812395965,19970.4356211794
20250630,11240540,11240540010008,560,261.0,12210.914436207444,45860.611252790746,21374.320601747113
20250630,11240550,11240550010019,596,290.0,16116.320813011558,36981.145195299025,17994.181386974356
20250630,11240550,11240550010003,605,293.0,21294.97698252566,28410.455690863342,13759.113251938776
20250630,11240540,11240540010013,497,198.0,10450.670796767343,47556.75589300303,18946.15224711187
20250630,11240540,11240540011104,476,192.0,4383.01483931119,108601.04687092628,43805.46428407111
20250630,11240540,11240540011103,623,322.0,7096.2567624003805,87792.76467291525,45376.035673641585
20250630,11240530,11240530020002,46,17.0,34210.2332183338,1344.6269046581033,496.92733433016855
20250630,11240540,11240540011203,442,149.0,9347.216342895703,47286.805374515534,15940.574662449808
20250630,11240540,11240540011101,447,180.0,3870.378606974217,115492.5771847048,46507.078060954955
20250630,11240540,11240540011102,558,283.0,11605.883250751947,48079.06369072315,24384.184631675005
20250630,11240540,11240540010004,368,86.0,12651.480943298742,29087.503798906866,6797.623170396713
20250630,11240530,11240530020301,431,140.0,6443.179678954754,66892.43843498075,21728.40227586382
20250630,11240540,11240540010001,515,199.0,16678.526262290346,30878.027944495298,11931.509827096243
20250630,11240530,11240530020103,334,118.0,5000.804317965732,66789.2560402898,23596.20422980298
20250630,11240540,11240540010007,580,280.0,11315.01140930645,51259.33850344663,24745.887553388027
20250630,11240540,11240540010003,425,183.0,19039.277596748758,22322.275508634586,9611.70921901207
20250630,11240540,11240540010006,472,226.0,9375.542082696631,50343.75568225719,24105.272847860437
20250630,11240550,11240550010014,563,270.0,19790.327644030323,28448.240480234133,13643.028294250827
20250630,11240550,11240550010007,594,316.0,23505.395640090286,25270.79352737576,13443.721809176332
20250630,11240550,11240550010017,525,258.0,17199.387312305014,30524.343133106693,15000.534339698148
20250630,11240540,11240540010206,368,120.0,8624.54507205059,42668.91725020616,13913.777364197662
20250630,11240540,11240540010009,350,167.0,24383.589758111124,14353.916034187445,6848.868507740866
20250630,11240550,11240550010015,562,249.0,36492.73477870335,15400.325665041013,6823.275961913189
20250630,11240550,11240550010301,501,173.0,10148.346113673542,49367.65009669599,17047.11270804073
20250630,11240530,11240530020201,373,128.0,6642.61228058335,56152.60747496817,19269.527498112402
20250630,11240530,11240530020101,508,181.0,6163.25926824991,82423.92180659459,29367.57843896382
20250630,11240530,11240530020003,388,235.0,11713.680547236934,33123.66240784353,20062.012025369146
20250630,11240530,11240530020004,330,156.0,153543.55989586975,2149.227230525328,1015.9983271574278
20250630,11240530,11240530020202,331,130.0,4411.053957046484,75038.75564052908,29471.414602020483
20250630,11240530,11240530020102,516,190.0,7641.939213819311,67522.12829263163,24862.7991775194
20250630,11240530,11240530020001,469,238.0,9039.442611539082,51883.73002128576,26329.057025727103
20250630,11240540,11240540010002,420,218.0,49445.35039549044,8494.22638611345,4408.907981363648
20250630,11240530,11240530010006,493,271.0,17911.123478995498,27524.794889507888,15130.262505185878
20250630,11240530,11240530010002,493,272.0,23835.424200104007,20683.500149237905,11411.586289234707
20250630,11240540,11240540010201,631,230.0,11495.98320593401,54888.737109000795,20006.988169683333
20250630,11240540,11240540010204,495,199.0,10025.909331371748,49372.08024125169,19848.573672745628
20250630,11240550,11240550010012,594,284.0,18623.5871037644,31895.03701356944,15249.478976184715
20250630,11240550,11240550010008,600,301.0,13725.6201636562,43713.871784732044,21929.792345340575
20250630,11240540,11240540010203,547,208.0,5963.381027524849,91726.4882916658,34879.54216575226
20250630,11240550,11240550010018,495,223.0,13400.064398769096,36940.12097773722,16641.711066738182
20250630,11240540,11240540010202,515,181.0,5581.796116628902,92264.20837295498,32426.838282533692
20250630,11240540,11240540010205,483,253.0,14735.269358666985,32778.49818984878,17169.689528016028
20250630,11240550,11240550010401,529,199.0,6161.2862721188585,85858.69518737319,32298.450552527913
20250630,11240550,11240550010004,511,234.0,21966.113019765282,23263.105290417025,10652.77228563128
20250630,11240810,11240810010701,453,151.0,6791.959510610612,66696.51067446872,22232.17022482291
20250630,11240670,11240670020005,426,200.0,11110.742224250753,38341.27292326117,18000.59761655454
20250630,11240670,11240670020011,527,198.0,10351.195671846704,50911.992846714355,19128.225016412605
20250630,11240670,11240670020003,532,247.0,14555.637426006584,36549.41274158661,16969.370201450925
20250630,11240670,11240670020006,512,248.0,30574.356358654924,16746.05980233707,8111.372716757018
20250630,11240670,11240670020008,586,251.0,22703.92510011347,25810.51502839354,11055.35711967027
20250630,11240670,11240670020101,510,164.0,16293.93773613789,31299.984586837138,10065.093082826059
20250630,11240670,11240670020103,406,142.0,7214.748179465447,56273.62035386816,19681.90662622975
20250630,11240670,11240670020104,525,188.0,16939.528132776828,30992.598842476666,11098.302061686882
20250630,11240670,11240670020010,457,215.0,22984.18832534976,19883.234227417324,9354.256802833095
20250630,11240550,11240550010604,443,161.0,7520.632353845412,58904.62120163174,21407.77429675555
20250630,11240540,11240540010104,567,189.0,20831.89247110406,27217.88242649996,9072.627475499987
20250630,11240550,11240550010016,552,334.0,18094.153959287523,30507.09092240617,18459.000666818225
20250630,11240550,11240550010005,523,233.0,14799.773966482288,35338.377544445044,15743.483686148556
20250630,11240540,11240540010108,564,232.0,6384.0902484787,88344.61576328728,36340.33839908271
20250630,11240540,11240540010107,650,209.0,10952.710286492302,59346.04157307333,19082.03490580358
20250630,11240550,11240550010602,399,142.0,12592.328214155325,31685.959356703785,11276.707339979794
20250630,11240550,11240550010006,590,305.0,17098.750655884436,34505.44498097321,17837.560541011575
20250630,11240540,11240540010106,467,250.0,11491.587032369218,40638.42519615141,21755.045608218097
20250630,11240550,11240550010605,555,204.0,10809.938522910103,51341.642584160654,18871.522679583373
20250630,11240540,11240540010601,751,275.0,13298.677808923725,56471.77943479925,20678.747462809315
20250630,11240530,11240530010007,600,255.0,20074.98637679572,29887.940581296138,12702.374747050859
20250630,11240530,11240530010011,586,336.0,20354.190575569235,28790.14018387767,16507.65717027798
20250630,11240530,11240530010010,574,259.0,20396.0504378142,28142.703497918705,12698.53694418283
20250630,11240540,11240540010110,457,147.0,6251.275199467118,73105.08422968748,23515.202148280216
20250630,11240530,11240530010008,487,245.0,24919.67289198062,19542.792640617732,9831.589726799475
20250630,11240540,11240540010102,450,151.0,4444.7150398403255,101243.83587393402,33972.931593253415
20250630,11240530,11240530010301,397,142.0,5014.218515403079,79174.85023448091,28319.467842056143
20250630,11240530,11240530010501,833,303.0,14309.517651388,58213.00342148153,21174.717931223175
20250630,11240530,11240530010005,460,246.0,15330.377842249312,30005.783597340716,16046.571228143079
20250630,11240550,11240550010013,582,294.0,13233.08196781342,43980.68427412358,22217.04669517583
20250630,11240550,11240550010010,559,277.0,27662.811958232214,20207.6347424126,10013.443333896761
20250630,11240550,11240550010001,562,275.0,23541.09374074291,23873.14736474366,11681.700222961756
20250630,11240540,11240540010109,430,154.0,5721.507028059372,75155.02434781558,26915.98546410139
20250630,11240540,11240540010103,598,235.0,7473.572438987646,80015.28116331522,31444.132229730898
20250630,11240550,11240550010020,430,213.0,14496.309268641591,29662.722561402286,14693.395129252762
20250630,11240550,11240550010009,436,219.0,24868.086958070595,17532.5106726194,8806.467516751487
20250630,11240550,11240550010603,487,205.0,11048.794019479516,44077.20871086902,18554.061161659443
20250630,11240550,11240550010002,532,251.0,16545.528641788744,32153.7021583183,15170.261732590025
20250630,11240540,11240540010101,446,147.0,6312.671869482702,70651.54172769444,23286.494695002424
20250630,11240690,11240690040123,500,179.0,15488.283553971525,32282.46682453004,11557.123123181755
20250630,11240680,11240680010003,444,248.0,30553.760979818453,14531.762564133216,8116.840351137473
20250630,11240690,11240690040122,505,180.0,10232.011503072776,49354.90933022734,17591.84887018004
20250630,11240690,11240690040118,430,150.0,13999.97939093555,30714.330928116116,10714.301486552133
20250630,11240690,11240690040102,627,240.0,20628.866702977168,30394.30178243922,11634.182500455203
20250630,11240650,11240650020101,725,252.0,11555.282821486282,62741.865448062475,21808.207024705855
20250630,11240690,11240690040124,465,180.0,14586.393455261648,31879.024888929194,12340.267698940334
20250630,11240650,11240650020006,432,183.0,85758.25762561856,5037.415777334411,2133.905294565271
20250630,11240650,11240650020004,450,189.0,10996.614510251722,40921.685449688375,17187.10788886912
20250630,11240650,11240650010007,432,318.0,49683.409840671186,8695.05537935848,6400.526876472214
20250630,11240680,11240680010021,528,260.0,23180.980624979755,22777.293529637343,11216.091510806267
20250630,11240680,11240680010013,445,215.0,10369.357495010894,42914.90578988206,20734.167965898076
20250630,11240650,11240650020003,422,202.0,37171.191614815965,11352.877905366804,5434.315964180319
20250630,11240680,11240680010401,564,199.0,19991.902506906918,28211.4220897759,9954.030134513128
20250630,11240680,11240680010402,457,160.0,13214.691754316422,34582.72114828001,12107.736069419698
20250630,11240650,11240650020201,449,161.0,6151.0443343702855,72995.73464153327,26174.417098634425
20250630,11240650,11240650020002,534,237.0,32654.441655300376,16353.05866310296,7257.818170703
20250630,11240650,11240650020001,398,201.0,10032.163523517112,39672.39958429901,20035.55858403041
20250630,11240670,11240670010009,483,277.0,24484.533070005396,19726.739269195856,11313.264549828678
20250630,11240670,11240670010008,477,251.0,18723.299863123168,25476.278406430076,13405.756561874108
20250630,11240670,11240670010602,628,240.0,12526.321557846028,50134.43069459157,19159.655042519073
20250630,11240670,11240670010601,543,195.0,11987.781459926437,45296.12103917451,16266.562804123443
20250630,11240670,11240670020001,461,152.0,17632.72615210671,26144.567551451542,8620.334637354956
20250630,11240670,11240670020007,510,183.0,53497.16045140752,9533.216262258304,3420.742305869156
20250630,11240670,11240670010016,0,0.0,4423.172516473228,0.0,0.0
20250630,11240670,11240670010710,592,187.0,9180.162307490458,64486.877265444826,20370.010217294228
20250630,11240670,11240670010706,515,158.0,4867.901916751724,105795.06506237325,32457.51510651451
20250630,11240670,11240670020402,506,177.0,19483.397221360217,25970.830150978876,9084.657977713954
20250630,11240670,11240670010707,485,160.0,5964.7551055886115,81310.96606893124,26824.236228925773
20250630,11240670,11240670020401,533,174.0,14749.867285998214,36135.91835541242,11796.716311147768
20250630,11240670,11240670010015,375,190.0,7248.148861373933,51737.34800045433,26213.589653563526
20250630,11240670,11240670010014,414,197.0,10195.72204271783,40605.265450100655,19321.829211762873
20250630,11240670,11240670010013,495,255.0,9719.66526048202,50927.67978466904,26235.471404223445
20250630,11240670,11240670010702,404,133.0,3604.3883610035164,112085.59110082142,36899.464397052594
20250630,11240670,11240670010001,471,216.0,18351.772543156465,25665.09577711827,11769.980228996912
20250630,11240670,11240670010705,663,214.0,6568.558796682304,100935.38331953014,32579.444993030847
20250630,11240670,11240670010006,614,359.0,12600.984722486284,48726.35064022619,28489.836937852124
20250630,11240670,11240670010002,477,268.0,17763.993143840886,26852.07071054207,15086.698009277306
20250630,11240670,11240670010711,554,190.0,3264.435924038756,169707.72681443594,58203.01100134085
20250630,11240670,11240670010704,818,274.0,6593.684262955265,124058.1088475376,41554.91665553216
20250630,11240650,11240650020005,579,301.0,31681.21636540561,18275.813444847423,9500.897835749696
20250630,11240650,11240650012501,726,397.0,20830.833054883195,34852.182727747895,19058.287249195473
20250630,11240650,11240650011401,442,172.0,8884.725875416929,49748.29906941372,19359.066606197193
20250630,11240650,11240650011402,397,152.0,7066.803695109165,56178.155942658785,21509.016884846686
20250630,11240650,11240650010016,399,232.0,39575.59622016297,10081.970661422845,5862.198479824813
20250630,11240650,11240650010019,403,274.0,52031.0671854354,7745.372559123835,5266.08456873432
20250630,11240650,11240650010004,509,266.0,18488.334589746297,27530.873455865163,14387.450568291028
20250630,11240650,11240650011301,440,154.0,8994.189645727643,48920.47169685884,17122.165093900596
20250630,11240650,11240650010003,492,222.0,20269.145322251494,24273.34710851778,10952.607841648267
20250630,11240650,11240650010010,521,287.0,28013.196255723826,18598.37753764161,10245.171503460924
20250630,11240670,11240670011401,407,153.0,6334.972631395587,64246.528545828674,24151.64340911987
20250630,11240670,11240670010708,823,273.0,6372.036207971926,129158.08591457174,42843.447697057214
20250630,11240670,11240670010709,518,177.0,3678.6323344237344,140813.20254614297,48115.70820592144
20250630,11240670,11240670010004,508,216.0,16209.306297479661,31340.02101490225,13325.67822680883
20250630,11240670,11240670010701,568,185.0,5484.422360488823,103566.05721908233,33731.90243931379
20250630,11240670,11240670010012,618,264.0,13776.891790254287,44857.72331006987,19162.522579058976
20250630,11240650,11240650010601,592,206.0,11159.632448748698,53048.34211330853,18459.389316455334
20250630,11240670,11240670010010,563,230.0,17394.092614929945,32367.310699309368,13222.880037018036
20250630,11240650,11240650010013,491,198.0,53914.120826748396,9107.076077115595,3672.507257166778
20250630,11240650,11240650010009,424,170.0,15301.159472239771,27710.318343472256,11110.269147146895
20250630,11240670,11240670010703,353,114.0,3623.17740999408,97428.29567944806,31464.095488546962
20250630,11240670,11240670020403,553,191.0,12709.84862299111,43509.56619575049,15027.716353324311
20250630,11240670,11240670010011,333,133.0,66345.67054787325,5019.166996883636,2004.6522840406112
20250630,11240670,11240670020901,327,141.0,6785.613244030081,48190.191253191675,20779.256778899162
20250630,11240670,11240670010801,587,207.0,14766.5188933057,39752.090810388116,14018.198974021023
20250630,11240670,11240670010805,563,198.0,10605.451479433013,53085.90596937972,18669.643662410628
20250630,11240670,11240670010804,605,202.0,6056.721724811136,99889.0204120886,33351.37541031718
20250630,11240670,11240670010803,518,177.0,6582.465544788567,78693.91741975895,26889.62043107593
20250630,11240670,11240670010802,423,134.0,14589.951673167103,28992.55662223709,9184.403279857614
20250630,11240670,11240670010005,415,156.0,112292.20168208392,3695.715230296466,1389.232713075298
20250630,11240650,11240650010801,462,215.0,8011.9728560727835,57663.700102256444,26834.83879217562
20250630,11240650,11240650010202,399,135.0,7655.011455923693,52122.71755533965,17635.505939776573
20250630,11240650,11240650010203,305,106.0,5209.761178220544,58543.950397391614,20346.42210532299
20250630,11240650,11240650010005,498,233.0,18005.17904889292,27658.708566445523,12940.721076268688
20250630,11240650,11240650010020,415,206.0,41374.31572287289,10030.377366956096,4978.934307452906
20250630,11240650,11240650010201,518,193.0,10860.71677923179,47694.82627431517,17770.46616012129
20250630,11240650,11240650010011,497,228.0,42158.92373122279,11788.725992355518,5408.107698706354
20250630,11240650,11240650010702,834,288.0,8529.560393213991,97777.60652981831,33764.928873606324
20250630,11240620,11240620010704,604,206.0,8276.501743057639,72977.69259900629,24889.742840058432
20250630,11240650,11240650010701,601,204.0,8740.1854662052,68762.8428851798,23340.465804620097
20250630,11240670,11240670010007,429,227.0,31083.164660042537,13801.683473738445,7302.988691232232
20250630,11240650,11240650010012,497,224.0,19763.64367523895,25147.184808976835,11333.94244911632
20250630,11240650,11240650010008,457,246.0,17078.352534573936,26759.02134440868,14404.199673357845
20250630,11240670,11240670010003,318,155.0,15592.709798035869,20394.145989945686,9940.542856734532
20250630,11240650,11240650010002,519,216.0,11237.805325279747,46183.39479795894,19220.834829208346
20250630,11240650,11240650010006,545,233.0,19578.49638085532,27836.662703726528,11900.81176140969
20250630,11240650,11240650010014,478,253.0,45510.1643347059,10503.148186513552,5559.197680309474
20250630,11240650,11240650010017,519,238.0,25671.500403705766,20216.97181069637,9270.981292766352
20250630,11240650,11240650010101,344,117.0,6058.658269764259,56778.24770489737,19311.206341491255
20250630,11240600,11240600010002,395,206.0,29895.62305550416,13212.636487510019,6890.640801081174
20250630,11240620,11240620010703,575,199.0,10831.07598276318,53087.985064001776,18373.05917867192
20250630,11240620,11240620010405,599,210.0,24942.632742309193,24015.107233806164,8419.319731384465
20250630,11240620,11240620010702,508,178.0,8292.155216675646,61262.722021701244,21466.07188949374
20250630,11240620,11240620010701,630,209.0,5218.38073006717,120727.1053202534,40050.7381141793
20250630,11240620,11240620010902,321,124.0,3439.3884401640507,93330.54570151694,36052.921080959815
20250630,11240620,11240620010901,385,119.0,4191.507314190196,91852.3984669182,28390.741344320173
20250630,11240620,11240620010403,486,166.0,9822.156158202213,49479.97081009089,16900.56616147137
20250630,11240620,11240620010605,519,174.0,7407.53242139741,70063.81754075295,23489.603568576134
20250630,11240620,11240620010404,526,191.0,21255.375554146627,24746.681076514065,8985.962139950925
20250630,11240620,11240620010603,580,208.0,7077.449121109673,81950.43017265263,29389.119786054736
20250630,11240670,11240670020102,396,141.0,6131.316843276264,64586.45183770958,22996.691184639018
20250630,11240600,11240600050301,587,212.0,17608.665699057692,33335.85917480463,12039.526652569986
20250630,11240670,11240670020009,598,279.0,11464.57705451336,52160.66821798543,24335.83015521394
20250630,11240670,11240670020002,435,217.0,19847.575781337946,21917.03434174651,10933.325177376993
20250630,11240600,11240600050204,342,179.0,6749.014779751845,50674.062979689465,26522.38968820004
20250630,11240670,11240670021401,525,218.0,8556.036507781766,61360.186988742906,25479.08716865896
20250630,11240600,11240600050203,380,166.0,8367.61370706977,45413.18628021023,19838.391901354997
20250630,11240600,11240600050004,497,211.0,54602.020277526295,9102.227307229523,3864.3258789244055
20250630,11240600,11240600050201,477,166.0,8032.355275069143,59384.82346274132,20666.416550974966
20250630,11240670,11240670020201,302,94.0,4063.518450665913,74319.82988794094,23132.662283001486
20250630,11240550,11240550010601,417,152.0,5247.040573136273,79473.37059578896,28968.71062484394
20250630,11240540,11240540010105,683,224.0,11857.286438154979,57601.71212548327,18891.337505282947
20250630,11240560,11240560010016,450,216.0,17452.292786561487,25784.577734480044,12376.59731255042
20250630,11240550,11240550010011,535,253.0,86569.64015760428,6179.995654666072,2922.5026180009654
20250630,11240560,11240560010024,507,247.0,12439.783556368191,40756.336129373885,19855.650934823174
20250630,11240560,11240560010009,444,216.0,30087.430397641474,14756.993007777917,7179.077679459528
20250630,11240560,11240560010013,410,195.0,13776.215849786458,29761.438443660514,14154.830479301952
20250630,11240560,11240560010008,580,290.0,20050.33607204764,28927.195929078884,14463.597964539442
20250630,11240560,11240560010301,612,215.0,8896.111359273433,68794.10287080574,24167.862936639274
20250630,11240560,11240560010012,471,227.0,18584.27267694053,25344.010399956056,12214.629216114703
20250630,11240530,11240530010012,488,230.0,35017.43830438549,13935.913751260443,6568.156071290783
20250630,11240530,11240530010009,496,194.0,11351.3607581738,43695.20188518757,17090.46202767417
20250630,11240530,11240530010003,402,198.0,18495.247026650377,21735.313911771264,10705.45312072316
20250630,11240530,11240530010004,399,186.0,8586.256472542358,46469.61120669362,21662.525524924844
20250630,11240530,11240530010001,472,234.0,15336.244399274734,30776.765661241116,15257.972806632248
20250630,11240530,11240530010013,516,220.0,26566.34317532958,19423.07214036049,8281.15478852579
20250630,11240600,11240600050002,436,191.0,20962.86738034197,20798.68140600179,9111.348964555831
20250630,11240560,11240560010007,477,220.0,40160.043288219145,11877.477237180341,5478.081744611478
20250630,11240560,11240560011202,459,105.0,9336.499726919004,49161.89293902198,11246.184659253393
20250630,11240560,11240560011201,419,165.0,7842.371421696499,53427.7168817592,21039.554380645033
20250630,11240560,11240560010002,538,293.0,11542.592687460929,46609.978760183214,25384.244938166696
20250630,11240550,11240550010503,577,195.0,10482.864400788389,55042.2077344247,18601.785976105402
20250630,11240550,11240550010501,594,233.0,23924.404788246968,24828.203888767453,9739.009269499691
20250630,11240560,11240560010201,406,167.0,6856.070467252774,59217.59438430687,24357.97601521982
20250630,11240560,11240560010011,553,284.0,12716.491650859192,43486.83702887788,22333.203826765497
20250630,11240550,11240550010502,495,187.0,10639.469220519442,46524.87729795162,17576.064757003947
20250630,11240560,11240560010015,559,278.0,18086.523145268304,30906.990553695363,15370.560597365493
20250630,11240560,11240560010004,499,230.0,12552.345324786438,39753.52709701602,18323.269002632635
20250630,11240550,11240550010504,459,177.0,7495.611902573774,61235.827837136654,23613.81596334028
20250630,11240560,11240560010019,485,241.0,15643.154696131292,31003.976462621402,15406.099644312902
20250630,11240600,11240600050202,486,221.0,6822.570939388264,71234.14389056928,32392.481069579855
20250630,11240600,11240600050101,583,217.0,18443.67000159728,31609.760961322256,11765.554251469863
20250630,11240600,11240600050402,401,142.0,10259.152823150243,39087.04811328332,13841.298833132749
20250630,11240600,11240600050401,367,120.0,11596.614282006578,31647.167964311866,10347.8478357423
20250630,11240600,11240600050001,449,186.0,19438.664401005182,23098.29475613469,9568.558629490093
20250630,11240600,11240600050005,413,178.0,29774.99508929117,13870.699181023172,5978.170591336863
20250630,11240600,11240600050003,432,205.0,10803.93157326424,39985.44391645734,18974.574080726285
20250630,11240600,11240600040301,529,190.0,6111.947317438243,86551.79315611717,31086.655386885184
20250630,11240600,11240600020013,528,218.0,14374.233141120361,36732.394334801116,15166.026448838338
20250630,11240600,11240600020014,510,240.0,9799.19600636988,52045.08611405252,24491.805230142363
20250630,11240560,11240560010028,429,210.0,11953.932578276494,35887.77142507966,17567.440557731305
20250630,11240560,11240560010005,503,242.0,48585.91725942545,10352.794150498832,4980.867165846356
20250630,11240560,11240560010014,529,257.0,23008.42718614047,22991.57590044453,11169.820428004243
20250630,11240560,11240560010101,642,247.0,9937.6001024171,64603.12282478018,24855.095541621034
20250630,11240560,11240560010010,585,246.0,172044.06413531431,3400.291680739952,1429.8662452342362
20250630,11240560,11240560010003,437,229.0,11543.211392246174,37857.749039711984,19838.500068865087
20250630,11240560,11240560010022,587,263.0,31869.518103639024,18418.853968581763,8252.399648614997
20250630,11240560,11240560010025,566,305.0,14461.382064054173,39138.721146637414,21090.65362142122
20250630,11240560,11240560010023,561,212.0,12715.374863338684,44119.81605178551,16672.729060567784
20250630,11240560,11240560010017,463,181.0,89207.16376275058,5190.1661309551755,2028.985031755695
20250630,11240560,11240560010701,339,134.0,5347.823398525337,63390.2757696672,25056.923165591164
20250630,11240560,11240560010020,406,185.0,12770.141468593521,31792.91325773512,14486.918602662554
20250630,11240560,11240560010501,327,122.0,4461.1648308252215,73299.24187972941,27347.117765525956
20250630,11240600,11240600040101,721,269.0,6784.652200573775,106269.26461153386,39648.31092996201
20250630,11240560,11240560010027,462,227.0,10889.765746097235,42425.155028295754,20845.260154595533
20250630,11240560,11240560010001,399,146.0,26395.7467226272,15116.07169870158,5531.194155414613
20250630,11240600,11240600040006,466,201.0,16945.7686964017,27499.49018830591,11861.368085513923
20250630,11240600,11240600040009,499,202.0,16119.213205184898,30956.845948255832,12531.62902113763
20250630,11240560,11240560010018,410,193.0,21260.47865870783,19284.60814931243,9077.876519066582
20250630,11240560,11240560010006,515,254.0,17941.812244665056,28703.900864481162,14156.875377821776
20250630,11240560,11240560010026,407,192.0,79532.86086905982,5117.3816150040275,2414.0964866849467
20250630,11240600,11240600040002,512,238.0,21980.399287422944,23293.480400647837,10827.828779988642
20250630,11240600,11240600020006,427,184.0,11645.92873528519,36665.1737019704,15799.512789607856
20250630,11240600,11240600020301,397,146.0,5613.350811345304,70724.24534693467,26009.420203154812
20250630,11240600,11240600020007,564,249.0,14357.04716056226,39283.843933400596,17343.399183363028
20250630,11240600,11240600020302,425,180.0,4983.823764343205,85275.88857388274,36116.84692540916
20250630,11240600,11240600040008,601,301.0,22651.825525864257,26532.077925188307,13288.112238738237
20250630,11240600,11240600020005,587,284.0,14036.599089219228,41819.24668995097,20232.821226483946
20250630,11240600,11240600020009,544,250.0,13596.011388828118,40011.73465087021,18387.745703524914
20250630,11240600,11240600030001,609,286.0,64974.06862728027,9372.970061233058,4401.756055028989
20250630,11240600,11240600020004,535,238.0,20762.8181617969,25767.215020183896,11462.798457577135
20250630,11240600,11240600040201,633,220.0,21150.791970046666,29927.957350081364,10401.501764641233
20250630,11240600,11240600020002,496,202.0,9245.813322548225,53645.902496255265,21847.726419845894
20250630,11240600,11240600030103,579,233.0,19606.831076655613,29530.524220682044,11883.613373780512
20250630,11240600,11240600030101,584,211.0,9836.146705451272,59372.843603109584,21451.489726465963
20250630,11240600,11240600020010,415,158.0,33666.601249501124,12326.756625192438,4693.07842597688
20250630,11240600,11240600030104,373,188.0,3955.5381667986544,94298.16734694308,47528.29882366032
20250630,11240600,11240600020012,517,226.0,13389.66979984981,38611.8558357428,16878.683595508457
20250630,11240600,11240600020102,537,240.0,12288.050134482513,43700.99357692885,19531.170313711216
20250630,11240600,11240600030102,584,173.0,11865.759350536537,49217.24625854586,14579.766443028142
20250630,11240600,11240600020103,311,163.0,4787.28628698138,64963.73547697329,34048.517307867034
20250630,11240600,11240600040005,442,196.0,11344.430063020396,38961.85154693614,17277.20113846037
20250630,11240600,11240600040001,584,234.0,18682.755771011387,31258.771840616173,12524.91885394552
20250630,11240560,11240560010021,484,213.0,30697.531985870166,15766.739822041114,6938.668558047019
20250630,11240600,11240600040004,540,247.0,14374.309807396845,37567.0211116587,17183.433730703146
20250630,11240600,11240600040007,505,224.0,10045.960891722281,50268.95938009398,22297.51861612089
20250630,11240600,11240600040003,448,189.0,89380.4627381215,5012.281054223322,2114.556069750464
20250630,11240590,11240590030107,428,152.0,175293.09002396255,2441.6250517432973,867.1191772546289
20250630,11240600,11240600020101,497,165.0,8528.025802170832,58278.43530603381,19347.97147987038
20250630,11240600,11240600020011,449,176.0,17904.482157817103,25077.519474863253,9829.940818654637
20250630,11240590,11240590050001,0,0.0,83718.20830541274,0.0,0.0
20250630,11240590,11240590040103,582,191.0,392990.71302845347,1480.9510268449062,486.0165741020225
20250630,11240590,11240590050118,510,183.0,16621.27811149112,30683.560949949544,11009.983634981896
20250630,11240590,11240590050104,466,156.0,14002.885504468064,33278.855265317135,11140.560990106165
20250630,11240590,11240590040104,560,183.0,22994.382205762064,24353.774543230476,7958.465609662816
20250630,11240590,11240590040102,480,160.0,13424.036716846633,35756.75559629683,11918.918532098944
20250630,11240590,11240590040101,572,187.0,23834.183101217383,23999.144320192114,7845.874104678191
20250630,11240590,11240590030104,487,159.0,10942.929498239195,44503.62218621277,14529.930036155709
20250630,11240590,11240590030103,516,156.0,18968.296805474678,27203.285845415005,8224.249209078955
20250630,11240590,11240590030109,579,200.0,38980.88918282223,14853.432339228137,5130.719288161705
20250630,11240590,11240590030105,459,165.0,15754.601637957921,29134.34503441336,10473.130567926371
20250630,11240590,11240590030102,430,140.0,26666.80788397304,16124.914608112256,5249.972197990037
20250630,11240590,11240590030108,420,157.0,42502.926076350384,9881.672599329526,3693.863328796989
20250630,11240590,11240590030106,517,183.0,38444.28375938401,13448.033086942438,4760.135502728174
20250630,11240590,11240590030002,0,0.0,67656.29906703987,0.0,0.0
20250630,11240600,11240600020001,492,216.0,9869.067691434857,49852.73334653442,21886.565859454135
20250630,11240600,11240600020015,473,193.0,292279.7729345823,1618.3124656589434,660.3262280595688
20250630,11240600,11240600010009,380,144.0,52789.833539164916,7198.355715936801,2727.7979555128927
20250630,11240600,11240600010011,402,188.0,7857.299822770986,51162.61426539646,23926.794731080932
20250630,11240600,11240600010007,373,169.0,9112.411301230994,40933.18306973386,18546.13388414215
20250630,11240600,11240600020003,595,260.0,12154.71655235636,48952.19048811558,21390.873154470675
20250630,11240600,11240600020008,414,180.0,15691.714204491154,26383.35076747117,11471.022072813552
20250630,11240600,11240600010005,528,182.0,16297.703369529536,32397.20272410638,11167.217605657881
20250630,11240600,11240600010006,416,105.0,43995.13044401316,9455.591921232935,2386.6277685804284
20250630,11240600,11240600010008,384,184.0,16844.052381103684,22797.364393783657,10923.73710535467
20250630,11240650,11240650010015,571,279.0,10653.399237723459,53597.91623861247,26188.824221668794
20250630,11240650,11240650010018,488,195.0,28628.91693588885,17045.702465546274,6811.295042585089
20250630,11240600,11240600010004,443,210.0,14566.646326438231,30411.941779348486,14416.496103077161
20250630,11240600,11240600010404,473,163.0,15948.255619166877,29658.416023351216,10220.553513332448
20250630,11240600,11240600010405,470,166.0,21453.70378545178,21907.639105128186,7737.591683938891
20250630,11240600,11240600010403,519,188.0,23989.998036643574,21634.01594311314,7836.599224094933
20250630,11240600,11240600010401,588,218.0,21099.641856102528,27867.771595845174,10331.928924990218
20250630,11240600,11240600010402,450,164.0,15503.300131696558,29026.078072240456,10578.392897438744
20250630,11240600,11240600010406,506,192.0,13910.572031976782,36375.21151803375,13802.45180130925
20250630,11240570,11240570010202,496,179.0,16856.190931852518,29425.390469606464,10619.2437380233
20250630,11240620,11240620010402,499,165.0,9151.552028208798,54526.27034866648,18029.728672404748
20250630,11240620,11240620010015,0,0.0,1372.0636595329843,0.0,0.0
20250630,11240620,11240620010602,429,152.0,8019.666299372043,53493.49760769867,18953.407077786007
20250630,11240620,11240620010601,452,142.0,8347.413280518764,54148.511018961995,17011.25788648806
20250630,11240620,11240620010604,504,169.0,5886.371573601984,85621.5061686282,28710.385997020174
20250630,11240620,11240620010401,546,192.0,18325.21033522783,29795.019539305704,10477.36950832728
20250630,11240570,11240570010101,753,252.0,33528.13450926932,22458.75027111403,7516.075787942544
20250630,11240620,11240620010501,586,193.0,22703.71877734528,25810.74958454539,8500.810016753003
20250630,11240620,11240620010502,498,178.0,13213.683761142447,37688.2033051579,13470.883912285353
20250630,11240570,11240570010011,414,171.0,18982.970876772008,21809.02044719353,9008.073662971241
20250630,11240570,11240570010017,491,200.0,45061.41651792815,10896.239797624885,4438.386882942927
20250630,11240570,11240570010018,424,187.0,59983.41559821859,7068.620480701537,3117.528372384876
20250630,11240570,11240570010603,435,144.0,6617.647533461179,65733.32861874031,21759.99843930714
20250630,11240570,11240570010604,580,192.0,8658.090991368548,66989.36296444741,22175.78911926535
20250630,11240570,11240570010002,584,219.0,19660.39646157334,29704.385724949156,11139.144646855933
20250630,11240570,11240570010009,597,283.0,18069.553482529045,33039.00124467508,15661.704107609792
20250630,11240570,11240570010008,626,233.0,11358.004734032726,55115.3142351029,20514.166480477597
20250630,11240570,11240570010010,521,228.0,29355.895860970428,17747.71250271008,7766.75326414184
20250630,11240570,11240570010020,446,204.0,7369.822106800078,60517.06452839333,27680.451039892916
20250630,11240580,11240580020026,390,68.0,7309.398157069484,53355.966061692896,9303.091518449019
20250630,11240570,11240570010201,415,148.0,20123.079861112015,20623.085673977283,7354.738987346115
20250630,11240600,11240600010407,547,192.0,23407.2528921013,23368.825146695595,8202.585791893152
20250630,11240600,11240600010305,336,117.0,6812.312698218962,49322.45698114315,17174.784127362345
20250630,11240570,11240570010601,474,162.0,7784.761828396907,60888.18263790216,20809.885205358965
20250630,11240570,11240570010203,421,150.0,11815.34439545263,35631.63170783495,12695.355715380625
20250630,11240570,11240570010602,777,260.0,10158.028964970455,76491.21721147405,25595.516698820145
20250630,11240600,11240600010003,369,185.0,31723.049255969174,11631.920910962463,5831.72186592969
20250630,11240570,11240570010005,453,175.0,34142.44423425805,13267.942883405698,5125.584999108161
20250630,11240600,11240600010501,329,114.0,7116.942795072349,46227.714550100645,16018.113856265878
20250630,11240570,11240570010012,558,278.0,22379.23304444928,24933.830345825936,12422.230889139086
20250630,11240600,11240600010201,328,110.0,6014.178095522706,54537.79299355663,18290.113503936675
20250630,11240600,11240600010303,403,146.0,10326.24629967689,39026.76619408254,14138.729191900871
20250630,11240600,11240600010602,343,217.0,5953.678496724348,57611.441428809936,36448.054781492
20250630,11240600,11240600010001,498,199.0,71917.68354960633,6924.583432341738,2767.052415734952
20250630,11240600,11240600010601,574,198.0,8066.457980013938,71158.86569076359,24546.089558834825
20250630,11240600,11240600010304,405,147.0,12704.451344621706,31878.590347111087,11570.74760746995
20250630,11240590,11240590050120,560,192.0,16131.136040255342,34715.47190492454,11902.447510259843
20250630,11240600,11240600010301,480,176.0,13776.698023826992,34841.44017454932,12775.194730668085
20250630,11240600,11240600010302,400,143.0,8794.548612717781,45482.72090071351,16260.07272200508
20250630,11240590,11240590050119,477,157.0,9789.769571282432,48724.33375748132,16037.149685376451
20250630,11240590,11240590050116,473,160.0,9494.307144793385,49819.32781260295,16852.203911239896
20250630,11240590,11240590050113,537,175.0,17784.383986216017,30195.02955043075,9840.093428911325
20250630,11240590,11240590050112,503,176.0,11426.499433652962,44020.480893613,15402.792519435165
20250630,11240590,11240590050114,400,141.0,6908.235733295866,57901.90367594232,20410.421045769668
20250630,11240590,11240590050103,514,176.0,16931.66557308142,30357.32059444736,10394.724561522831
20250630,11240590,11240590050102,531,175.0,17735.502589080967,29939.946575120754,9867.214031348647
20250630,11240590,11240590050117,411,144.0,13547.589667575785,30337.49988632071,10629.19704046273
20250630,11240590,11240590050107,504,172.0,15727.251182463888,32046.286674811123,10936.431166800621
20250630,11240590,11240590050105,454,152.0,6035.987913464687,75215.52503232262,25182.290319191718
20250630,11240590,11240590050108,523,170.0,9857.46872136248,53056.21704551673,17245.806687835266
20250630,11240570,11240570010006,523,213.0,16806.577235229386,31118.76931750891,12673.60968380382
20250630,11240570,11240570010019,623,266.0,12016.773596096114,51844.198862363,22135.72535696398
20250630,11240570,11240570010301,310,104.0,8590.868598479943,36084.82616703636,12105.877165715423
20250630,11240570,11240570010003,385,164.0,7272.54679053536,52938.81374555703,22550.559621484037
20250630,11240580,11240580020012,495,240.0,9691.552799257219,51075.40661986982,24763.833512664154
20250630,11240580,11240580020501,399,144.0,5977.715748484877,66747.90451538806,24089.469298786666
20250630,11240570,11240570010015,396,164.0,8652.320609628456,45768.06822892395,18954.45249884729
20250630,11240570,11240570010016,392,161.0,41115.63598914006,9534.085769791804,3915.7852268787765
20250630,11240580,11240580020022,585,271.0,20013.143405052408,29230.79039409242,13541.10119110948
20250630,11240580,11240580020027,666,311.0,13150.531548624673,50644.34068976113,23649.234165939506
20250630,11240590,11240590050106,518,178.0,13647.447322662092,37955.816040399135,13042.732152878467
20250630,11240590,11240590050111,436,150.0,6457.331223726234,67520.1542082898,23229.410851475845
20250630,11240590,11240590050110,450,143.0,15034.315031662089,29931.526581178146,9511.574002463278
20250630,11240590,11240590050115,438,150.0,6339.01821109493,69095.87343247983,23662.970353588986
20250630,11240590,11240590050109,555,196.0,9910.945147860506,55998.69555526789,19776.115907806317
20250630,11240590,11240590050101,446,144.0,57775.49211237367,7719.536150943161,2492.406290887478
20250630,11240590,11240590030101,530,179.0,9689.001895674257,54701.19685254921,18474.55516340813
20250630,11240570,11240570010004,521,197.0,11284.941240842652,46167.719342160846,17456.891958552183
20250630,11240600,11240600010010,135,72.0,10732.062834243568,12579.12873648538,6708.868659458869
20250630,11240570,11240570010001,418,178.0,52122.2308681003,8019.610692753813,3415.0495294501884
20250630,11240570,11240570010007,407,191.0,15246.018848572421,26695.493691988315,12527.860676092796
20250630,11240570,11240570010013,514,207.0,14545.011289082058,35338.57690339674,14231.683694558607
20250630,11240570,11240570010014,560,255.0,39701.74552612508,14105.173275857638,6422.89140239946
20250630,11240590,11240590020001,861,2.0,402832.4698064504,2137.3649458140403,4.964843079707411
20250630,11240580,11240580020024,371,140.0,13019.383267778314,28495.97345507051,10753.197530215288
20250630,11240580,11240580020001,346,153.0,6660.650606474001,51946.877331126765,22970.728993243916
20250630,11240580,11240580020301,342,140.0,7054.994227502395,48476.297637039264,19844.098447910812
20250630,11240590,11240590010001,0,0.0,1409138.5746760445,0.0,0.0
20250630,11240520,11240520011802,464,176.0,19662.490336799332,23598.231559285286,8951.05335007373
20250630,11240520,11240520010201,390,150.0,6545.27888544534,59584.93241093797,22917.281696514605
20250630,11240520,11240520010204,601,224.0,14789.437547934773,40637.10996798015,15145.94448057829
20250630,11240520,11240520010202,421,146.0,3458.361726047453,121733.94033051572,42216.520874715665
20250630,11240520,11240520010203,451,173.0,10503.151317749343,42939.49371536257,16471.247034939523
20250630,11240520,11240520011501,474,166.0,9388.772089299997,50485.83515411974,17680.693324016618
20250630,11240520,11240520010004,331,173.0,56545.88946441785,5853.652725867643,3059.461998716321
20250630,11240520,11240520010017,582,287.0,25353.733313131317,22955.19925259165,11319.83193383815
20250630,11240520,11240520010701,377,138.0,6076.6328491941,62040.93769627677,22709.945363623858
20250630,11240510,11240510010007,424,214.0,25716.75100069719,16487.308213564975,8321.424428544586
20250630,11240510,11240510010002,564,267.0,18247.051442848457,30909.10341139241,14632.50108305279
20250630,11240510,11240510010009,490,217.0,45647.9447588957,10734.327746585144,4753.773716344849
20250630,11240510,11240510010015,544,201.0,12877.566194747778,42244.00727381816,15608.539452274725
20250630,11240510,11240510010010,507,234.0,14824.129548791569,34200.99631019007,15785.075220087725
20250630,11240510,11240510010011,539,238.0,39739.83878162739,13563.215567175166,5988.952328363061
20250630,11240510,11240510010012,499,234.0,15875.817162141133,31431.452938999522,14739.398772997773
20250630,11240510,11240510010013,553,244.0,40489.44149353527,13657.881650165378,6026.26242792107
20250630,11240510,11240510010008,570,246.0,16861.170806443155,33805.48163252021,14589.734178245564
20250630,11240510,11240510010005,493,220.0,12457.39701882885,39574.88063155172,17660.190139840524
20250630,11240510,11240510010016,570,250.0,12628.29925496755,45136.71940232024,19796.806755403613
20250630,11240510,11240510010004,409,189.0,21466.713135396356,19052.75378770502,8804.32876742359
20250630,11240510,11240510010202,596,242.0,11044.331629595954,53964.33392156335,21911.692632581093
20250630,11240510,11240510010201,536,200.0,6521.807233551713,82185.80844317589,30666.346434020856
20250630,11240690,11240690050001,519,431.0,627261.3746710658,827.4062790366492,687.1138849032674
20250630,11240690,11240690040121,424,150.0,14482.784137782372,29276.138894722462,10357.124608982003
20250630,11240690,11240690040113,472,168.0,11735.779452409108,40218.8880520508,14315.19744225537
20250630,11240690,11240690040112,404,138.0,9599.593172448871,42085.11681093866,14375.60920769687
20250630,11240690,11240690040105,410,150.0,8343.7968435711,49138.300906248114,17977.42716082248
20250630,11240690,11240690040110,557,198.0,18615.090781197716,29921.95990591683,10636.531528494672
20250630,11240690,11240690040119,411,150.0,12377.401420376118,33205.67751187234,12118.860405792824
20250630,11240690,11240690040106,416,150.0,10828.4266447595,38417.40020479581,13852.427958460028
20250630,11240690,11240690040125,426,150.0,18000.301372943064,23666.270423690614,8333.193811158666
20250630,11240690,11240690040104,469,179.0,12411.903507456645,37786.30729108077,14421.639669730186
20250630,11240690,11240690040108,495,180.0,16260.715273528203,30441.465315233723,11069.62375099408
20250630,11240690,11240690040120,441,150.0,14043.597470709112,31402.210218556793,10681.023883862854
20250630,11240690,11240690040126,400,150.0,9342.375409072622,42815.663306737784,16055.873740026667
20250630,11240690,11240690040114,499,178.0,12004.390955259254,41568.123019300925,14827.907610091312
20250630,11240690,11240690040117,498,180.0,10875.19649984677,45792.27602986454,16551.425071035377
20250630,11240690,11240690040116,539,203.0,44275.39603361075,12173.804150522546,4584.939225521479
20250630,11240690,11240690040103,599,209.0,14375.095808373755,41669.2874944925,14539.03353313678
20250630,11240690,11240690040109,450,150.0,15726.92605757422,28613.347475063398,9537.782491687798
20250630,11240660,11240660010238,488,179.0,10050.685833382138,48553.90050887543,17809.72989977193
20250630,11240660,11240660010244,647,219.0,9828.877454173808,65826.43877864741,22281.2829868992
20250630,11240690,11240690040115,469,180.0,10985.6251022728,42692.15412266065,16385.048490573383
20250630,11240690,11240690040111,507,180.0,19245.25916011495,26344.150306416126,9352.952771508684
20250630,11240690,11240690040101,439,150.0,17630.334149613533,24900.265433121305,8508.063359836437
20250630,11240690,11240690040107,654,258.0,53484.55830986627,12227.82838012812,4823.822205004672
20250630,11240650,11240650010803,420,222.0,6791.551112040873,61841.542980567996,32687.672718300226
20250630,11240650,11240650010904,404,148.0,5475.031295569979,73789.53255059732,27031.808954179218
20250630,11240650,11240650010902,588,215.0,8261.684788884759,71171.92376924053,26023.747636712098
20250630,11240650,11240650010802,497,228.0,12111.397671218,41035.72630441244,18825.24265071637
20250630,11240650,11240650010901,543,206.0,6236.8224829904375,87063.56505751338,33029.63978240839
20250630,11240650,11240650010905,504,171.0,5128.5622030862305,98273.15727918955,33342.67836258217
20250630,11240660,11240660010222,692,242.0,1020355.3269568919,678.1951166598219,237.172280681614
20250630,11240660,11240660010225,423,135.0,8621.63136225092,49062.64049424213,15658.289519438978
20250630,11240660,11240660010203,374,128.0,4941.950636627902,75678.61913230192,25900.703874156807
20250630,11240660,11240660010242,414,134.0,6566.492382564337,63047.35860187282,20406.632977417772
20250630,11240660,11240660010208,474,164.0,5801.162073035889,81707.76717361118,28270.197925046905
20250630,11240660,11240660010224,419,135.0,6046.302755568657,69298.54771398938,22327.694370855763
20250630,11240660,11240660010240,417,138.0,4756.142102786423,87676.10197258348,29015.11288301324
20250630,11240660,11240660010211,440,159.0,4846.759546148399,90782.30430260507,32805.42360025956
20250630,11240660,11240660010246,446,137.0,4466.237736096806,99860.33578001476,30674.58744812113
20250630,11240660,11240660010250,416,138.0,3205.964092267931,129758.15948884113,43044.77406120211
20250630,11240660,11240660010235,393,133.0,3596.4279815242267,109275.09240250099,36981.13814130441
20250630,11240660,11240660010239,344,131.0,4377.955116721624,78575.49719641713,29922.645734682104
20250630,11240660,11240660010252,425,137.0,5068.017716753799,83859.2174993863,27032.265405684528
20250630,11240660,11240660010210,447,203.0,6429.063126408921,69528.0153905847,31575.362694158153
20250630,11240660,11240660010216,441,135.0,4934.226686609592,89375.70728089512,27359.910392110753
20250630,11240660,11240660010251,549,239.0,6568.785930301946,83577.08803805763,36384.19679616717
20250630,11240660,11240660010226,517,170.0,4950.731990314714,104429.00181456495,34338.35649608519
20250630,11240660,11240660010229,430,137.0,4132.721937471988,104047.6486213911,33150.06479332693
20250630,11240660,11240660010247,413,137.0,4700.859039594925,87856.2825477933,29143.60946500649
20250630,11240660,11240660010220,540,193.0,9686.562794289823,55747.328693138414,19924.508218103172
20250630,11240660,11240660010234,450,135.0,5078.838084385918,88602.94274461192,26580.882823383577
20250630,11240660,11240660010215,415,132.0,6968.530610749336,59553.4443602558,18942.30037482835
20250630,11240660,11240660010228,638,211.0,7498.434812803362,85084.42307328369,28139.205749941782
20250630,11240660,11240660010248,410,141.0,5280.926604169566,77637.89022863594,26699.859810335776
20250630,11240660,11240660010227,403,135.0,6519.648830259295,61813.14523100965,20706.636739916383
20250630,11240660,11240660010236,541,199.0,6838.1394790462855,79115.08702882632,29101.48302908769
20250630,11240660,11240660010202,553,259.0,3576.417131768654,154624.02164663706,72418.84558133634
20250630,11240660,11240660010207,512,209.0,11129.801449389168,46002.617596390264,18778.412261026493
20250630,11240660,11240660010214,410,141.0,6294.758610401072,65133.55402104558,22399.588090164456
20250630,11240660,11240660010237,539,224.0,7863.40418293555,68545.37646299413,28486.39021838717
20250630,11240660,11240660010223,389,127.0,5227.69553833932,74411.37249618281,24293.687164563536
20250630,11240660,11240660010249,553,216.0,10199.282231768493,54219.50167017911,21177.960869364717
20250630,11240660,11240660010221,575,198.0,9462.201482889734,60768.099373043195,20925.36291454357
20250630,11240660,11240660010241,417,140.0,4275.865267135442,97524.12060433406,32741.910994260837
20250630,11240660,11240660010232,357,112.0,4766.184293059076,74902.6848416025,23498.88151893412
20250630,11240660,11240660010212,416,140.0,4047.696669328733,102774.49966847173,34587.5720038126
20250630,11240660,11240660010243,655,223.0,18350.676195081614,35693.50758723291,12152.14075107319
20250630,11240660,11240660010245,672,222.0,8972.687626613619,74893.94794117217,24741.750659137233
20250630,11240660,11240660010231,543,188.0,6331.97422332785,85755.24486494505,29690.582015855744
20250630,11240660,11240660010219,513,205.0,8410.285926811324,60996.73714595086,24374.91445403494
20250630,11240660,11240660010204,497,226.0,8151.180455355579,60972.763726934245,27726.04547743891
20250630,11240660,11240660010218,481,152.0,6088.608844324683,78999.98378912943,24964.651841887055
20250630,11240660,11240660010205,675,222.0,9728.915619749205,69380.80525950747,22818.57595201579
20250630,11240660,11240660010201,496,180.0,6324.642529134919,78423.4045979896,28460.106507334935
20250630,11240660,11240660010230,586,210.0,8961.617031828624,65389.984633211476,23433.27094364234
20250630,11240660,11240660010206,610,279.0,3599.6901610561554,169459.02916850624,77506.67071805449
20250630,11240660,11240660010217,581,220.0,10226.53821007464,56812.96916561949,21512.65613844456
20250630,11240630,11240630020009,482,220.0,16826.41191188561,28645.441614295167,13074.68289449157
20250630,11240630,11240630020012,432,202.0,21843.472432696144,19777.075340519845,9247.613932372706
20250630,11240630,11240630020014,443,243.0,28906.30567223292,15325.375889370081,8406.47029597501
20250630,11240650,11240650010903,369,157.0,9203.190913696966,40094.789237809135,17059.300570016356
20250630,11240650,11240650010804,443,146.0,10734.900802438966,41267.26535743586,13600.498289358095
20250630,11240650,11240650011102,348,135.0,19450.932128812557,17891.17342528328,6940.541414980583
20250630,11240650,11240650011101,354,129.0,9863.529862555642,35889.78843607196,13078.48222670419
20250630,11240650,11240650010001,503,230.0,26541.10727705905,18951.733804820222,8665.802733814415
20250630,11240620,11240620010003,378,187.0,37911.677809820976,9970.542635865077,4932.517124091983
20250630,11240620,11240620010011,399,191.0,32645.096845362514,12222.356144018639,5850.8020639287215
20250630,11240620,11240620010006,647,263.0,50949.30565658949,12698.897299227881,5161.993801695414
20250630,11240620,11240620010004,463,210.0,17091.492373287278,27089.501015349273,12286.814715385199
20250630,11240620,11240620010001,318,123.0,53980.36798747813,5891.03060716012,2278.6061782411784
20250630,11240660,11240660010213,577,263.0,22023.31733985922,26199.5044205129,11941.888496698255
20250630,11240660,11240660010209,625,231.0,13080.99502997748,47779.23992538021,17659.207076420524
20250630,11240620,11240620010005,522,251.0,21159.007742418344,24670.344013983457,11862.560052700857
20250630,11240660,11240660010101,626,201.0,9877.772268287606,63374.61352594255,20348.717761524684
20250630,11240630,11240630020026,538,299.0,41219.82023386606,13051.973466831887,7253.791945321067
20250630,11240610,11240610020011,378,197.0,9664.906266999153,39110.570714035995,20383.0223033468
20250630,11240620,11240620010002,602,268.0,28810.84148151645,20894.9120901662,9302.053887316515
20250630,11240610,11240610020018,526,278.0,18933.380577397533,27781.62081778112,14683.061953123863
20250630,11240610,11240610020016,573,372.0,11601.011191585729,49392.24611864867,32066.170255038924
20250630,11240610,11240610020010,435,251.0,22828.276351001423,19055.3151412554,10995.135863115185
20250630,11240660,11240660010233,358,118.0,3902.5519038214957,91734.84653706609,30236.625394898878
20250630,11240630,11240630020022,495,247.0,34874.93777204852,14193.573712889356,7082.4499133003455
20250630,11240630,11240630020032,385,196.0,12060.835619974308,31921.502964719133,16250.946963857012
20250630,11240640,11240640020033,500,204.0,13577.787915527202,36824.84975540185,15024.538700203953
20250630,11240630,11240630020027,419,184.0,14021.650713697376,29882.35897152181,13122.563366969007
20250630,11240640,11240640020011,421,243.0,71921.71050461402,5853.587144218316,3378.6738148338495
20250630,11240630,11240630020031,397,165.0,13748.149607431027,28876.613314232272,12001.615105411398
20250630,11240640,11240640020030,471,236.0,7640.363566725666,61646.28108160179,30888.58245277712
20250630,11240630,11240630020011,616,311.0,10752.258167297148,57290.29106402559,28924.15668979214
20250630,11240640,11240640020016,418,204.0,6626.064030206687,63084.20777318708,30787.50809983293
20250630,11240640,11240640020007,371,164.0,78447.67690866833,4729.266877232475,2090.565412038075
20250630,11240640,11240640020013,642,329.0,27305.413469505358,23511.82122610905,12048.8928090185
20250630,11240640,11240640020020,641,331.0,12150.550181088563,52754.81278186639,27241.564790636156
20250630,11240640,11240640020101,311,120.0,6806.538766751947,45691.35806867782,17630.106007206876
20250630,11240640,11240640020018,632,386.0,11371.486080222092,55577.608374265954,33944.55195010547
20250630,11240640,11240640020019,573,312.0,9683.70253577389,59171.58213846433,32219.08137382351
20250630,11240640,11240640020024,377,176.0,7130.815808776178,52869.126073346495,24681.60792814054
20250630,11240640,11240640020003,434,226.0,6727.693000536226,64509.483409158,33592.49596882421
20250630,11240640,11240640020008,515,271.0,9739.4139358463,52877.925036589935,27825.08288333179
20250630,11240640,11240640020025,613,274.0,12607.782591868856,48620.76225801533,21732.60825235922
20250630,11240640,11240640020002,614,292.0,10014.532359044677,61310.90079762563,29157.627089424568
20250630,11240630,11240630020015,402,220.0,12051.206663007719,33357.65548141961,18255.433348040584
20250630,11240630,11240630020033,429,218.0,7196.512281436262,59612.209807051324,30292.451603583188
20250630,11240640,11240640020029,353,177.0,5871.128038685429,60124.73202322432,30147.52852156007
20250630,11240630,11240630020023,597,276.0,9987.724870225024,59773.37259056372,27633.920996642522
20250630,11240630,11240630020029,631,329.0,10595.15858952364,59555.50307891803,31051.918404063443
20250630,11240630,11240630020017,471,210.0,7878.003972046264,59786.71776141039,26656.498364960047
20250630,11240640,11240640020032,374,169.0,5462.302419554046,68469.29577922092,30939.33418900624
20250630,11240630,11240630020013,614,290.0,10397.797978015293,59050.964569442316,27890.5207249809
20250630,11240640,11240640020022,511,260.0,9349.789943381405,54653.63426284569,27808.111366614245
20250630,11240640,11240640020014,540,261.0,10599.94794968562,50943.64638045375,24622.762417219314
20250630,11240630,11240630020025,574,292.0,9853.063396590087,58255.9937855112,29635.453284615454
20250630,11240630,11240630020003,526,256.0,9224.53110194767,57021.868557518355,27752.088119248478
20250630,11240630,11240630020019,470,249.0,9501.84111840472,49464.09797251051,26205.44764926621
20250630,11240630,11240630020024,454,268.0,8449.840859241354,53728.822537938446,31716.573656756616
20250630,11240640,11240640020005,389,216.0,8903.456228722755,43690.89823175376,24260.241691667896
20250630,11240630,11240630020020,606,336.0,32875.019034209654,18433.44940331131,10220.526401835976
20250630,11240640,11240640020001,532,268.0,9786.577736599897,54360.166987732955,27384.445023895547
20250630,11240630,11240630020030,587,373.0,9091.908635164262,64562.90131751799,41025.489252869185
20250630,11240640,11240640020017,603,272.0,43037.67216873687,14010.98083641306,6320.044423721977
20250630,11240640,11240640020010,430,178.0,104752.26613299381,4104.92312838436,1699.247248493991
20250630,11240710,11240710020010,364,151.0,102139.08288825586,3563.7680475184043,1478.3763054265908
20250630,11240710,11240710020203,595,224.0,11237.579969341048,52947.342899744435,19933.117326962612
20250630,11240710,11240710020015,512,252.0,20209.826436145846,25334.210643406295,12469.181801051536
20250630,11240710,11240710020202,411,148.0,9223.452095711536,44560.32250561537,16046.052873068309
20250630,11240710,11240710020005,510,260.0,8861.752534326273,57550.693051346134,29339.569006568614
20250630,11240710,11240710020013,504,268.0,12576.878561788842,40073.53633287485,21308.943923036626
20250630,11240710,11240710020201,492,181.0,15584.391674949233,31570.048434476525,11614.18448504116
20250630,11240710,11240710020002,495,228.0,107403.12841844997,4608.804299176892,2122.843192348144
20250630,11240710,11240710020016,393,211.0,12445.277818766572,31578.242424398486,16954.221759664328
20250630,11240640,11240640020027,571,292.0,9863.800132577979,57888.43978236254,29603.195125131107
20250630,11240640,11240640020026,565,310.0,24676.085165831166,22896.662748690473,12562.770711670879
20250630,11240640,11240640020004,579,345.0,9790.81462534179,59137.060822432584,35237.10878020595
20250630,11240640,11240640020031,347,188.0,6489.7487927120055,53468.94172385861,28968.763815808124
20250630,11240640,11240640020021,502,281.0,9830.781686007453,51064.09805789064,28583.68835511408
20250630,11240640,11240640020028,586,308.0,11978.357116436373,48921.56698149422,25713.042031229044
20250630,11240640,11240640020015,436,242.0,12828.648181570263,33986.43363112577,18864.029675991827
20250630,11240640,11240640020006,490,241.0,9909.468331017053,49447.657899695725,24320.174599646263
20250630,11240640,11240640020009,390,235.0,13740.371913267663,28383.511193275423,17102.884949794166
20250630,11240640,11240640020012,531,297.0,9006.017587177826,58960.57773149396,32977.95025659832
20250630,11240630,11240630020004,580,306.0,70426.6122715034,8235.523210516323,4344.948452444819
20250630,11240630,11240630010010,440,234.0,19806.318862792956,22215.132607329644,11814.411432079856
20250630,11240640,11240640010005,407,230.0,8545.665547257868,47626.483595604564,26914.229058941157
20250630,11240630,11240630010012,530,297.0,15458.689732732948,34284.92383010659,19212.495051965394
20250630,11240640,11240640010004,454,238.0,19068.10089924991,23809.3978209366,12481.57859335443
20250630,11240640,11240640010022,469,241.0,8665.591321444845,54122.09999326416,27811.1430669012
20250630,11240640,11240640010016,499,295.0,9065.690219911881,55042.69260204771,32540.269173555258
20250630,11240630,11240630010021,612,328.0,14630.42544161932,41830.635919789274,22419.03363021386
20250630,11240630,11240630010002,682,415.0,17618.55526050396,38709.18982380239,23554.712282812307
20250630,11240630,11240630010016,480,264.0,12616.667198237243,38044.91253181854,20924.701892500198
20250630,11240710,11240710020101,504,178.0,6856.722676858045,73504.50408342136,25959.924061208338
20250630,11240710,11240710020018,510,267.0,22326.704126114644,22842.601268830967,11958.7736054468
20250630,11240710,11240710020102,443,156.0,7320.678118082308,60513.51976612329,21309.50131719014
20250630,11240710,11240710020014,369,196.0,9658.210296865518,38205.836139202256,20293.61485984727
20250630,11240710,11240710020019,618,338.0,12925.907907117462,47810.95490087063,26149.033586560312
20250630,11240780,11240780010208,422,147.0,8689.843143695032,48562.44157941845,16916.30073975003
20250630,11240710,11240710020004,357,239.0,6392.573123712761,55846.0565238958,37387.13588014313
20250630,11240780,11240780010209,502,178.0,14939.06483289286,33603.17433623392,11915.06978456103
20250630,11240710,11240710020008,550,294.0,10215.157227419793,53841.559924665235,28780.76112336651
20250630,11240710,11240710020017,344,189.0,6800.053737679668,50587.83551869114,27793.89800300182
20250630,11240640,11240640020023,637,333.0,28686.62354392837,22205.47144645831,11608.197789121847
20250630,11240640,11240640010015,510,285.0,33272.16729511618,15328.126823732935,8565.71793090958
20250630,11240640,11240640010001,501,251.0,9546.40410420869,52480.49365301076,26292.62256867405
20250630,11240710,11240710020007,462,220.0,11165.606312249176,41377.0633747999,19703.36351180948
20250630,11240640,11240640010012,531,278.0,9700.437443460245,54739.79942605422,28658.5013944314
20250630,11240640,11240640010017,455,265.0,9082.032418989613,50098.918282722814,29178.49086795944
20250630,11240640,11240640010014,479,286.0,17655.01177228496,27131.106236470467,16199.3661453665
20250630,11240640,11240640010007,547,317.0,12966.579749532451,42185.37274794641,24447.464645519216
20250630,11240640,11240640010002,568,277.0,9385.267790201699,60520.382869948255,29514.34164608392
20250630,11240710,11240710010027,490,315.0,18193.57772192907,26932.580688041013,17313.801870883508
20250630,11240640,11240640010023,450,227.0,8369.021749484633,53769.725240313914,27123.839176780573
20250630,11240640,11240640010021,572,329.0,10731.524565745043,53300.90766654164,30657.34024876259
20250630,11240630,11240630010017,578,338.0,20112.895575444105,28737.78158057371,16805.138709747254
20250630,11240630,11240630010009,552,308.0,11382.38468308896,48495.98879047882,27059.356064252675
20250630,11240630,11240630010014,521,297.0,9742.627564158553,53476.33341919681,30484.589300386666
20250630,11240630,11240630010006,514,276.0,8809.632322983953,58345.22726436562,31329.34382288893
20250630,11240640,11240640010006,433,249.0,8405.999020665236,51510.8316019924,29621.702237635353
20250630,11240640,11240640010018,411,217.0,7520.527433655815,54650.422277657744,28854.359207425136
20250630,11240640,11240640010010,433,224.0,25900.011353590675,16718.139389540098,8648.644857406425
20250630,11240630,11240630010011,518,277.0,9299.458547040538,55702.16775307294,29786.680439384567
20250630,11240710,11240710020012,615,345.0,11724.81660286613,52452.846029989356,29424.76728511598
20250630,11240710,11240710020011,361,181.0,6488.721908249028,55634.993316798704,27894.55343584644
20250630,11240710,11240710020003,537,281.0,31238.83894304923,17190.139524039023,8995.212674590251
20250630,11240780,11240780010207,477,173.0,12247.99624814406,38945.14582924369,14124.759388803268
20250630,11240710,11240710020001,390,209.0,6354.820614080825,61370.73313066453,32888.41852386894
20250630,11240710,11240710020009,414,222.0,33107.01237409981,12504.90365370085,6705.528046187413
20250630,11240710,11240710020006,616,317.0,11230.854998206194,54848.89619698485,28225.81184163019
20250630,11240780,11240780010202,543,192.0,16368.13774765158,33174.20762040611,11730.106561911552
20250630,11240710,11240710010012,451,211.0,28524.29269881874,15811.084424143392,7397.203577592584
20250630,11240780,11240780010106,492,171.0,16247.842976262104,30280.94256688755,10524.473940930427
20250630,11240640,11240640010009,549,306.0,9684.356557287734,56689.362556241584,31597.349621511705
20250630,11240710,11240710010017,640,346.0,10509.503280853622,60897.264399351974,32922.58356589966
20250630,11240640,11240640010019,390,222.0,8059.807860826235,48388.250282683526,27544.080930142933
20250630,11240710,11240710010018,577,324.0,11098.432598391679,51989.32325665658,29193.31149940508
20250630,11240640,11240640010013,498,266.0,11174.317080461624,44566.48190794198,23804.586721912787
20250630,11240710,11240710010028,605,363.0,11563.075573230497,52321.71978540264,31393.03187124158
20250630,11240640,11240640010020,531,310.0,10714.322018596922,49559.83207134708,28933.235295890012
20250630,11240640,11240640010003,426,264.0,32764.322508072695,13001.947465724013,8057.544908336008
20250630,11240710,11240710010031,627,347.0,11958.043444691315,52433.32681470998,29018.12504737538
20250630,11240710,11240710010025,434,265.0,14566.477854169714,29794.436537434183,18192.45548944714
20250630,11240630,11240630010003,485,258.0,13807.123284325506,35126.79578595454,18686.00683046654
20250630,11240640,11240640010011,518,285.0,11115.854160166158,46600.10760632875,25639.055343250373
20250630,11240630,11240630010007,481,275.0,16124.68785416422,29830.034810613786,17054.593706691874
20250630,11240630,11240630010013,478,321.0,12876.35044719924,37122.31986540648,24929.424010032388
20250630,11240630,11240630010022,420,224.0,11887.519218199588,35331.17316496004,18843.292354645353
20250630,11240640,11240640010008,404,225.0,25629.045750043588,15763.364892323892,8779.101734586327
20250630,11240630,11240630010301,318,250.0,3645.1736019257146,87238.643402883,68583.8391532099
20250630,11240630,11240630010001,374,175.0,18185.544216585535,20565.785414269067,9623.02793448419
20250630,11240800,11240800040106,553,182.0,11487.39436245784,48139.724514661844,15843.45363773681
20250630,11240800,11240800040108,503,173.0,12325.39036106797,40810.06647779844,14036.066601708013
20250630,11240780,11240780010203,540,200.0,9568.442904072688,56435.51468234771,20902.0424749436
20250630,11240710,11240710010015,454,254.0,14211.433110369555,31946.10961991814,17872.933575901337
20250630,11240780,11240780010201,473,168.0,19111.256353776233,24749.81190373384,8790.630866442463
20250630,11240780,11240780010101,471,171.0,21936.27053526703,21471.288806489298,7795.308674967453
20250630,11240710,11240710010008,466,241.0,23895.67692996335,19501.4354004624,10085.506290797079
20250630,11240710,11240710010030,413,237.0,19947.73971190925,20704.100111825188,11881.045342621233
20250630,11240780,11240780010103,577,206.0,26821.03274341128,21512.967286531606,7680.539447184595
20250630,11240780,11240780010001,0,0.0,433188.0086103997,0.0,0.0
20250630,11240780,11240780010105,459,171.0,19499.05306525973,23539.604639456684,8769.656630385824
20250630,11240710,11240710010013,484,280.0,9250.625569547688,52320.78591455359,30268.223256353318
20250630,11240710,11240710010029,370,198.0,6907.5376006628785,53564.6740402098,28664.339080977137
20250630,11240710,11240710010024,339,201.0,6434.112004994894,52687.92332754379,31239.74214995959
20250630,11240710,11240710010021,567,351.0,20025.87095857313,28313.37529203771,17527.327561737628
20250630,11240800,11240800040103,589,197.0,20285.940525604226,29034.887451069088,9711.159300272684
20250630,11240800,11240800040111,419,155.0,4879.353598502085,85872.03028873107,31766.502851439895
20250630,11240710,11240710010020,555,290.0,11929.728248215475,46522.43441362719,24309.01978369709
20250630,11240800,11240800030106,587,195.0,11655.76189497697,50361.35820970799,16729.92308499669
20250630,11240800,11240800030117,557,181.0,7497.784589746706,74288.61063329333,24140.464137569288
20250630,11240800,11240800040102,522,185.0,6695.056955486255,77967.97002186035,27632.326540314494
20250630,11240800,11240800030121,572,185.0,7661.381990544558,74660.15931668004,24147.07949927589
20250630,11240780,11240780010210,466,163.0,19345.645256751654,24088.10839934974,8425.668817798301
20250630,11240710,11240710010026,501,270.0,9353.518771471727,53562.72994587365,28866.14188699778
20250630,11240780,11240780010204,565,227.0,11114.231354027006,50835.724217247305,20424.264420026793
20250630,11240710,11240710010010,543,287.0,11557.527959443822,46982.365251931486,24832.299866122168
20250630,11240710,11240710010001,444,246.0,13495.86944688203,32898.95488004872,18227.7993254324
20250630,11240780,11240780010107,609,230.0,20117.11390871322,30272.73210081228,11433.051532326477
20250630,11240710,11240710010002,535,309.0,8884.995701033324,60213.87269076333,34777.732077468914
20250630,11240780,11240780010205,532,189.0,10511.627829982292,50610.61983973382,17980.088627273857
20250630,11240780,11240780010206,440,158.0,11355.8213475321,38746.64689891611,13913.568659156239
20250630,11240780,11240780010104,528,214.0,30046.647791794418,17572.67578262737,7122.258745231549
20250630,11240800,11240800040104,532,185.0,11458.892293785046,46426.826115517346,16144.66697626073
20250630,11240800,11240800040112,435,163.0,12135.678768935024,35844.71938343617,13431.469562069184
20250630,11240800,11240800040001,0,0.0,19975.127514810065,0.0,0.0
20250630,11240800,11240800040002,0,0.0,194360.9753930042,0.0,0.0
20250630,11240800,11240800040113,472,160.0,5567.877816579626,84771.97516700391,28736.262768475903
20250630,11240800,11240800040110,424,141.0,8520.455303578541,49762.59893317233,16548.41143768231
20250630,11240800,11240800040105,605,211.0,8326.617422979238,72658.55620198927,25340.422080363198
20250630,11240800,11240800040101,511,177.0,11969.376121955776,42692.28360721807,14787.738157490408
20250630,11240800,11240800040107,597,193.0,13551.725647589341,44053.43020696392,14241.728693373598
20250630,11240800,11240800040109,484,163.0,9697.481690785447,49909.86479096909,16808.487522578434
20250630,11240710,11240710010014,421,250.0,25554.236564324663,16474.76335050223,9783.11362856427
20250630,11240800,11240800040114,600,208.0,8465.708610457843,70874.16158628577,24569.709349912402
20250630,11240800,11240800030120,542,180.0,7793.717323528679,69543.1945374437,23095.525861143666
20250630,11240800,11240800030108,596,197.0,10011.003343740222,59534.49215184538,19678.347238109964
20250630,11240800,11240800030102,563,186.0,8927.653900032026,63062.480502070124,20834.140982921923
20250630,11240800,11240800030107,644,204.0,8173.022809221999,78795.81582390117,24960.165260987327
20250630,11240800,11240800030101,406,132.0,4762.6441569659755,85246.76348246029,27715.696501686594
20250630,11240800,11240800030109,504,178.0,9204.56190060608,54755.457722199004,19338.237052681394
20250630,11240800,11240800040115,483,167.0,8965.22957339068,53874.8055525061,18627.520760390307
20250630,11240800,11240800030001,0,0.0,25971.852102844132,0.0,0.0
20250630,11240710,11240710010003,408,257.0,20506.692870692124,19895.943367012034,12532.493738534542
20250630,11240780,11240780010102,445,176.0,21442.510683229822,20753.166761765184,8207.994045102634
20250630,11240710,11240710010005,486,268.0,11894.82473739433,40858.10516166233,22530.806961575112
20250630,11240710,11240710010016,515,274.0,11449.6276442286,44979.62868334809,23930.909241237627
20250630,11240710,11240710010004,457,251.0,14382.727845957299,31774.222866106287,17451.487832369097
20250630,11240710,11240710010011,431,246.0,9891.998352895213,43570.569325241944,24868.58481208705
20250630,11240710,11240710010019,491,300.0,9934.418845196315,49424.12914645913,30198.0422483457
20250630,11240710,11240710010022,496,267.0,15870.569291304648,31252.817141963158,16823.593098597103
20250630,11240710,11240710010401,335,299.0,2251.474808743898,148791.36053354162,132801.84119262372
20250630,11240710,11240710010023,423,257.0,24485.001708498552,17275.881988326757,10496.221444444389
20250630,11240800,11240800030105,588,199.0,9847.924970247053,59708.00973570465,20207.302614634737
20250630,11240800,11240800030119,419,148.0,5555.278697143116,75423.75870637722,26641.327657622503
20250630,11240800,11240800030116,466,156.0,4557.5498133533765,102247.92247681967,34228.91825404264
20250630,11240800,11240800030112,624,197.0,9440.728227944359,66096.59603937893,20867.034326534696
20250630,11240800,11240800030113,418,158.0,3362.1460495905003,124325.35464987048,46993.7943413386
20250630,11240800,11240800030114,460,150.0,5369.070460718266,85675.91045144561,27937.796886340962
20250630,11240800,11240800030103,475,153.0,11504.559003493312,41287.979822239875,13299.075605900423
20250630,11240800,11240800030110,379,150.0,18602.237102110885,20373.893630083505,8063.546291589777
20250630,11240800,11240800030122,498,155.0,5906.1578758355945,84318.77549997657,26243.795587342105
20250630,11240800,11240800030118,400,147.0,8616.66969467214,46421.64712978705,17059.955320196743
20250630,11240630,11240630020006,603,279.0,13231.882501758662,45571.74687122975,21085.435119524212
20250630,11240630,11240630020028,484,203.0,10064.89850867956,48087.91659276227,20169.10551308004
20250630,11240630,11240630020001,497,230.0,9122.082998599777,54483.17013518607,25213.539499180675
20250630,11240630,11240630020016,596,302.0,9956.067101422783,59862.995490943205,30333.26281588062
20250630,11240630,11240630020002,554,280.0,10740.842162320958,51578.823301532226,26068.719358175134
20250630,11240630,11240630020010,575,295.0,26273.744308005804,21884.965966757667,11227.939061206109
20250630,11240630,11240630020007,471,262.0,37818.822890231764,12454.115808074363,6927.767179863022
20250630,11240630,11240630020018,540,292.0,15880.53927695904,34003.88302829754,18387.284896783112
20250630,11240630,11240630020008,604,302.0,14173.393545613751,42615.05884643415,21307.529423217075
20250630,11240630,11240630020021,651,303.0,16602.45955127972,39211.05773450421,18250.307977810717
20250630,11240620,11240620010012,515,236.0,11670.451522622881,44128.54112813761,20222.011080078595
20250630,11240620,11240620010013,366,205.0,47575.39034217435,7693.053012652856,4308.950457906654
20250630,11240620,11240620010010,446,161.0,8649.341273006627,51564.62046328349,18614.134292799645
20250630,11240620,11240620010101,321,106.0,3995.4690894448568,80341.00447629811,26530.05132239128
20250630,11240620,11240620010008,491,245.0,9352.151385350402,52501.288716211624,26197.180723975252
20250630,11240620,11240620010014,358,155.0,21582.012922074544,16587.88738995842,7181.906551518311
20250630,11240620,11240620010304,466,166.0,13457.9722831937,34626.3159259096,12334.696231118012
20250630,11240620,11240620010302,613,215.0,14603.51637348448,41976.19150912314,14722.481524406974
20250630,11240620,11240620010007,0,0.0,1853.847007650169,0.0,0.0
20250630,11240620,11240620010303,600,216.0,14948.811596637972,40136.96982674807,14449.309137629307
20250630,11240630,11240630020101,548,203.0,6693.805421149293,81866.73581346964,30326.546295865577
20250630,11240630,11240630020102,530,189.0,7180.785933691085,73808.07684480968,26320.23872390383
20250630,11240630,11240630020005,620,328.0,29010.046029643105,21371.906799681405,11306.42811337984
20250630,11240630,11240630010015,625,314.0,13451.731019283725,46462.42175851059,23342.72069147572
20250630,11240610,11240610020008,547,336.0,26157.698660891612,20911.62556352176,12845.166708123057
20250630,11240630,11240630010005,410,227.0,30859.55559528519,13285.998197026564,7355.906318841536
20250630,11240630,11240630010004,401,253.0,8939.748271974993,44855.849158201185,28300.57315966309
20250630,11240630,11240630010023,446,231.0,9399.201723687689,47450.83817873589,24576.55520019729
20250630,11240630,11240630010019,503,282.0,9405.44636959039,53479.65213286371,29982.62803472677
20250630,11240630,11240630010020,384,232.0,8647.31146591252,44406.8658234086,26829.148101642695
20250630,11240610,11240610020003,502,260.0,11327.20864603685,44318.067732921925,22953.580897529282
20250630,11240610,11240610020005,425,199.0,18031.133644194902,23570.34274086411,11036.466365722255
20250630,11240610,11240610020009,421,220.0,9942.144566981244,42344.988766123846,22128.02263312885
20250630,11240610,11240610020017,378,183.0,7640.791859698084,49471.312259373095,23950.397204934594
20250630,11240610,11240610020019,569,316.0,10617.89299837426,53588.78640867086,29761.083488822478
20250630,11240610,11240610020103,529,214.0,16022.113602182495,33016.86738308614,13356.539924348646
20250630,11240610,11240610020022,589,307.0,10334.348428475343,56994.40115421934,29706.759175458978
20250630,11240610,11240610020014,678,353.0,18246.816261931748,37157.16705135615,19345.840662431743
20250630,11240610,11240610020013,579,260.0,22640.63881582379,25573.483359282716,11483.774910904156
20250630,11240610,11240610020002,394,189.0,6510.300525355351,60519.47962548078,29030.91789141083
20250630,11240610,11240610010018,429,223.0,36883.58512325126,11631.190367379992,6046.0500044888995
20250630,11240630,11240630010018,376,201.0,15971.05845304652,23542.584926691383,12585.264814534488
20250630,11240610,11240610010009,548,306.0,11485.894240768264,47710.69526784582,26641.373634965003
20250630,11240610,11240610010004,540,270.0,12084.524349184017,44685.25068894932,22342.62534447466
20250630,11240610,11240610010013,517,280.0,18326.035448769257,28211.229943611226,15278.809253793313
20250630,11240630,11240630010008,437,268.0,25703.020652202857,17001.8927313334,10426.790050337187
20250630,11240610,11240610010017,455,239.0,10652.89514319972,42711.39384024159,22435.215665533495
20250630,11240610,11240610010008,532,303.0,9645.45394730396,55155.51708675167,31413.76255128902
20250630,11240610,11240610010001,583,335.0,13867.446510291284,42040.90490396665,24157.2952707184
20250630,11240610,11240610010011,476,262.0,23645.468196359358,20130.707332464182,11080.347313247094
20250630,11240620,11240620010301,432,142.0,14259.679310139418,30295.211456321053,9958.148210179605
20250630,11240610,11240610020101,476,168.0,19616.87811505399,24264.819162775835,8564.053822156176
20250630,11240620,11240620010009,642,283.0,28707.848848624253,22363.22210644376,9857.93124006789
20250630,11240610,11240610020020,493,255.0,11480.107480658631,42943.848812442986,22212.335592642925
20250630,11240610,11240610020021,436,244.0,20359.69911942834,21414.85477965364,11984.460014301578
20250630,11240610,11240610020012,581,269.0,14578.521686092341,39853.14920882986,18451.802301506425
20250630,11240580,11240580020013,560,222.0,23035.968460257838,24309.80928655656,9637.102967170636
20250630,11240580,11240580020016,469,251.0,15695.904565618659,29880.405938968845,15991.432602731727
20250630,11240580,11240580020021,410,200.0,9451.011075286875,43381.601897821805,21161.75702332771
20250630,11240580,11240580020017,391,198.0,6828.763778338796,57257.801366665066,28994.999157543945
20250630,11240610,11240610020102,563,191.0,13516.371953035685,41653.18932892743,14131.010944627245
20250630,11240610,11240610020001,502,244.0,24877.652430529844,20178.752854668306,9807.999395496148
20250630,11240610,11240610020007,579,271.0,12416.535800074324,46631.363958740745,21825.7333900151
20250630,11240610,11240610020015,589,319.0,13327.025871264772,44195.907300666346,23936.323308849856
20250630,11240610,11240610020006,524,282.0,10699.746607806455,48973.12237447693,26355.76433130247
20250630,11240610,11240610020004,419,242.0,33139.992043747254,12643.334357077962,7302.355404326651
20250630,11240610,11240610010006,433,218.0,9355.387879474907,46283.489854009465,23302.08034220338
20250630,11240610,11240610010005,433,209.0,9696.605447141841,44654.80238010824,21553.93463612615
20250630,11240610,11240610010002,389,213.0,8978.396643333896,43326.221312445254,23723.61218393532
20250630,11240610,11240610010014,414,239.0,33199.00446348703,12470.253451585453,7199.011050552955
20250630,11240580,11240580020020,575,285.0,12175.624282679952,47225.50455322016,23407.423995943904
20250630,11240580,11240580020019,413,198.0,9627.46863688193,42898.08833215366,20566.153728248002
20250630,11240580,11240580020011,579,304.0,14109.358321852913,41036.59335826994,21545.983386725497
20250630,11240580,11240580020004,574,311.0,12004.724739879863,47814.50740750132,25906.466557025975
20250630,11240580,11240580020009,370,174.0,7752.241100415332,47728.13373673028,22445.12235186775
20250630,11240580,11240580020007,459,238.0,9405.864867002027,48799.34025102564,25303.361611642926
20250630,11240580,11240580020025,591,276.0,11886.611597973,49719.80409461532,23219.400896977713
20250630,11240580,11240580020014,557,272.0,11831.893449323257,47076.15077719099,22988.71276731768
20250630,11240580,11240580020023,541,240.0,11128.963991437771,48611.892393238595,21565.34967537387
20250630,11240580,11240580020010,628,334.0,11857.98252185074,52960.105046771874,28166.680072646188
20250630,11240610,11240610010012,418,253.0,11086.08253108076,37704.93308417126,22821.406866735237
20250630,11240580,11240580020008,375,191.0,26767.59723398974,14009.475588037523,7135.492899507111
20250630,11240580,11240580010007,343,189.0,21189.800746363184,16187.032813834705,8919.385428031368
20250630,11240580,11240580010018,555,296.0,12869.530112709463,43125.11763361919,23000.062737930235
20250630,11240580,11240580010002,434,262.0,22677.189380700253,19138.174167622463,11553.459981375772
20250630,11240580,11240580010017,351,194.0,6374.906719490251,55059.62917494526,30431.81783458513
20250630,11240580,11240580010016,642,324.0,13880.657650735498,46251.41085919529,23341.833517724725
20250630,11240580,11240580010010,552,307.0,13286.883801598664,41544.72999407009,23105.492949600575
20250630,11240580,11240580010012,667,357.0,13898.490619663049,47990.822762894415,25686.24246829581
20250630,11240580,11240580010004,373,188.0,43581.45518676841,8558.68622104305,4313.761419721431
20250630,11240610,11240610010015,553,334.0,15446.498875348394,35800.993122302425,21623.02297079387
20250630,11240610,11240610010010,425,223.0,14153.753230044369,30027.37105079991,15755.53822194913
20250630,11240610,11240610010003,517,266.0,12344.080725445636,41882.42215025985,21548.789733015707
20250630,11240610,11240610010016,485,254.0,11242.125392812197,43141.308520726096,22593.592503637996
20250630,11240610,11240610010701,589,227.0,8015.423177322133,73483.33169313446,28320.401178848086
20250630,11240610,11240610010007,576,316.0,15361.322150472774,37496.77237139855,20571.14595375337
20250630,11240610,11240610010501,375,143.0,6943.6355644002015,54006.29058394324,20594.39880934369
20250630,11240770,11240770010002,637,236.0,467226.1394470813,1363.3655016687,505.1087258929564
20250630,11240580,11240580010005,507,343.0,63934.49293614453,7929.991726162172,5364.866197383876
20250630,11240770,11240770010102,351,131.0,10372.96974750255,33837.94694711306,12628.977350631938
20250630,11240710,11240710010007,380,244.0,26308.947691380217,14443.755199091525,9274.411233100875
20250630,11240710,11240710010009,551,449.0,35352.00059650224,15586.105190734705,12700.837079201237
20250630,11240710,11240710010501,419,329.0,4246.741080288564,98663.89122350948,77471.1699583165
20250630,11240710,11240710010006,422,260.0,61039.83568575057,6913.5179552672635,4259.513432155186
20250630,11240790,11240790020107,537,177.0,15472.818649093457,34706.023005799434,11439.41540414618
20250630,11240790,11240790020110,530,174.0,31516.51665924647,16816.57924732954,5520.914696293095
20250630,11240790,11240790020117,515,169.0,7735.488955099093,66576.26983754161,21847.35845154278
20250630,11240790,11240790020114,584,204.0,9092.138080409768,64231.316642485486,22436.966772375068
20250630,11240790,11240790020118,575,185.0,7367.7549214068895,78042.76962706061,25109.412836532545
20250630,11240790,11240790020127,612,208.0,6951.868209322487,88033.88982249479,29920.014841632215
20250630,11240800,11240800030115,513,164.0,12235.416223487682,41927.466187478036,13403.712387419879
20250630,11240800,11240800030104,379,116.0,4318.260475214278,87766.82235251072,26862.6685828265
20250630,11240800,11240800030111,482,150.0,21718.22047503745,22193.346851506667,6906.643211049793
20250630,11240800,11240800020102,1090,517.0,13860.979616587425,78638.02055488183,37298.951033829275
20250630,11240790,11240790010113,586,389.0,10180.82807567967,57559.16862989347,38209.07269117502
20250630,11240790,11240790010127,518,176.0,27895.245262643737,18569.47286617645,6309.318966114006
20250630,11240790,11240790010103,611,192.0,9804.08621541233,62320.95338365027,19583.67111237455
20250630,11240790,11240790010120,507,157.0,4024.357763487966,125982.83497553063,39012.436077235325
20250630,11240790,11240790010132,635,292.0,8274.615629661526,76740.72469587022,35288.648206604885
20250630,11240790,11240790010111,408,128.0,7020.086515587506,58118.94185264963,18233.393522399885
20250630,11240800,11240800020101,903,336.0,14169.220738650116,63729.68680887582,23713.37183586077
20250630,11240800,11240800020103,469,184.0,163311.5659163961,2871.8112974318956,1126.6807648773322
20250630,11240800,11240800010105,378,146.0,12844.959053463837,29427.886724019303,11366.326618272005
20250630,11240800,11240800010109,430,160.0,50237.59034712073,8559.32772708404,3184.866131008015
20250630,11240800,11240800010111,392,145.0,17523.585661050947,22369.850987248832,8274.562227426226
20250630,11240800,11240800010121,340,117.0,11893.237341875229,28587.67467818746,9837.523345140979
20250630,11240800,11240800010116,415,149.0,15861.750286370574,26163.569121157736,9393.66698566868
20250630,11240770,11240770010101,1089,376.0,35094.86745156955,31030.178458511215,10713.81735573941
20250630,11240800,11240800010102,414,144.0,18019.81767527318,22974.705263976746,7991.201830948434
20250630,11240800,11240800010113,407,146.0,14465.530503931714,28135.85024685945,10092.95856521248
20250630,11240790,11240790010106,574,295.0,14562.994623770854,39414.9702605172,20256.82269486511
20250630,11240790,11240790010112,637,210.0,5432.562100009052,117255.90766812193,38655.79373674349
20250630,11240790,11240790010101,412,131.0,9835.370167471523,41889.628248320114,13319.275001286249
20250630,11240800,11240800010103,404,145.0,11861.271906384714,34060.42818920068,12224.658632262619
20250630,11240790,11240790010126,471,139.0,8481.303369550513,55533.91730933471,16388.99045859347
20250630,11240790,11240790010119,597,187.0,9714.912073311914,61451.92004774125,19248.75887592565
20250630,11240790,11240790010123,353,113.0,4601.687618242111,76710.98720404871,24556.208368434858
20250630,11240800,11240800010120,585,203.0,16224.521886971319,36056.532455959095,12511.924937708882
20250630,11240790,11240790010104,627,206.0,9882.314100694864,63446.67793507121,20845.32002332483
20250630,11240790,11240790010125,586,190.0,9578.750351601904,61177.08244708561,19835.57280707554
20250630,11240790,11240790020132,550,183.0,7909.208757462922,69539.19372541968,23137.586275912367
20250630,11240790,11240790020115,591,202.0,7884.560374369742,74956.62052651122,25619.690941379467
20250630,11240790,11240790010131,571,185.0,7490.415619317586,76230.74993694689,24698.228963809408
20250630,11240790,11240790020104,568,189.0,7681.9169276033645,73939.87794361725,24603.234034055742
20250630,11240790,11240790020106,472,154.0,5654.93645291726,83466.89727282528,27232.843601726898
20250630,11240790,11240790020129,434,158.0,5428.683285656158,79945.72111928667,29104.663448956897
20250630,11240790,11240790020102,523,171.0,6332.273545332404,82592.76802492364,27004.518799736026
20250630,11240790,11240790020128,458,154.0,4631.588575565044,98886.15807031715,33249.93087953895
20250630,11240790,11240790010130,431,134.0,5550.134101581411,77655.7813039498,24143.560776634044
20250630,11240790,11240790010124,457,136.0,8507.746661840409,53715.75085207592,15985.431325781892
20250630,11240790,11240790020103,609,206.0,7886.630592280343,77219.2881198349,26120.153288482743
20250630,11240790,11240790020105,425,148.0,7762.523054032235,54750.23997245768,19065.96591982056
20250630,11240790,11240790020113,540,173.0,4938.490094906426,109345.16210875014,35030.95008298847
20250630,11240790,11240790020120,659,208.0,11937.34905633462,55204.88651961618,17424.304091168688
20250630,11240790,11240790020121,640,206.0,15480.790501495192,41341.55810313346,13306.814014446081
20250630,11240790,11240790020123,584,197.0,5477.589249952165,106616.24545964265,35964.72663621508
20250630,11240790,11240790020002,0,0.0,29584.06386481728,0.0,0.0
20250630,11240790,11240790020130,471,154.0,4861.4777799919075,96884.12069648172,31677.61058865857
20250630,11240790,11240790010114,603,187.0,4992.082698329215,120791.2681818785,37459.315339985544
20250630,11240790,11240790010105,659,202.0,9022.869804787146,73036.62961537614,22387.555663590258
20250630,11240790,11240790020116,557,172.0,3017.1837370498956,184609.2411145688,57006.80336033364
20250630,11240790,11240790010129,497,152.0,6857.106570808045,72479.55021084545,22166.783967904445
20250630,11240790,11240790020125,473,148.0,6189.121122750791,76424.42127385162,23912.92674107831
20250630,11240790,11240790020122,482,155.0,10512.634945994165,45849.589800858244,14744.162695296738
20250630,11240790,11240790020108,585,199.0,10318.919408781805,56691.982641335686,19284.96503525778
20250630,11240790,11240790020112,450,147.0,8956.21549624323,50244.43641276349,16413.18256150274
20250630,11240790,11240790020124,524,165.0,3319.542020830731,157853.1004312657,49705.65185335656
20250630,11240790,11240790010107,493,157.0,6889.058561666857,71562.75354418167,22789.76127066232
20250630,11240790,11240790020126,595,191.0,9276.484367131581,64140.67834881527,20589.696747266753
20250630,11240790,11240790010117,489,156.0,4936.721856324356,99053.58540172764,31599.916815275075
20250630,11240800,11240800010117,557,204.0,14630.020556657824,38072.400366281145,13943.931193395607
20250630,11240790,11240790010121,352,109.0,10201.052075615833,34506.24478639865,10685.172391242764
20250630,11240800,11240800010118,531,199.0,13109.38435001027,40505.33463835653,15179.965335278623
20250630,11240790,11240790010118,339,101.0,1578.826851183434,214716.38878316348,63971.54946047053
20250630,11240790,11240790010108,527,161.0,4091.1690213410175,128814.03756505226,39353.05511949414
20250630,11240790,11240790010110,370,113.0,6847.794458877426,54031.99558951933,16501.663517880228
20250630,11240800,11240800010108,400,145.0,11747.547220741275,34049.660961887144,12343.00209868409
20250630,11240790,11240790010102,350,105.0,5921.4648709076255,59106.995925883624,17732.098777765088
20250630,11240790,11240790010116,432,126.0,7731.977999651339,55871.860993329305,16295.959456387714
20250630,11240790,11240790010115,505,155.0,8626.860417557742,58538.09793562942,17967.138970341704
20250630,11240800,11240800010112,509,176.0,16200.27794025592,31419.214033062395,10864.01113913356
20250630,11240800,11240800010106,390,144.0,14056.984747992505,27744.214494911248,10244.017659659537
20250630,11240800,11240800010124,407,148.0,11422.207054886769,35632.34303530446,12957.21564920162
20250630,11240800,11240800010123,580,202.0,10185.787937709729,56942.08475053063,19831.55365449515
20250630,11240800,11240800010110,406,145.0,17393.71956453146,23341.758414220847,8336.34229079316
20250630,11240770,11240770010619,452,166.0,9765.14097505301,46287.094180690656,16999.242553085507
20250630,11240800,11240800010104,623,234.0,35277.19095411155,17660.136284955235,6633.181204943057
20250630,11240800,11240800010119,426,148.0,11336.862864578783,37576.532863514345,13054.75789624442
20250630,11240770,11240770010801,651,224.0,14333.733353667783,45417.337126159044,15627.470839108488
20250630,11240770,11240770010604,476,167.0,8363.02370674586,56917.21280379062,19968.85407191814
20250630,11240790,11240790020119,439,149.0,9183.841374441534,47801.348270423005,16224.147818435142
20250630,11240790,11240790020111,578,192.0,9123.061449199513,63355.92533476968,21045.56689321069
20250630,11240790,11240790020109,624,204.0,9835.869349380608,63441.26562023671,20740.413760462
20250630,11240790,11240790010109,475,153.0,8179.006510662145,58075.513129961495,18706.42843975602
20250630,11240790,11240790020131,505,162.0,7624.408334670377,66234.64770421854,21247.550352640403
20250630,11240790,11240790020101,380,122.0,5385.471275195808,70560.21294741449,22653.542051538334
20250630,11240790,11240790020001,0,0.0,1563038.5645427976,0.0,0.0
20250630,11240800,11240800010114,403,147.0,12987.842042178823,31029.019192813746,11318.277472316677
20250630,11240770,11240770010605,555,192.0,8640.227044381078,64234.423140642844,22221.63827568185
20250630,11240800,11240800010115,391,147.0,22127.03973108069,17670.687301690105,6643.455328256894
20250630,11240770,11240770010608,489,166.0,16577.451160550558,29497.90020577323,10013.602114843265
20250630,11240770,11240770010607,536,181.0,10530.603400182907,50899.267556756546,17187.998932412193
20250630,11240770,11240770010614,608,207.0,16883.038250493613,36012.475419359056,12260.826335209415
20250630,11240770,11240770010613,484,159.0,11194.582255455252,43235.199756037444,14203.299093408994
20250630,11240770,11240770010602,575,193.0,7888.36542468662,72892.16067507963,24466.41219180934
20250630,11240770,11240770010610,539,166.0,18062.935080677802,29840.11167579163,9190.090052284622
20250630,11240770,11240770010603,403,137.0,9491.882574792362,42457.33096933258,14433.385466001399
20250630,11240790,11240790010122,363,104.0,7228.879022217546,50215.25452069958,14386.739587197677
20250630,11240800,11240800010122,384,149.0,11255.155777458549,34117.697488386824,13238.377410858431
20250630,11240790,11240790010128,503,161.0,13352.985718956703,37669.47786710435,12057.228502194435
20250630,11240800,11240800010101,412,147.0,8982.9063732607,45864.888587327936,16364.414131886424
20250630,11240800,11240800010107,384,144.0,9500.1161818232,40420.55830166755,15157.709363125332
20250630,11240790,11240790010001,0,0.0,552182.858643437,0.0,0.0
20250630,11240800,11240800010001,0,0.0,370792.8655741923,0.0,0.0
20250630,11240770,11240770010601,552,190.0,20835.630211071744,26493.079134543066,9118.994629643446
20250630,11240770,11240770010612,640,222.0,16492.552039881168,38805.3952143001,13460.621464960346
20250630,11240770,11240770010606,531,165.0,17874.863039435804,29706.521321506043,9230.83995866007
20250630,11240770,11240770010609,371,125.0,6911.399900800074,53679.42896157007,18086.060970879404
20250630,11240770,11240770010617,393,139.0,13246.079791982047,29669.15541592056,10493.670745071138
20250630,11240770,11240770010616,433,152.0,13715.603598619524,31569.882935635545,11082.268374634188
20250630,11240770,11240770010001,0,0.0,680662.9510418643,0.0,0.0
20250630,11240580,11240580010011,381,218.0,11114.046299528225,34280.944107293566,19614.818413097106
20250630,11240580,11240580010013,460,274.0,15111.756526552697,30439.876343411117,18131.578517597056
20250630,11240580,11240580010015,361,232.0,10823.275982972296,33354.041841670005,21435.28450766604
20250630,11240580,11240580010003,528,457.0,10095.258250782743,52301.78236986272,45268.77754361224
20250630,11240580,11240580010014,333,185.0,11766.229584436303,28301.334561793134,15722.96364544063
20250630,11240580,11240580010701,478,392.0,6343.615831125992,75351.34735849143,61794.410386043186
20250630,11240580,11240580010601,667,559.0,6452.323215709999,103373.61872635278,86635.46157126117
20250630,11240580,11240580010009,417,339.0,7342.4598010201025,56792.95648878668,46169.81354843809
20250630,11240580,11240580010501,599,448.0,6155.526469581032,97310.92912362542,72780.12729112552
20250630,11240580,11240580010008,584,479.0,6840.679289900406,85371.63858305986,70022.28575562616
20250630,11240580,11240580020015,597,283.0,9929.783569118306,60122.156323394,28500.117654138194
20250630,11240580,11240580020002,513,258.0,10485.763389619064,48923.476616673564,24604.789409555127
20250630,11240580,11240580020005,589,337.0,41581.60890923389,14164.916063870793,8104.5445051349025
20250630,11240580,11240580020003,498,206.0,15381.43946476245,32376.68367390939,13392.764732580992
20250630,11240580,11240580020006,544,237.0,12778.18880778216,42572.54358839131,18547.229467736655
20250630,11240580,11240580020018,467,202.0,18380.10356442583,25407.909066620563,10990.144821107824
20250630,11240580,11240580010901,463,348.0,8725.339902550206,53063.835354388466,39883.83305254252
20250630,11240580,11240580010801,550,450.0,6472.3454227019165,84976.92321408882,69526.57353879994
20250630,11240580,11240580010001,669,559.0,20399.97666514009,32794.15515916748,27401.992128512138
20250630,11240750,11240750010126,504,187.0,15430.736413331348,32662.08342231615,12118.66984121651
20250630,11240580,11240580010019,423,350.0,19149.18906542152,22089.708266749978,18277.53639092788
20250630,11240770,11240770010901,939,467.0,13867.668257577463,67711.45534772357,33675.45223363888
20250630,11240770,11240770010701,898,326.0,11927.879977897574,75285.80113683226,27330.925579740888
20250630,11240770,11240770011001,698,251.0,14275.461788163686,48895.09077588913,17582.618602791077
20250630,11240770,11240770011101,343,114.0,14122.02838100457,24288.295614910858,8072.494752477662
20250630,11240750,11240750010127,454,229.0,11541.704231097287,39335.612047375915,19841.090658257894
20250630,11240750,11240750010128,405,140.0,7757.758361660717,52205.802387650154,18046.450208076596
20250630,11240750,11240750010102,469,236.0,12150.034483906045,38600.71348943397,19423.81318444865
20250630,11240770,11240770010611,624,209.0,17164.281815115104,36354.56506257646,12176.448875125769
20250630,11240750,11240750010132,604,219.0,14524.23388545015,41585.670181548456,15078.247963177339
20250630,11240580,11240580010006,536,375.0,26379.046412739815,20319.15754699676,14215.828507693628
20250630,11240750,11240750010002,34,19.0,260222.7233515006,130.6573060265528,73.01437689719127
20250630,11240750,11240750010122,457,149.0,6412.433412855499,71267.79657217444,23236.10872922099
20250630,11240750,11240750010130,566,192.0,16799.702551131264,33691.07270068222,11428.773778323297
20250630,11240750,11240750010101,435,144.0,3783.4639293030355,114974.00480837486,38060.360212427535
20250630,11240750,11240750010131,618,206.0,9796.725161649756,63082.30452551857,21027.434841839524
20250630,11240750,11240750010135,459,177.0,8450.508185840912,54316.260029079516,20945.48589356661
20250630,11240750,11240750010118,434,144.0,4290.849219845007,101145.47907970462,33559.790293726874
20250630,11240750,11240750010108,585,193.0,14541.813658676705,40228.819714722886,13272.072145199174
20250630,11240750,11240750010103,439,143.0,4706.248548126734,93280.24126025786,30385.135535801535
20250630,11240750,11240750010121,484,176.0,8257.389113790963,58614.16887713989,21314.24322805087
20250630,11240750,11240750010117,622,216.0,11732.397472898554,53015.59220413383,18410.559350631684
20250630,11240750,11240750010112,595,196.0,6187.699374542558,96158.51772759839,31675.747016150057
20250630,11240770,11240770010615,657,234.0,15623.747015982935,42051.37214062002,14977.201036385213
20250630,11240750,11240750010111,437,143.0,3456.5449899958476,126426.82252503387,41370.79089491955
20250630,11240750,11240750010114,438,143.0,4817.314843414167,90922.02071840856,29684.58667290508
20250630,11240750,11240750010105,454,144.0,2508.2591758426656,181002.02896595636,57410.335178629335
20250630,11240750,11240750010125,445,142.0,3052.90524741215,145762.7944323566,46513.0714817857
20250630,11240750,11240750010119,591,195.0,9709.802332871255,60866.326598559834,20082.798116276088
20250630,11240770,11240770010618,484,179.0,6418.01409292794,75412.73562071536,27890.24726468605
20250630,11240750,11240750010106,407,142.0,3747.886480757823,108594.53777204707,37888.020549461144
20250630,11240750,11240750010139,456,143.0,5415.426338954535,84203.89669413032,26406.046551010168
20250630,11240750,11240750010107,463,143.0,3405.3424167216535,135962.83232090747,41992.840220064296
20250630,11240750,11240750010137,439,141.0,3882.8139045243224,113062.33334759349,36313.87016403345
20250630,11240750,11240750010115,670,216.0,218702.45949658818,3063.522932216737,987.6432139683809
20250630,11240750,11240750010133,435,142.0,6472.882885324409,67203.44052358034,21937.67483758255
20250630,11240750,11240750010129,424,143.0,6158.673851832228,68845.99025711654,23219.28444992374
20250630,11240750,11240750010120,576,183.0,8297.818148682474,69415.83795632556,22053.990184040933
20250630,11240750,11240750010110,604,196.0,8060.631778823777,74932.09174828934,24315.711891828993
20250630,11240750,11240750010116,350,117.0,5798.868072971929,60356.606771470215,20176.3514064629
20250630,11240750,11240750010104,407,128.0,6089.465150269746,66836.74016624778,21019.90845523272
20250630,11240750,11240750010138,355,120.0,6583.983661911187,53918.72432091535,18226.047657774205
20250630,11240520,11240520020101,578,219.0,8112.577690963199,71247.39164517938,26995.118979747895
20250630,11240520,11240520020103,376,140.0,8201.992487254762,45842.51943467076,17069.02319376039
20250630,11240520,11240520010020,0,0.0,7107.742799832361,0.0,0.0
20250630,11240520,11240520020104,381,144.0,5829.8191608161,65353.65668986976,24700.594654438963
20250630,11240520,11240520011602,488,186.0,9924.809650197298,49169.70876013717,18740.913584806378
20250630,11240520,11240520011801,390,134.0,5922.45414177693,65851.07974900879,22625.755606069688
20250630,11240520,11240520011601,555,217.0,10309.3317410919,53834.72119612069,21048.890990194937
20250630,11240520,11240520010008,616,304.0,20876.92813872383,29506.256663182394,14561.529262349752
20250630,11240750,11240750010113,433,144.0,5745.559725908977,75362.54440928245,25062.832320869915
20250630,11240750,11240750010136,409,129.0,3798.0147776246567,107687.83797513173,33965.11271098287
20250630,11240750,11240750010141,409,144.0,4393.598714287482,93089.97625795424,32774.954966125704
20250630,11240750,11240750010140,344,120.0,4436.37567652646,77540.77316313775,27049.106917373632
20250630,11240520,11240520020102,492,179.0,7898.795557405863,62287.97750546965,22661.682872924936
20250630,11240520,11240520010605,486,210.0,12456.455380366908,39015.91465305636,16858.728553789784
20250630,11240520,11240520010603,504,163.0,6340.601231049901,79487.73020639019,25707.341316749207
20250630,11240520,11240520010604,372,124.0,5251.586608755142,70835.73550511821,23611.911835039406
20250630,11240520,11240520010602,459,149.0,7550.334059693899,60792.01216410927,19734.226170920003
20250630,11240520,11240520010601,604,223.0,10517.42471515613,57428.507106840145,21202.90908083668
20250630,11240750,11240750010123,530,174.0,15330.871358146725,34570.76819827083,11349.64842735684
20250630,11240750,11240750010142,412,143.0,4970.9539875345745,82881.47527278523,28767.11399031138
20250630,11240750,11240750010109,368,125.0,8609.024236334566,42745.843187065075,14519.6478216933
20250630,11240750,11240750010124,402,132.0,5951.7239659098595,67543.45502287503,22178.447917958965
20250630,11240750,11240750010134,428,143.0,4218.206577241742,101464.92168239575,33900.66308547335
20250630,11240520,11240520020001,362,34.0,1317322.2506063923,274.7998827419513,25.809933738194324
20250630,11240520,11240520010015,346,134.0,420492.7825674524,822.8440875664666,318.67372177429627
20250630,11240520,11240520010007,473,258.0,13615.883588848654,34738.83989338634,18948.458123665278
20250630,11240520,11240520010018,576,384.0,15905.164619659163,36214.6518928858,24143.101261923868
20250630,11240520,11240520011803,337,119.0,4779.464260623179,70509.9947658275,24898.188062710604
20250630,11240520,11240520010012,553,274.0,14007.133413973115,39479.88383178695,19561.461428408
20250630,11240520,11240520010001,376,195.0,81273.0865602836,4626.377758166049,2399.318252240371
20250630,11240520,11240520011701,338,114.0,7033.251920147067,48057.428318724626,16208.718427025466
20250630,11240520,11240520010503,578,192.0,10593.052674065437,54564.063616439395,18125.086876049074
20250630,11240520,11240520010502,363,147.0,5823.687141785294,62331.64508365394,25241.74057106647
20250630,11240520,11240520010501,424,217.0,4964.95340926147,85398.58585764038,43706.35172431123
20250630,11240520,11240520010013,506,215.0,24988.25864373846,20249.5102685674,8604.040924391285
20250630,11240520,11240520011202,463,232.0,6388.358820934227,72475.57831015687,36316.05651826435
20250630,11240520,11240520011201,474,152.0,5277.224783103156,89819.93746365957,28803.017920835984
20250630,11240520,11240520010010,608,294.0,17521.46011229171,34700.30443258972,16779.42352496937
20250630,11240520,11240520010021,453,209.0,10933.504105040807,41432.279683431756,19115.555085733416
20250630,11240520,11240520010005,504,254.0,14244.425985988697,35382.261138199014,17831.536367266963
20250630,11240520,11240520011401,503,184.0,7791.310920963311,64559.0973204044,23616.051504879542
20250630,11240520,11240520010014,476,253.0,15825.678476027662,30077.699399809797,15986.67636166361
20250630,11240520,11240520010006,390,176.0,10883.66521827549,35833.51675914515,16171.022947716789
20250630,11240520,11240520010301,382,139.0,11604.168096370919,32919.2059980126,11978.454538543852
20250630,11240510,11240510010001,416,160.0,18318.354844801885,22709.46291435371,8734.408813212965
20250630,11240520,11240520010011,356,57.0,159369.41876367165,2233.803716934622,357.65958389121755
20250630,11240520,11240520010016,475,256.0,17240.388056847314,27551.584015032982,14848.853700733565
20250630,11240520,11240520010002,609,318.0,37385.011247529124,16289.9509637101,8506.082769227934
20250630,11240520,11240520010302,371,128.0,9659.651413217489,38407.18304724262,13250.995768320905
20250630,11240520,11240520010009,390,205.0,19652.54908350225,19844.75389644969,10431.216791723555
20250630,11240520,11240520010003,427,176.0,21026.945938414483,20307.276256410896,8370.212227466787
20250630,11240510,11240510010006,442,202.0,676687.5597887505,653.1818024525002,298.5129504420928
20250630,11240510,11240510010304,483,177.0,4798.499637969403,100656.46273642164,36886.52982266383
20250630,11240510,11240510010302,505,193.0,6350.557053640954,79520.58311333007,30391.03473440139
20250630,11240510,11240510010003,601,282.0,40631.23430785635,14791.576240247081,6940.473377287316
20250630,11240510,11240510010301,632,234.0,6424.550718818474,98372.63766145967,36422.78039997083
20250630,11240510,11240510010303,476,179.0,7259.670295256438,65567.7159761683,24656.767142298584
20250630,11240510,11240510010014,419,175.0,12619.538237082998,33202.4827001001,13867.3853759368
20250630,11240510,11240510010101,635,235.0,7390.438991129667,85921.82423292517,31797.84046415341
