{
"type": "FeatureCollection",
"name": "zoning_songpa",
"crs": { "type": "name", "properties": { "name": "urn:ogc:def:crs:OGC:1.3:CRS84" } },
"features": [
{ "type": "Feature", "properties": { "zoning_code": "상업지역", "zoning_name": "상업지역", "remark": "건축물대장 지역코드명 기반 보강" }, "geometry": { "type": "MultiPolygon", "coordinates": [ [ [ [ 127.115881344386068, 37.485884950754567 ], [ 127.116252287394587, 37.486012533197318 ], [ 127.116367224248251, 37.485978003312987 ], [ 127.116455061884977, 37.485820062614707 ], [ 127.116005151623241, 37.485661653029013 ], [ 127.115881344386068, 37.485884950754567 ] ] ], [ [ [ 127.099355986400838, 37.512759367886488 ], [ 127.099521057684925, 37.512708685147018 ], [ 127.099789523005512, 37.512582232499661 ], [ 127.100179179565828, 37.512496853621428 ], [ 127.100280459799862, 37.512448205273984 ], [ 127.100366902178919, 37.512383891917196 ], [ 127.100898076584883, 37.511718240454847 ], [ 127.101096171997511, 37.511582743935101 ], [ 127.101346523040675, 37.511278446252128 ], [ 127.101265868608763, 37.511015873842361 ], [ 127.100286091062017, 37.510541421312759 ], [ 127.099844988594157, 37.510373032594188 ], [ 127.099417958413383, 37.510239409040068 ], [ 127.098750472970295, 37.510107423699402 ], [ 127.098294611302151, 37.510066442286757 ], [ 127.097835858518522, 37.510063663740731 ], [ 127.094740368524839, 37.510285116425649 ], [ 127.094689439145213, 37.511896922696948 ], [ 127.095769628958877, 37.512004095259307 ], [ 127.096314106346213, 37.512078802688706 ], [ 127.096814626556963, 37.512185258156926 ], [ 127.099068338984935, 37.512748613624879 ], [ 127.099238367103155, 37.512769286108487 ], [ 127.099355986400838, 37.512759367886488 ] ] ] ] } },
{ "type": "Feature", "properties": { "zoning_code": "일반상업지역", "zoning_name": "일반상업지역", "remark": "건축물대장 지역코드명 기반 보강" }, "geometry": { "type": "GeometryCollection", "geometries": [ { "type": "Polygon", "coordinates": [ [ [ 127.07917993964557, 37.510714947490563 ], [ 127.079248966698927, 37.510419645391607 ], [ 127.079216919606438, 37.510382455300388 ], [ 127.078927000438043, 37.510339794224386 ], [ 127.078845098326823, 37.510665522224919 ], [ 127.07917993964557, 37.510714947490563 ] ] ] }, { "type": "Polygon", "coordinates": [ [ [ 127.079724239017423, 37.510698001036971 ], [ 127.079918662483124, 37.510726893269258 ], [ 127.079973026178436, 37.510494399967769 ], [ 127.079817822712798, 37.510471347323595 ], [ 127.079771250225605, 37.510496786298631 ], [ 127.079724239017423, 37.510698001036971 ] ] ] }, { "type": "Polygon", "coordinates": [ [ [ 127.081049079685855, 37.510686133342581 ], [ 127.081017144787211, 37.510649033766057 ], [ 127.080861714568812, 37.510626072746568 ], [ 127.080832665897205, 37.510751150625993 ], [ 127.081027236855959, 37.51077994182446 ], [ 127.081049079685855, 37.510686133342581 ] ] ] }, { "type": "Polygon", "coordinates": [ [ [ 127.081721028564786, 37.511060412643012 ], [ 127.081692836512076, 37.511181516746461 ], [ 127.081865767906535, 37.511175002170482 ], [ 127.081908263862701, 37.51114542056164 ], [ 127.081933258724249, 37.511038635422757 ], [ 127.08173303042777, 37.511008858463583 ], [ 127.08175982630128, 37.510893782964565 ], [ 127.08155968904039, 37.510864095748452 ], [ 127.08152077824009, 37.511031166927268 ], [ 127.081721028564786, 37.511060412643012 ] ] ] }, { "type": "Polygon", "coordinates": [ [ [ 127.081088311529001, 37.511204270223892 ], [ 127.081228669990864, 37.511199039912825 ], [ 127.081266343017106, 37.511037276541828 ], [ 127.081466424168653, 37.511067054391546 ], [ 127.081504108426287, 37.510905759452093 ], [ 127.081303914595111, 37.510875990751281 ], [ 127.081276859026772, 37.510992138509138 ], [ 127.08109925395739, 37.510964057092082 ], [ 127.081051176885339, 37.511170327651321 ], [ 127.081088311529001, 37.511204270223892 ] ] ] }, { "type": "Polygon", "coordinates": [ [ [ 127.084950560701984, 37.511030686368997 ], [ 127.084972517516036, 37.510942012769462 ], [ 127.084701980723551, 37.510951745145555 ], [ 127.084708895620963, 37.511067608469887 ], [ 127.084907726497136, 37.511060089111716 ], [ 127.084950560701984, 37.511030686368997 ] ] ] }, { "type": "Polygon", "coordinates": [ [ [ 127.079186009458383, 37.510984071273079 ], [ 127.079155324170273, 37.511115276588349 ], [ 127.079544455528747, 37.511172855183339 ], [ 127.079598122466905, 37.51094325473165 ], [ 127.079403765966845, 37.510913920440466 ], [ 127.079380817259988, 37.511012234328739 ], [ 127.079186009458383, 37.510984071273079 ] ] ] }, { "type": "Polygon", "coordinates": [ [ [ 127.080548122514017, 37.511207335851651 ], [ 127.080585256948552, 37.511241278582354 ], [ 127.080743146113861, 37.511235316315343 ], [ 127.080819057583938, 37.51090982531489 ], [ 127.080624350641273, 37.510881033865303 ], [ 127.080548122514017, 37.511207335851651 ] ] ] }, { "type": "Polygon", "coordinates": [ [ [ 127.082978177608609, 37.511013502454212 ], [ 127.082983512984413, 37.511104229157105 ], [ 127.083019396962627, 37.51113141450886 ], [ 127.083224098125569, 37.511123686704835 ], [ 127.08321708060997, 37.511004967204585 ], [ 127.082978177608609, 37.511013502454212 ] ] ] }, { "type": "Polygon", "coordinates": [ [ [ 127.082535609659033, 37.510994183108195 ], [ 127.082008333421584, 37.511013266279896 ], [ 127.08197984856011, 37.511135100459541 ], [ 127.082016983606266, 37.51116904273993 ], [ 127.082548105634828, 37.511149136984457 ], [ 127.082535609659033, 37.510994183108195 ] ] ] }, { "type": "Polygon", "coordinates": [ [ [ 127.079848377129096, 37.511028053057032 ], [ 127.079819460926402, 37.511151779096409 ], [ 127.079791513008956, 37.511271359899133 ], [ 127.07991320992609, 37.511266774212949 ], [ 127.079965006353703, 37.511044914403143 ], [ 127.079848377129096, 37.511028053057032 ] ] ] }, { "type": "Polygon", "coordinates": [ [ [ 127.083379628161182, 37.511329655017036 ], [ 127.082997889239778, 37.511344064594923 ], [ 127.083007256301244, 37.511501876730897 ], [ 127.083715383805668, 37.511475131061864 ], [ 127.083706264069662, 37.51131730078999 ], [ 127.083486395608659, 37.511325634612994 ], [ 127.083476948860309, 37.511168255044517 ], [ 127.083370181646316, 37.511172284449813 ], [ 127.083379628161182, 37.511329655017036 ] ] ] }, { "type": "Polygon", "coordinates": [ [ [ 127.082113800112765, 37.511377737685692 ], [ 127.082526845782226, 37.511362138203474 ], [ 127.082517513934874, 37.511204560260204 ], [ 127.08210446913165, 37.511220159709218 ], [ 127.082113800112765, 37.511377737685692 ] ] ] }, { "type": "Polygon", "coordinates": [ [ [ 127.080271626169932, 37.511574856910862 ], [ 127.080254699756551, 37.511289432407438 ], [ 127.080144313009725, 37.511293650519043 ], [ 127.080119437690342, 37.511409084765731 ], [ 127.080271626169932, 37.511574856910862 ] ] ] }, { "type": "Polygon", "coordinates": [ [ [ 127.081909652337103, 37.511385445169175 ], [ 127.081603487146666, 37.51139700569469 ], [ 127.081612817097394, 37.511554583707145 ], [ 127.081918982929921, 37.511543023157067 ], [ 127.081909652337103, 37.511385445169175 ] ] ] }, { "type": "Polygon", "coordinates": [ [ [ 127.080941671901812, 37.511579543979025 ], [ 127.0809323432632, 37.511421875812978 ], [ 127.080692794484975, 37.511430902423157 ], [ 127.080702235784102, 37.51158862459237 ], [ 127.080941671901812, 37.511579543979025 ] ] ] }, { "type": "Polygon", "coordinates": [ [ [ 127.085066284277531, 37.510842836833348 ], [ 127.085043482919389, 37.510934745627608 ], [ 127.085307007138127, 37.510975653466573 ], [ 127.085349343141885, 37.510804361946903 ], [ 127.085109118296103, 37.510813434032258 ], [ 127.085066284277531, 37.510842836833348 ] ] ] }, { "type": "Polygon", "coordinates": [ [ [ 127.105652023012752, 37.51406052015939 ], [ 127.106841592091612, 37.514457705806571 ], [ 127.107089500347271, 37.513874359753636 ], [ 127.107009517502846, 37.513703422117842 ], [ 127.106062740076098, 37.513260433058427 ], [ 127.105652023012752, 37.51406052015939 ] ] ] }, { "type": "Polygon", "coordinates": [ [ [ 127.105652023012752, 37.51406052015939 ], [ 127.105292951125321, 37.514759756921194 ], [ 127.106335435547422, 37.515113901008483 ], [ 127.106645206123986, 37.515003524003809 ], [ 127.10687293846992, 37.514468219507911 ], [ 127.105652023012752, 37.51406052015939 ] ] ] }, { "type": "Polygon", "coordinates": [ [ [ 127.107971474545906, 37.514552829244977 ], [ 127.107767921960473, 37.514497871547732 ], [ 127.107710089221129, 37.514634064070648 ], [ 127.107913642262403, 37.514689111965247 ], [ 127.107971474545906, 37.514552829244977 ] ] ] }, { "type": "Polygon", "coordinates": [ [ [ 127.108478971722761, 37.514595123062563 ], [ 127.108318933203591, 37.514540802652597 ], [ 127.108267380890098, 37.514559139473882 ], [ 127.108215320923719, 37.51468173099363 ], [ 127.108414241148026, 37.514747675252465 ], [ 127.108478971722761, 37.514595123062563 ] ] ] }, { "type": "Polygon", "coordinates": [ [ [ 127.107488687590177, 37.515250994724724 ], [ 127.107811550778081, 37.515360716250726 ], [ 127.107862764163812, 37.515342199736374 ], [ 127.108009545613868, 37.514997256310622 ], [ 127.10759965396754, 37.514894082659019 ], [ 127.10746555463416, 37.515209839956306 ], [ 127.107488687590177, 37.515250994724724 ] ] ] }, { "type": "Polygon", "coordinates": [ [ [ 127.109298263252526, 37.515182954043411 ], [ 127.109350232094414, 37.515060911748549 ], [ 127.109151949771444, 37.515007113916205 ], [ 127.109100116390167, 37.515129165011743 ], [ 127.109298263252526, 37.515182954043411 ] ] ] }, { "type": "Polygon", "coordinates": [ [ [ 127.107181317221787, 37.515218383718306 ], [ 127.107368701461141, 37.515268942027774 ], [ 127.107459634749389, 37.515054864933546 ], [ 127.107084573142117, 37.514953577373667 ], [ 127.107004641915594, 37.515141596562763 ], [ 127.107073926799416, 37.515264971128467 ], [ 127.107181317221787, 37.515218383718306 ] ] ] }, { "type": "Polygon", "coordinates": [ [ [ 127.108750113307693, 37.515222475065244 ], [ 127.108965060449194, 37.515278492882594 ], [ 127.109008349398408, 37.515176731045806 ], [ 127.108793289405483, 37.515120713408614 ], [ 127.108750113307693, 37.515222475065244 ] ] ] }, { "type": "Polygon", "coordinates": [ [ [ 127.107995456422515, 37.515199452527852 ], [ 127.107897839330704, 37.515429294468269 ], [ 127.108096118562031, 37.515496672414258 ], [ 127.108193735158309, 37.515266848333319 ], [ 127.107995456422515, 37.515199452527852 ] ] ] }, { "type": "Polygon", "coordinates": [ [ [ 127.108955939750373, 37.5154967134023 ], [ 127.109143596840482, 37.515546917256017 ], [ 127.109200976909534, 37.515411895761112 ], [ 127.109013568008919, 37.515361025034316 ], [ 127.108955939750373, 37.5154967134023 ] ] ] }, { "type": "Polygon", "coordinates": [ [ [ 127.107847621147741, 37.515431772372736 ], [ 127.107776717430085, 37.515603656113377 ], [ 127.107854802457197, 37.515630165226518 ], [ 127.107941221188327, 37.515463574329026 ], [ 127.107847621147741, 37.515431772372736 ] ] ] }, { "type": "Polygon", "coordinates": [ [ [ 127.109566067056363, 37.515732785458979 ], [ 127.109482883507908, 37.515928602886376 ], [ 127.109631733639844, 37.515979219841938 ], [ 127.109677181505091, 37.515962960309587 ], [ 127.10976139062619, 37.515764871297236 ], [ 127.109573879208767, 37.515714379975471 ], [ 127.109686450523185, 37.515449221948025 ], [ 127.109498252846336, 37.515400731342538 ], [ 127.10937787993899, 37.515684213565173 ], [ 127.109566067056363, 37.515732785458979 ] ] ] }, { "type": "Polygon", "coordinates": [ [ [ 127.108112370402452, 37.515717699094012 ], [ 127.108351243694329, 37.515798870256347 ], [ 127.108437344595245, 37.515632135129373 ], [ 127.108198788622616, 37.515551080981446 ], [ 127.108112370402452, 37.515717699094012 ] ] ] }, { "type": "Polygon", "coordinates": [ [ [ 127.10004497691429, 37.515645668309311 ], [ 127.098924442548238, 37.515263494114436 ], [ 127.098476374548511, 37.515841599443746 ], [ 127.098552543621196, 37.516050558958668 ], [ 127.099569729007158, 37.516444598475665 ], [ 127.10004497691429, 37.515645668309311 ] ] ] }, { "type": "Polygon", "coordinates": [ [ [ 127.110044615144346, 37.515758637816774 ], [ 127.10997562525327, 37.515920970549644 ], [ 127.110152263379163, 37.515968741214209 ], [ 127.110221365390046, 37.515805957778525 ], [ 127.110044615144346, 37.515758637816774 ] ] ] }, { "type": "Polygon", "coordinates": [ [ [ 127.110229383820482, 37.515984455711376 ], [ 127.110417043072317, 37.51603472060426 ], [ 127.110457399248446, 37.515939628324041 ], [ 127.110269706391861, 37.515889444614871 ], [ 127.110229383820482, 37.515984455711376 ] ] ] }, { "type": "Polygon", "coordinates": [ [ [ 127.110487396980602, 37.516328776816515 ], [ 127.110118963915227, 37.516203562354313 ], [ 127.110029855871915, 37.51636931936595 ], [ 127.110436903009926, 37.516507653041771 ], [ 127.110501890258789, 37.516354495886837 ], [ 127.110487396980602, 37.516328776816515 ] ] ] }, { "type": "Polygon", "coordinates": [ [ [ 127.101896125968992, 37.516362753134537 ], [ 127.100209507613599, 37.515789870520635 ], [ 127.099773176422232, 37.516523410721405 ], [ 127.101460152982114, 37.517176884247149 ], [ 127.101896125968992, 37.516362753134537 ] ] ] }, { "type": "Polygon", "coordinates": [ [ [ 127.122462602121843, 37.483676712262884 ], [ 127.12242165076475, 37.483592780900686 ], [ 127.122056462070901, 37.48345683259474 ], [ 127.121895275154486, 37.483764868891043 ], [ 127.122332192145876, 37.483928314989619 ], [ 127.122462602121843, 37.483676712262884 ] ] ] }, { "type": "Polygon", "coordinates": [ [ [ 127.122882352421001, 37.484550522845083 ], [ 127.123195588543183, 37.483881117577141 ], [ 127.122626645405333, 37.483668885727987 ], [ 127.12228376440207, 37.484327327610117 ], [ 127.122882352421001, 37.484550522845083 ] ] ] }, { "type": "Polygon", "coordinates": [ [ [ 127.115572891239438, 37.485509531692259 ], [ 127.116005151623241, 37.485661653029013 ], [ 127.116123436444383, 37.485450524029879 ], [ 127.115767315536303, 37.485327792240227 ], [ 127.115660628588387, 37.485359250172891 ], [ 127.115572891239438, 37.485509531692259 ] ] ] }, { "type": "Polygon", "coordinates": [ [ [ 127.113881152753379, 37.485336538713234 ], [ 127.113653946694029, 37.485602099232715 ], [ 127.114132128014489, 37.48576688793797 ], [ 127.114289308473602, 37.485477336648245 ], [ 127.113881152753379, 37.485336538713234 ] ] ] }, { "type": "Polygon", "coordinates": [ [ [ 127.115051325705394, 37.485816103891196 ], [ 127.115024399445915, 37.485730624812618 ], [ 127.114683890639355, 37.485613460967443 ], [ 127.114526824351998, 37.485902922565288 ], [ 127.114921635185439, 37.486038955760129 ], [ 127.115051325705394, 37.485816103891196 ] ] ] }, { "type": "Polygon", "coordinates": [ [ [ 127.117881350101953, 37.486367556019381 ], [ 127.117940720088299, 37.48630064330392 ], [ 127.118080183488843, 37.4862604112828 ], [ 127.118153589430477, 37.486203665916378 ], [ 127.118339280190924, 37.4858620032958 ], [ 127.118298105267726, 37.485777530154103 ], [ 127.118004342467628, 37.485695558790546 ], [ 127.117736602815199, 37.48569762444874 ], [ 127.117490347510952, 37.486139626944805 ], [ 127.117372232836871, 37.48623948356763 ], [ 127.117872929533334, 37.48640594692899 ], [ 127.117881350101953, 37.486367556019381 ] ] ] }, { "type": "Polygon", "coordinates": [ [ [ 127.116274561958832, 37.486160545940166 ], [ 127.116106867322785, 37.486446776328982 ], [ 127.116620468707168, 37.486623864281157 ], [ 127.116967757888602, 37.485998861860111 ], [ 127.116604279625903, 37.485873526894537 ], [ 127.116418120241477, 37.486209691146144 ], [ 127.116274561958832, 37.486160545940166 ] ] ] }, { "type": "Polygon", "coordinates": [ [ [ 127.119517694793174, 37.493139560028418 ], [ 127.119500847838623, 37.493068758304233 ], [ 127.11932146522426, 37.492970908571515 ], [ 127.119066714002415, 37.493268221795191 ], [ 127.119300645243186, 37.493394308919591 ], [ 127.119517694793174, 37.493139560028418 ] ] ] }, { "type": "Polygon", "coordinates": [ [ [ 127.11837905926069, 37.493978350805591 ], [ 127.118496859883578, 37.493960214242215 ], [ 127.118723956006491, 37.493691491394436 ], [ 127.118351385423665, 37.493489856374389 ], [ 127.1178031970977, 37.49408487651322 ], [ 127.118135478700765, 37.494264658735297 ], [ 127.11837905926069, 37.493978350805591 ] ] ] }, { "type": "Polygon", "coordinates": [ [ [ 127.118829255388903, 37.494139814203528 ], [ 127.119157011686582, 37.494316534645158 ], [ 127.119384900055181, 37.494049071154166 ], [ 127.119057709223995, 37.493871990373989 ], [ 127.118829255388903, 37.494139814203528 ] ] ] }, { "type": "Polygon", "coordinates": [ [ [ 127.120952049388009, 37.494319418854019 ], [ 127.120710282119816, 37.494602756939386 ], [ 127.121036800831234, 37.494779383296482 ], [ 127.121278566856262, 37.494495684153534 ], [ 127.120952049388009, 37.494319418854019 ] ] ] }, { "type": "Polygon", "coordinates": [ [ [ 127.121497689725132, 37.495539269219634 ], [ 127.121838927747362, 37.495723807169142 ], [ 127.122041189199678, 37.495486187784493 ], [ 127.121700064701074, 37.495301560195941 ], [ 127.121497689725132, 37.495539269219634 ] ] ] }, { "type": "Polygon", "coordinates": [ [ [ 127.121467553531886, 37.495574709079385 ], [ 127.121178153136597, 37.49541813862831 ], [ 127.120944058995065, 37.495692819779094 ], [ 127.120969558539869, 37.49579902177426 ], [ 127.121179733749912, 37.495912695347755 ], [ 127.121467553531886, 37.495574709079385 ] ] ] }, { "type": "Polygon", "coordinates": [ [ [ 127.114336802324971, 37.515804008917833 ], [ 127.114400752653765, 37.515906841552756 ], [ 127.114599983933516, 37.515828336427418 ], [ 127.114536056007765, 37.515725494867681 ], [ 127.114336802324971, 37.515804008917833 ] ] ] }, { "type": "Polygon", "coordinates": [ [ [ 127.110768311317997, 37.515869234680352 ], [ 127.110726534963959, 37.515967490876356 ], [ 127.110749556831223, 37.516008645102282 ], [ 127.111041872435308, 37.516108024571594 ], [ 127.111108202531753, 37.515984706812894 ], [ 127.110768311317997, 37.515869234680352 ] ] ] }, { "type": "Polygon", "coordinates": [ [ [ 127.112637009912518, 37.516349443254448 ], [ 127.112825798224605, 37.516274753151357 ], [ 127.11276794977762, 37.516181725767154 ], [ 127.112579048288424, 37.516256253706011 ], [ 127.112637009912518, 37.516349443254448 ] ] ] }, { "type": "Polygon", "coordinates": [ [ [ 127.113680239443809, 37.51618853050261 ], [ 127.113700932356124, 37.516221784628577 ], [ 127.113511861691336, 37.51629608896986 ], [ 127.113584088785672, 37.516412429128373 ], [ 127.113637387906365, 37.51642760537888 ], [ 127.113949526995057, 37.516316215903558 ], [ 127.113968692549463, 37.516273760755979 ], [ 127.113869252667811, 37.516113928616782 ], [ 127.113680239443809, 37.51618853050261 ] ] ] }, { "type": "Polygon", "coordinates": [ [ [ 127.113803065549462, 37.516782710642119 ], [ 127.114236500433378, 37.516627948242203 ], [ 127.114071422265326, 37.516341751168483 ], [ 127.113627429590849, 37.516500325192553 ], [ 127.113803065549462, 37.516782710642119 ] ] ] }, { "type": "Polygon", "coordinates": [ [ [ 127.111121010574848, 37.516544114248134 ], [ 127.111035174952221, 37.516710977195729 ], [ 127.111224372821837, 37.516775267876071 ], [ 127.111310253367947, 37.516608422771228 ], [ 127.111121010574848, 37.516544114248134 ] ] ] }, { "type": "Polygon", "coordinates": [ [ [ 127.113441519999952, 37.516911896163656 ], [ 127.113772077613106, 37.516793795312864 ], [ 127.113606431062124, 37.516527465094072 ], [ 127.113575877369925, 37.516518754424048 ], [ 127.113270305461299, 37.516627911236561 ], [ 127.113441519999952, 37.516911896163656 ] ] ] }, { "type": "Polygon", "coordinates": [ [ [ 127.112857410578059, 37.516775397717574 ], [ 127.11255973904747, 37.516881716114753 ], [ 127.112651042941366, 37.517040674015739 ], [ 127.113010165922589, 37.517030514738586 ], [ 127.112857410578059, 37.516775397717574 ] ] ] }, { "type": "LineString", "coordinates": [ [ 127.11276794977762, 37.516181725767154 ], [ 127.112579070953103, 37.516256244764037 ] ] } ] } },
{ "type": "Feature", "properties": { "zoning_code": "자연녹지지역", "zoning_name": "자연녹지지역", "remark": "건축물대장 지역코드명 기반 보강" }, "geometry": { "type": "MultiPolygon", "coordinates": [ [ [ [ 127.12468256486197, 37.46745659926038 ], [ 127.123874198651777, 37.467333343823064 ], [ 127.123796974807092, 37.467620780722072 ], [ 127.124458031608071, 37.467724178741463 ], [ 127.124603866962985, 37.46766361466824 ], [ 127.12468256486197, 37.46745659926038 ] ] ], [ [ [ 127.1260171221045, 37.470776459972917 ], [ 127.125835981896458, 37.470682378759783 ], [ 127.125788640749349, 37.47082691335239 ], [ 127.125934311482013, 37.471182412864074 ], [ 127.125969865603722, 37.470883233522954 ], [ 127.1260171221045, 37.470776459972917 ] ] ], [ [ [ 127.127815802802559, 37.475193967899365 ], [ 127.127968822974978, 37.475411846736272 ], [ 127.128464265324126, 37.475200976596255 ], [ 127.128215766253319, 37.475126658351712 ], [ 127.128031800063241, 37.475107691144792 ], [ 127.127797280799641, 37.475137711107472 ], [ 127.127347041067978, 37.475001554443494 ], [ 127.127302641140076, 37.474971697455906 ], [ 127.127284540289097, 37.474977609276024 ], [ 127.127308674636637, 37.475219241346863 ], [ 127.127532322417125, 37.47522503075885 ], [ 127.127815802802559, 37.475193967899365 ] ] ], [ [ [ 127.128055781748159, 37.475592602765929 ], [ 127.12892178598446, 37.475442042828405 ], [ 127.12887163756001, 37.475422806434494 ], [ 127.128870422879359, 37.475379865988742 ], [ 127.128587958800921, 37.475250137466908 ], [ 127.128099527337824, 37.475455288261102 ], [ 127.128063127526232, 37.475517307174442 ], [ 127.128055781748159, 37.475592602765929 ] ] ], [ [ [ 127.131363119337337, 37.475288782922625 ], [ 127.131363789582679, 37.475676213027107 ], [ 127.131896150304712, 37.47567562684219 ], [ 127.131895316734031, 37.475195754119056 ], [ 127.131363119337337, 37.475288782922625 ] ] ], [ [ [ 127.135812545381071, 37.479392629646149 ], [ 127.135256981621737, 37.479393259759654 ], [ 127.135683651483816, 37.480336574870421 ], [ 127.13574930904683, 37.480383172161183 ], [ 127.137101041167838, 37.480382079344317 ], [ 127.137099799263709, 37.479945005095267 ], [ 127.136694824920866, 37.479945469084257 ], [ 127.136694784671292, 37.479923124300015 ], [ 127.13627748548528, 37.479922699956447 ], [ 127.136277067569608, 37.479689971811219 ], [ 127.135982438825508, 37.479690217359796 ], [ 127.135981993253736, 37.479441541511967 ], [ 127.135812545381071, 37.479392629646149 ] ] ], [ [ [ 127.13049951806866, 37.481431838080447 ], [ 127.130601965006662, 37.481505698391132 ], [ 127.130745414479506, 37.481688354698271 ], [ 127.130839400316461, 37.481706992691571 ], [ 127.131166778689646, 37.481549229053869 ], [ 127.131337746485471, 37.481495341675682 ], [ 127.131253921532178, 37.481337398160193 ], [ 127.13098598560245, 37.480299017930605 ], [ 127.130941381661557, 37.480199416059001 ], [ 127.130023853425783, 37.480958880283126 ], [ 127.130339238261399, 37.481257669226359 ], [ 127.130374589581848, 37.481236367054294 ], [ 127.130395656679212, 37.481258418604412 ], [ 127.130360531320079, 37.481279630436212 ], [ 127.13049951806866, 37.481431838080447 ] ] ], [ [ [ 127.119769392156314, 37.480934809064429 ], [ 127.119071001469152, 37.480633580418221 ], [ 127.118905417992849, 37.480592389077252 ], [ 127.118612735423952, 37.480465548202744 ], [ 127.118508086027887, 37.480493402702649 ], [ 127.118030432011949, 37.481308109482462 ], [ 127.118068100834549, 37.481393577343404 ], [ 127.118968462075898, 37.48172065022019 ], [ 127.119116270817287, 37.481744830234234 ], [ 127.119289141078454, 37.481816738144268 ], [ 127.119548028606829, 37.482017943660416 ], [ 127.119988453528123, 37.482407816533922 ], [ 127.120166703037313, 37.482519541999807 ], [ 127.120909744569516, 37.48280134742911 ], [ 127.121017440362763, 37.48276808172497 ], [ 127.121335082061307, 37.482161296294677 ], [ 127.121368784527263, 37.482026021859923 ], [ 127.121498410079752, 37.481778835816719 ], [ 127.121460174014516, 37.481694721135227 ], [ 127.121074484087629, 37.481528516914175 ], [ 127.120942289190779, 37.481440622789236 ], [ 127.120403752415214, 37.481208347169122 ], [ 127.120244504437295, 37.481171025640514 ], [ 127.119953968052073, 37.481045807749474 ], [ 127.119769392156314, 37.480934809064429 ] ] ], [ [ [ 127.109582253534029, 37.489499746299018 ], [ 127.109628332158692, 37.489602751511995 ], [ 127.11049857689045, 37.489875973120867 ], [ 127.110575345828678, 37.489714983697077 ], [ 127.111716874703959, 37.490060629266011 ], [ 127.111872871011286, 37.489722338399403 ], [ 127.110565395892351, 37.489326391592698 ], [ 127.110615892475323, 37.489216422974479 ], [ 127.109932874099883, 37.489017660378913 ], [ 127.109582253534029, 37.489499746299018 ] ] ], [ [ [ 127.103047830129626, 37.494477934035153 ], [ 127.100507420557676, 37.495589282956189 ], [ 127.100452600261576, 37.49563355892235 ], [ 127.099247921060609, 37.496124768160932 ], [ 127.099289030281398, 37.496188263589339 ], [ 127.097385644896718, 37.496907712398972 ], [ 127.097649162419401, 37.497391280615929 ], [ 127.1012902315845, 37.498471523570167 ], [ 127.101571722669036, 37.49790100738786 ], [ 127.101550809842863, 37.497890041922318 ], [ 127.101583102218811, 37.497877941191888 ], [ 127.103274315256073, 37.494450366825959 ], [ 127.103145788076873, 37.49454208204974 ], [ 127.103047830129626, 37.494477934035153 ] ] ], [ [ [ 127.120776984078148, 37.516058493586783 ], [ 127.121315082845939, 37.515866316280984 ], [ 127.121626091004515, 37.515410727239683 ], [ 127.121736564674706, 37.515317361780554 ], [ 127.121841776509228, 37.515258059222944 ], [ 127.121538906780671, 37.514720022254465 ], [ 127.11717817188007, 37.516277248041078 ], [ 127.117205620879076, 37.516326226322789 ], [ 127.11711269276698, 37.516359293745715 ], [ 127.117085357040736, 37.516310387411508 ], [ 127.116991649025152, 37.516343851940526 ], [ 127.117018859944778, 37.516392542179204 ], [ 127.116935999163999, 37.516425869917192 ], [ 127.116846123065869, 37.516457762853321 ], [ 127.116817097959526, 37.5164061731397 ], [ 127.116437572768831, 37.516541692354316 ], [ 127.116471715255528, 37.516603818830561 ], [ 127.116340120679666, 37.516649357009264 ], [ 127.116306771855875, 37.5165883920087 ], [ 127.115941297216054, 37.51671889544437 ], [ 127.115960898366836, 37.516754961334975 ], [ 127.115917824580038, 37.516769779389804 ], [ 127.115898427807096, 37.516734208841896 ], [ 127.113621869106893, 37.517547017201387 ], [ 127.113542968734933, 37.517583131882191 ], [ 127.113442083106776, 37.517667650809472 ], [ 127.113376335337605, 37.517800609943386 ], [ 127.113375704236176, 37.517908279514863 ], [ 127.113399449623728, 37.517978084183717 ], [ 127.113611386544804, 37.518328100220195 ], [ 127.113559615452559, 37.518352296018676 ], [ 127.113557272341481, 37.51837392213362 ], [ 127.115920961951318, 37.522233321897694 ], [ 127.116163224613445, 37.522129923083874 ], [ 127.11638156864089, 37.521625424076625 ], [ 127.11652800986289, 37.521666006550674 ], [ 127.116820253763734, 37.522140545967801 ], [ 127.116738967896765, 37.522172340310448 ], [ 127.117272091708585, 37.523037675086144 ], [ 127.117561665147477, 37.523023155227499 ], [ 127.117410059518278, 37.522936898678488 ], [ 127.117387815346035, 37.522817178293877 ], [ 127.117426293098731, 37.522534948962225 ], [ 127.11737436584346, 37.52231290467401 ], [ 127.117238168298826, 37.522094276626873 ], [ 127.117239044871823, 37.521856142807117 ], [ 127.117286678822438, 37.521569579727803 ], [ 127.117383716718066, 37.521337117964876 ], [ 127.117386794094998, 37.521278910666815 ], [ 127.117301225169825, 37.52117357815581 ], [ 127.117133185581437, 37.520844338954021 ], [ 127.117182813798564, 37.520823927877046 ], [ 127.117139268711895, 37.520754593886124 ], [ 127.117158938902563, 37.520746375574312 ], [ 127.117086698595713, 37.520627785219183 ], [ 127.116975568802644, 37.520671231765192 ], [ 127.116952208273503, 37.520633683100144 ], [ 127.116976400599242, 37.520623748508257 ], [ 127.116937729117609, 37.520560356244495 ], [ 127.116912856702584, 37.520569390497798 ], [ 127.116698075298814, 37.520222807088693 ], [ 127.116652660179241, 37.520187442253885 ], [ 127.116449956352398, 37.520264854954071 ], [ 127.116172343906499, 37.519809581559947 ], [ 127.11563073259083, 37.519661171525982 ], [ 127.114838237343065, 37.519968092686618 ], [ 127.114637224684131, 37.51959302082485 ], [ 127.114648967962239, 37.519504171438726 ], [ 127.115055161398459, 37.518599272415436 ], [ 127.115387294952583, 37.518688781946494 ], [ 127.11569224357234, 37.518011119157002 ], [ 127.115362592580198, 37.51791593180652 ], [ 127.115771588858252, 37.517005891708806 ], [ 127.116240197797197, 37.517138244278378 ], [ 127.116381748939276, 37.517388943908188 ], [ 127.116566402775618, 37.517421740641737 ], [ 127.117275265376108, 37.51762287110683 ], [ 127.117862235248808, 37.517413894135736 ], [ 127.117914560125953, 37.51752907992595 ], [ 127.118640807076872, 37.517270316898177 ], [ 127.118653182891336, 37.517299947382931 ], [ 127.118728022462847, 37.517272843274775 ], [ 127.11871372536784, 37.517244295898784 ], [ 127.118790033939732, 37.517216289297956 ], [ 127.118852306007682, 37.517326239024968 ], [ 127.11915833767759, 37.517217905256793 ], [ 127.119150960206937, 37.517201964980998 ], [ 127.119241739003314, 37.517168717902166 ], [ 127.119220901954321, 37.517081432187616 ], [ 127.119133163754285, 37.516961867356521 ], [ 127.119454341575533, 37.516847661261707 ], [ 127.119460078338676, 37.516827293030822 ], [ 127.119523843625061, 37.51680758763856 ], [ 127.119756833651991, 37.516791857520104 ], [ 127.119639416360485, 37.516573393432502 ], [ 127.119280861649273, 37.516367333313681 ], [ 127.119183794802808, 37.516285349329699 ], [ 127.119174439758396, 37.516234542485371 ], [ 127.119218963446187, 37.516135208390736 ], [ 127.119389149865484, 37.515888526228409 ], [ 127.119512044559556, 37.515779383032033 ], [ 127.119786708613489, 37.515653149123516 ], [ 127.119906829942551, 37.515650686203038 ], [ 127.120386502372028, 37.515770217124775 ], [ 127.120658551168262, 37.515920949948139 ], [ 127.12074452952983, 37.516000060730612 ], [ 127.120776984078148, 37.516058493586783 ] ], [ [ 127.11648625062621, 37.516788328613821 ], [ 127.116399990092106, 37.516817965200481 ], [ 127.116341103443816, 37.516700172214556 ], [ 127.11641899773943, 37.516673336895671 ], [ 127.11648625062621, 37.516788328613821 ] ], [ [ 127.116549184258787, 37.517110643608838 ], [ 127.116498650092609, 37.517128892923218 ], [ 127.116457138184558, 37.517055862573798 ], [ 127.116507559197473, 37.51703761338711 ], [ 127.116549184258787, 37.517110643608838 ] ] ], [ [ [ 127.089214876948645, 37.516847853853619 ], [ 127.088522596341932, 37.51673114622654 ], [ 127.087475454753744, 37.516592348606416 ], [ 127.085232191750848, 37.516397002017023 ], [ 127.084429704426213, 37.516342066670184 ], [ 127.084551269775432, 37.516619938545205 ], [ 127.086826532232578, 37.516800588716293 ], [ 127.087888691580289, 37.51691496411388 ], [ 127.089290548327469, 37.517135936135958 ], [ 127.089983426449166, 37.517275524098828 ], [ 127.090669656198415, 37.517434304221823 ], [ 127.09091984080024, 37.517223101904854 ], [ 127.09024288132575, 37.517058820191124 ], [ 127.089214876948645, 37.516847853853619 ] ] ], [ [ [ 127.095862912948277, 37.520337512818969 ], [ 127.095840043759821, 37.520412223596558 ], [ 127.095943944507724, 37.520547289879033 ], [ 127.096578370886533, 37.520944390211881 ], [ 127.097377796905022, 37.521302069922982 ], [ 127.097706513237426, 37.521468396695312 ], [ 127.098168145940534, 37.521720388596634 ], [ 127.099093633919395, 37.522273469341876 ], [ 127.099316682590313, 37.522425012429082 ], [ 127.099852374230451, 37.522640536160523 ], [ 127.10060171057728, 37.52299084746204 ], [ 127.101091791132035, 37.523268932843791 ], [ 127.101285466979974, 37.52335985998959 ], [ 127.101373676261488, 37.523424206579577 ], [ 127.101685320804975, 37.523567471173067 ], [ 127.101717286691382, 37.52320992931039 ], [ 127.10297413543492, 37.524078316374705 ], [ 127.103077511180217, 37.524021464865172 ], [ 127.10163887114507, 37.52302502155846 ], [ 127.101104468234595, 37.522678590297289 ], [ 127.100013195620562, 37.522008264064866 ], [ 127.096287152182626, 37.519833787083762 ], [ 127.095702497084886, 37.519517464723684 ], [ 127.095104406412972, 37.519217548214378 ], [ 127.094493559084356, 37.518934397218167 ], [ 127.093554995957561, 37.518542027885708 ], [ 127.092915481560951, 37.518302409114582 ], [ 127.092265812427542, 37.518080634386251 ], [ 127.091274220011186, 37.517782261449888 ], [ 127.090602783643831, 37.517606444874254 ], [ 127.089924133282224, 37.517449460687303 ], [ 127.088894214409322, 37.51724957525736 ], [ 127.088200921101958, 37.517140254669947 ], [ 127.087153108364262, 37.517012536946638 ], [ 127.084534388620781, 37.516799609006455 ], [ 127.083880894372697, 37.516768171223397 ], [ 127.082899044880392, 37.516749570449512 ], [ 127.082244348344631, 37.516756056370618 ], [ 127.081263351684612, 37.516794294263569 ], [ 127.080611069930029, 37.516838611332915 ], [ 127.079636125450563, 37.516933504305662 ], [ 127.078346241170578, 37.517112477217388 ], [ 127.071696945823376, 37.518349627779514 ], [ 127.071401853023545, 37.518379445497878 ], [ 127.07034990818056, 37.518420607996042 ], [ 127.069513407778445, 37.518416137014562 ], [ 127.069753421307979, 37.518643049538852 ], [ 127.070070383939083, 37.518900550786284 ], [ 127.070361261360716, 37.519081481745289 ], [ 127.070231786684232, 37.519253737407773 ], [ 127.070452658937128, 37.519325958661604 ], [ 127.070658010938558, 37.519372690410869 ], [ 127.070832451333956, 37.519386283307377 ], [ 127.071021678313699, 37.519365449213417 ], [ 127.071294911785472, 37.519301677828018 ], [ 127.072659491332388, 37.518747472292596 ], [ 127.073316736944733, 37.51854894565183 ], [ 127.078013309665053, 37.51752093454111 ], [ 127.079484570369004, 37.517276973988686 ], [ 127.079616852774208, 37.517326171076107 ], [ 127.081837060408091, 37.517105740246585 ], [ 127.08416250852207, 37.517142518533554 ], [ 127.086935977536584, 37.517353000306663 ], [ 127.088393743510011, 37.517595476308884 ], [ 127.089312611731785, 37.517913569226074 ], [ 127.09006427785944, 37.518115461886694 ], [ 127.091805991822923, 37.518640414969454 ], [ 127.09289744144877, 37.519092506123926 ], [ 127.093067659862584, 37.519073363309985 ], [ 127.09395247177072, 37.519537768091709 ], [ 127.094045485946921, 37.519562923139183 ], [ 127.09410350717036, 37.519556120208136 ], [ 127.094234483143438, 37.519452673290061 ], [ 127.095862912948277, 37.520337512818969 ] ] ], [ [ [ 127.131818982046838, 37.521158545103788 ], [ 127.131652598602827, 37.521103137145516 ], [ 127.12985777853811, 37.52087543732511 ], [ 127.129860011924961, 37.520858496192496 ], [ 127.129090401038496, 37.520759860069838 ], [ 127.128876734322503, 37.520703237861298 ], [ 127.128719674879846, 37.5210741665488 ], [ 127.128104761748389, 37.522017267831203 ], [ 127.127893430040984, 37.523078505554757 ], [ 127.128812837040897, 37.523309254090506 ], [ 127.132314820504916, 37.521759591360123 ], [ 127.132002517523944, 37.521319440384829 ], [ 127.131921032045767, 37.521232314066772 ], [ 127.131818982046838, 37.521158545103788 ] ] ], [ [ [ 127.110702952652417, 37.532519018396869 ], [ 127.110682024203626, 37.532303051609624 ], [ 127.11052996450708, 37.532300975616408 ], [ 127.110510302830392, 37.532356503965765 ], [ 127.11046875145729, 37.532927069310993 ], [ 127.110598584299936, 37.533382176317382 ], [ 127.110704877924661, 37.533366310715195 ], [ 127.110690375595027, 37.533142643537218 ], [ 127.110702952652417, 37.532519018396869 ] ] ], [ [ [ 127.140471140181234, 37.477872948131051 ], [ 127.141085098447832, 37.47784879851438 ], [ 127.141104328489007, 37.478158450006852 ], [ 127.141466073841698, 37.478140812992336 ], [ 127.141542035743882, 37.47807404889312 ], [ 127.141480610456796, 37.477084731878094 ], [ 127.140334551650852, 37.477129872485307 ], [ 127.140401443211658, 37.478209824422784 ], [ 127.140491881130856, 37.478206204185312 ], [ 127.140471140181234, 37.477872948131051 ] ] ], [ [ [ 127.135833454258332, 37.48077852593768 ], [ 127.135986932573815, 37.481472464560596 ], [ 127.136938059141528, 37.48147436963999 ], [ 127.137227569403265, 37.481578283294482 ], [ 127.137691728790685, 37.481665146371462 ], [ 127.138559917342249, 37.48166143962186 ], [ 127.138569389925493, 37.481648003721062 ], [ 127.13848630713413, 37.481347616237109 ], [ 127.138283005561732, 37.480965106493564 ], [ 127.137965750849034, 37.480525154047363 ], [ 127.137908933477945, 37.480491251902521 ], [ 127.135837805387212, 37.480493354136179 ], [ 127.1357684006379, 37.480564161602054 ], [ 127.135833454258332, 37.48077852593768 ] ] ], [ [ [ 127.143554258577382, 37.481719530654168 ], [ 127.143658362505164, 37.48190313756362 ], [ 127.143746578125288, 37.48201919744907 ], [ 127.143606239008705, 37.482296045623478 ], [ 127.143503611128921, 37.482450573495697 ], [ 127.143549044329831, 37.482715944702313 ], [ 127.143534370099957, 37.482782339063839 ], [ 127.143499818967484, 37.482836548749603 ], [ 127.143942313672042, 37.48294431648889 ], [ 127.144335736253851, 37.482966808118206 ], [ 127.144547862129471, 37.48295346899954 ], [ 127.144556807323028, 37.482853645314606 ], [ 127.144603806062136, 37.482793590772907 ], [ 127.14465473002285, 37.482675326810529 ], [ 127.144789093214555, 37.482633726942531 ], [ 127.145032216870675, 37.482601131018697 ], [ 127.145171357542424, 37.482539351506432 ], [ 127.14522600600192, 37.482506776946778 ], [ 127.14521465594521, 37.482460272082001 ], [ 127.145288901827044, 37.482394291579936 ], [ 127.145517368155325, 37.482242041568426 ], [ 127.145602865708753, 37.482136150838954 ], [ 127.145703145180349, 37.482050523537133 ], [ 127.145832249682897, 37.481962085864303 ], [ 127.146145507427249, 37.481826363513257 ], [ 127.14465369762317, 37.481885159383232 ], [ 127.144629669017348, 37.481498208612926 ], [ 127.143425933384592, 37.481545683548696 ], [ 127.143439556363859, 37.481581103552479 ], [ 127.143554258577382, 37.481719530654168 ] ] ], [ [ [ 127.142377689125155, 37.48930817264138 ], [ 127.142462659366359, 37.489336272600248 ], [ 127.142584864041481, 37.489201787696075 ], [ 127.142540338401986, 37.489094711979078 ], [ 127.14246542096204, 37.48900064689964 ], [ 127.142405561738414, 37.488856738527467 ], [ 127.142369946732543, 37.4888581324904 ], [ 127.142392686839386, 37.489226163784309 ], [ 127.142377689125155, 37.48930817264138 ] ] ], [ [ [ 127.160789692369704, 37.499342348042831 ], [ 127.160928761317749, 37.499318157887068 ], [ 127.160943489881802, 37.499261789597476 ], [ 127.160765532649194, 37.49921788070759 ], [ 127.160741556652056, 37.499329042117516 ], [ 127.160789692369704, 37.499342348042831 ] ] ], [ [ [ 127.151006389004849, 37.502046449171083 ], [ 127.150971144646817, 37.502123384905204 ], [ 127.151072311431619, 37.502160495111013 ], [ 127.151180170119972, 37.502190316691298 ], [ 127.151236449279239, 37.50211333621975 ], [ 127.151006389004849, 37.502046449171083 ] ] ], [ [ [ 127.149680071714215, 37.502349539785037 ], [ 127.149716804071019, 37.502177889696227 ], [ 127.149536541163215, 37.502066130690082 ], [ 127.149476293719403, 37.502121680589021 ], [ 127.149554948198286, 37.502167064416625 ], [ 127.149526081513997, 37.502284527612304 ], [ 127.149491180195071, 37.50231834973566 ], [ 127.149680071714215, 37.502349539785037 ] ] ], [ [ [ 127.15305510846656, 37.50256469671033 ], [ 127.152989404250704, 37.502649916233757 ], [ 127.153114587855768, 37.50279045543882 ], [ 127.153229932674918, 37.50267938555907 ], [ 127.153781979720378, 37.502666574927396 ], [ 127.153727122568938, 37.502423448352957 ], [ 127.153622512856955, 37.502334555514189 ], [ 127.15305510846656, 37.50256469671033 ] ] ], [ [ [ 127.151521693655994, 37.502910996711748 ], [ 127.152242025579994, 37.502708716183463 ], [ 127.152358084037743, 37.50302489928076 ], [ 127.15249984462784, 37.503091455076614 ], [ 127.152844095314464, 37.503055245009541 ], [ 127.152579121380072, 37.502630331309511 ], [ 127.152481255326322, 37.502621212175242 ], [ 127.151511654814783, 37.502897512769707 ], [ 127.151521693655994, 37.502910996711748 ] ] ], [ [ [ 127.141083757623562, 37.505194023777371 ], [ 127.141133953456787, 37.504995546835545 ], [ 127.14100772207415, 37.504737668332737 ], [ 127.141035826458108, 37.504707325592832 ], [ 127.141041908537886, 37.504620912760757 ], [ 127.140900670605177, 37.504338824028089 ], [ 127.140812958092255, 37.504207102548293 ], [ 127.140398220929441, 37.504289013984987 ], [ 127.140466494234502, 37.504879789777199 ], [ 127.140456028251322, 37.505158048083153 ], [ 127.140600917297988, 37.505512329920123 ], [ 127.140999951157198, 37.505417885433907 ], [ 127.141019484782419, 37.505327681551528 ], [ 127.141083757623562, 37.505194023777371 ] ] ], [ [ [ 127.143507520247681, 37.512684220428355 ], [ 127.143349590241584, 37.512703394146342 ], [ 127.143361066304834, 37.512796714554369 ], [ 127.143486187317436, 37.512797258012029 ], [ 127.143507520247681, 37.512684220428355 ] ] ], [ [ [ 127.14248147565344, 37.513262167887284 ], [ 127.142684465085324, 37.513781142444962 ], [ 127.142928209867222, 37.513706023187424 ], [ 127.143129016592866, 37.513582310136101 ], [ 127.142898310391516, 37.513415704007222 ], [ 127.142650367771637, 37.513267282097296 ], [ 127.142540452221368, 37.513214993419901 ], [ 127.14248147565344, 37.513262167887284 ] ] ], [ [ [ 127.14379743126851, 37.516279592846999 ], [ 127.143941442934079, 37.516592938714794 ], [ 127.143974693039524, 37.516596097153318 ], [ 127.143956417870328, 37.516139927122708 ], [ 127.143832612208826, 37.516149987301446 ], [ 127.143690263096872, 37.516128021257657 ], [ 127.14379743126851, 37.516279592846999 ] ] ] ] } },
{ "type": "Feature", "properties": { "zoning_code": "제2종일반주거지역", "zoning_name": "제2종일반주거지역", "remark": "건축물대장 지역코드명 기반 보강" }, "geometry": { "type": "MultiPolygon", "coordinates": [ [ [ [ 127.092007076442655, 37.498857841613336 ], [ 127.091849182019402, 37.49891215751655 ], [ 127.091909279894281, 37.499046351338229 ], [ 127.092070893896576, 37.499000384762255 ], [ 127.092007076442655, 37.498857841613336 ] ] ], [ [ [ 127.090786052182963, 37.499483288733899 ], [ 127.090706351053541, 37.499305329628882 ], [ 127.090477769847567, 37.49938396093161 ], [ 127.090552027986234, 37.499549868929989 ], [ 127.090786052182963, 37.499483288733899 ] ] ], [ [ [ 127.090571024070698, 37.499918993714275 ], [ 127.090897286933611, 37.499826124678869 ], [ 127.090921439278631, 37.499785381270193 ], [ 127.090842746757531, 37.499609746079678 ], [ 127.090478839035526, 37.499713275103623 ], [ 127.090571024070698, 37.499918993714275 ] ] ], [ [ [ 127.089979656405347, 37.500087294028972 ], [ 127.090011536680848, 37.500078170068065 ], [ 127.089919353089329, 37.49987254112451 ], [ 127.08975656010324, 37.499918793952162 ], [ 127.089796812357449, 37.500008683531881 ], [ 127.089929199362132, 37.499974887187641 ], [ 127.089979656405347, 37.500087294028972 ] ] ], [ [ [ 127.091180445979816, 37.500362715997248 ], [ 127.09112735597752, 37.500244193892684 ], [ 127.091076216750722, 37.500224951304283 ], [ 127.091009415138259, 37.500243958933964 ], [ 127.091075964443093, 37.50039245611719 ], [ 127.091180445979816, 37.500362715997248 ] ] ], [ [ [ 127.091283043510586, 37.500591951193307 ], [ 127.09123201709609, 37.500572708587967 ], [ 127.091094456532147, 37.500611871252332 ], [ 127.091161006333209, 37.500760368377712 ], [ 127.091336190572548, 37.500710491197239 ], [ 127.091283043510586, 37.500591951193307 ] ] ], [ [ [ 127.08685631981912, 37.500629676997569 ], [ 127.08659236072252, 37.500722381894569 ], [ 127.086748538393095, 37.500832452418003 ], [ 127.086924675404632, 37.500782319801282 ], [ 127.08685631981912, 37.500629676997569 ] ] ], [ [ [ 127.087970228417888, 37.500716597315503 ], [ 127.087869498432383, 37.500745241645333 ], [ 127.087936302055709, 37.500893722381527 ], [ 127.088074441332822, 37.500854373761612 ], [ 127.088021367185846, 37.50073584124732 ], [ 127.087970228417888, 37.500716597315503 ] ] ], [ [ [ 127.091719261339733, 37.500994103917556 ], [ 127.09183106920635, 37.50096229434466 ], [ 127.091764415597851, 37.500813365202653 ], [ 127.091652483590892, 37.500845228867838 ], [ 127.091719261339733, 37.500994103917556 ] ] ], [ [ [ 127.086029865420031, 37.501346177385329 ], [ 127.086019240910161, 37.501451872087301 ], [ 127.086210980651657, 37.501496784698595 ], [ 127.086309407486326, 37.501230108693264 ], [ 127.086083845304231, 37.501177201569973 ], [ 127.086029865420031, 37.501346177385329 ] ] ], [ [ [ 127.088768027104379, 37.501441873085462 ], [ 127.088636975507725, 37.501479154000215 ], [ 127.088570101690863, 37.501330304318387 ], [ 127.088463820200531, 37.501360538999904 ], [ 127.088439552922907, 37.501401281980662 ], [ 127.088545794020618, 37.501638256411013 ], [ 127.088596820473668, 37.50165750017306 ], [ 127.088834346355341, 37.501589939193572 ], [ 127.088768027104379, 37.501441873085462 ] ] ], [ [ [ 127.093476922559006, 37.501687778888922 ], [ 127.0932032146018, 37.500796084409458 ], [ 127.091725635911686, 37.501216636625912 ], [ 127.091701370454075, 37.501257380275412 ], [ 127.092073536125909, 37.502087455557835 ], [ 127.093476922559006, 37.501687778888922 ] ] ], [ [ [ 127.09185704555162, 37.501872462939737 ], [ 127.091803976014205, 37.501753932145213 ], [ 127.091650326241833, 37.501797720855869 ], [ 127.091717013877499, 37.501946190501812 ], [ 127.091832893045378, 37.501913206525352 ], [ 127.09185704555162, 37.501872462939737 ] ] ], [ [ [ 127.091815075303614, 37.502143154881217 ], [ 127.091882091377883, 37.502291489024117 ], [ 127.091988700638794, 37.502261142901453 ], [ 127.092012966155139, 37.502220309099975 ], [ 127.091959862316131, 37.502101877518868 ], [ 127.091815075303614, 37.502143154881217 ] ] ], [ [ [ 127.089712034834776, 37.502349540496077 ], [ 127.089822714995407, 37.502318021991044 ], [ 127.089755906343285, 37.502169524343905 ], [ 127.089645350721682, 37.502200997644252 ], [ 127.089712034834776, 37.502349540496077 ] ] ], [ [ [ 127.084237794515218, 37.502738884375766 ], [ 127.084173398432171, 37.502594310239616 ], [ 127.084027655285354, 37.502634758817671 ], [ 127.084003271893721, 37.502675320761149 ], [ 127.084055705688399, 37.502791981415136 ], [ 127.084237794515218, 37.502738884375766 ] ] ], [ [ [ 127.092742588916522, 37.502832426646194 ], [ 127.092652186184978, 37.502630817013547 ], [ 127.092355013244628, 37.502715316239836 ], [ 127.092444803015539, 37.502915638141943 ], [ 127.092742588916522, 37.502832426646194 ] ] ], [ [ [ 127.085268182474096, 37.502839601769502 ], [ 127.085159183791333, 37.502870294907275 ], [ 127.08522414837293, 37.503015669983725 ], [ 127.085333248903083, 37.502984868594659 ], [ 127.085268182474096, 37.502839601769502 ] ] ], [ [ [ 127.086708912638358, 37.50337161105594 ], [ 127.086574015762622, 37.503213294785994 ], [ 127.086407842925055, 37.503299198333721 ], [ 127.086516364781531, 37.503426413300282 ], [ 127.086708912638358, 37.50337161105594 ] ] ], [ [ [ 127.08612112683906, 37.503538808194008 ], [ 127.086406812028144, 37.503457486404088 ], [ 127.086424406197352, 37.503414676355206 ], [ 127.086305488752018, 37.50327528727211 ], [ 127.086036976642319, 37.503350893216705 ], [ 127.08612112683906, 37.503538808194008 ] ] ], [ [ [ 127.084028180707364, 37.503410283532638 ], [ 127.083742797581664, 37.503490797473766 ], [ 127.083808793089688, 37.503639794608524 ], [ 127.084094154231167, 37.503559406664863 ], [ 127.084028180707364, 37.503410283532638 ] ] ], [ [ [ 127.078226725616744, 37.503960882606137 ], [ 127.078283776657344, 37.504088345767101 ], [ 127.07844063734278, 37.504053456201191 ], [ 127.078397574423164, 37.503924587466081 ], [ 127.078226725616744, 37.503960882606137 ] ] ], [ [ [ 127.077777904681952, 37.504056237483546 ], [ 127.077815991051068, 37.504141258087003 ], [ 127.078003542524414, 37.504091861228815 ], [ 127.077969377935815, 37.504015559807435 ], [ 127.077777904681952, 37.504056237483546 ] ] ], [ [ [ 127.078839109373135, 37.504255848519158 ], [ 127.078811733932369, 37.504194760755034 ], [ 127.078761385525183, 37.504174250934085 ], [ 127.078403412350369, 37.5042576465653 ], [ 127.078377667785162, 37.504297757724977 ], [ 127.078403286035964, 37.504355044521269 ], [ 127.078616408546779, 37.50429471896193 ], [ 127.078626043774349, 37.504316246523182 ], [ 127.078839109373135, 37.504255848519158 ] ] ], [ [ [ 127.091091311645627, 37.504208541025989 ], [ 127.091152716351175, 37.504345518202214 ], [ 127.091338931967442, 37.50429248819075 ], [ 127.091277470180813, 37.504155312934103 ], [ 127.091091311645627, 37.504208541025989 ] ] ], [ [ [ 127.077623433753459, 37.504406816281296 ], [ 127.077711829816863, 37.504474334142415 ], [ 127.077894086937391, 37.50442258927054 ], [ 127.077820294300409, 37.504257934539112 ], [ 127.077582187375782, 37.504328275829273 ], [ 127.077623433753459, 37.504406816281296 ] ] ], [ [ [ 127.080774171381336, 37.504667033946461 ], [ 127.080877883005172, 37.504637672880584 ], [ 127.080811338764761, 37.504489143018823 ], [ 127.0807076614295, 37.504518675193545 ], [ 127.080774171381336, 37.504667033946461 ] ] ], [ [ [ 127.083354539470832, 37.504717784739483 ], [ 127.08346251239935, 37.504687084976432 ], [ 127.083395951658417, 37.504538529555646 ], [ 127.083288103272267, 37.504569184122481 ], [ 127.083354539470832, 37.504717784739483 ] ] ], [ [ [ 127.084777459297683, 37.504671479267017 ], [ 127.084724546170179, 37.504553116423658 ], [ 127.084579241557151, 37.504594439329352 ], [ 127.084646347081218, 37.504742570228558 ], [ 127.084753301943081, 37.504712131291818 ], [ 127.084777459297683, 37.504671479267017 ] ] ], [ [ [ 127.08362013878353, 37.504867084993535 ], [ 127.083556189321698, 37.504717834084651 ], [ 127.08344753800985, 37.504748714603274 ], [ 127.083511487291787, 37.504897974580359 ], [ 127.08362013878353, 37.504867084993535 ] ] ], [ [ [ 127.080504543488473, 37.504949578239589 ], [ 127.080629251084559, 37.504914085577866 ], [ 127.080639524660953, 37.504896869639374 ], [ 127.08059973426775, 37.504808057898728 ], [ 127.080548594619543, 37.504788810768609 ], [ 127.080445606394932, 37.504818098981637 ], [ 127.080504543488473, 37.504949578239589 ] ] ], [ [ [ 127.091569245570483, 37.504806512292923 ], [ 127.091383153463426, 37.504859722768941 ], [ 127.091419101013699, 37.504939884216846 ], [ 127.091605193293958, 37.504886673684702 ], [ 127.091569245570483, 37.504806512292923 ] ] ], [ [ [ 127.090231550066306, 37.505000247841146 ], [ 127.090371855135459, 37.504960309284229 ], [ 127.090306071830327, 37.504811495896448 ], [ 127.090112787997427, 37.504866475732364 ], [ 127.090179391982048, 37.504982717542539 ], [ 127.090231550066306, 37.505000247841146 ] ] ], [ [ [ 127.090372733788598, 37.505319995919493 ], [ 127.090424892152669, 37.505337526131434 ], [ 127.090511834150504, 37.505312773330353 ], [ 127.090454201960839, 37.50516180951896 ], [ 127.090306208552661, 37.505203907335748 ], [ 127.090372733788598, 37.505319995919493 ] ] ], [ [ [ 127.092029314048347, 37.505363878276277 ], [ 127.091978171096429, 37.50534463609992 ], [ 127.091829737576703, 37.505387123589784 ], [ 127.091869201490226, 37.505475274053985 ], [ 127.09205538525508, 37.505422062747058 ], [ 127.092029314048347, 37.505363878276277 ] ] ], [ [ [ 127.090364684370869, 37.505523005758207 ], [ 127.090304414794929, 37.505417796524355 ], [ 127.09027229586799, 37.505408729593505 ], [ 127.09014680574748, 37.505458360660469 ], [ 127.090212662220239, 37.505573206454329 ], [ 127.090364684370869, 37.505523005758207 ] ] ], [ [ [ 127.090499574431092, 37.505541446763047 ], [ 127.090565851035748, 37.505657184029275 ], [ 127.090618009679559, 37.505674714154551 ], [ 127.09080137997023, 37.505622561114308 ], [ 127.090734599494851, 37.505473343287399 ], [ 127.090499574431092, 37.505541446763047 ] ] ], [ [ [ 127.087137892212695, 37.505880444675263 ], [ 127.087071017828762, 37.505731945646531 ], [ 127.086906559727922, 37.505778709282403 ], [ 127.08695968106062, 37.505897350280293 ], [ 127.087010823106041, 37.505916594628566 ], [ 127.087137892212695, 37.505880444675263 ] ] ], [ [ [ 127.090314853052092, 37.505818372228454 ], [ 127.090448188033577, 37.505974640061474 ], [ 127.090611576723646, 37.505886011956086 ], [ 127.090527212974806, 37.505787137005015 ], [ 127.090473475081254, 37.50577312191993 ], [ 127.090314853052092, 37.505818372228454 ] ] ], [ [ [ 127.08002510656263, 37.505889485289444 ], [ 127.080091073856238, 37.506038169112124 ], [ 127.080191836513947, 37.506009495374037 ], [ 127.080125846473663, 37.50586085667203 ], [ 127.08002510656263, 37.505889485289444 ] ] ], [ [ [ 127.084979837977102, 37.506047700559385 ], [ 127.084929475085772, 37.505935480838161 ], [ 127.08474295667483, 37.505988401839382 ], [ 127.084793296713258, 37.506100630665316 ], [ 127.084979837977102, 37.506047700559385 ] ] ], [ [ [ 127.087225217339622, 37.506080510938546 ], [ 127.087158534910586, 37.50593204786523 ], [ 127.087033953061464, 37.505967484251869 ], [ 127.087009796617693, 37.506008226827831 ], [ 127.087062884152289, 37.506126696609407 ], [ 127.087225217339622, 37.506080510938546 ] ] ], [ [ [ 127.083374633543229, 37.506196308048708 ], [ 127.083229492504373, 37.505872463848895 ], [ 127.083016471299715, 37.505933049924067 ], [ 127.083161690675837, 37.506256867298546 ], [ 127.083374633543229, 37.506196308048708 ] ] ], [ [ [ 127.090724311233529, 37.506018139265166 ], [ 127.090560854573525, 37.506106803615687 ], [ 127.090626418202447, 37.50618359124995 ], [ 127.090789863674374, 37.506094953848212 ], [ 127.090724311233529, 37.506018139265166 ] ] ], [ [ [ 127.088703486674675, 37.506052489347411 ], [ 127.08849646150432, 37.506111287889844 ], [ 127.088554531711353, 37.506242889873405 ], [ 127.08880416952212, 37.506171797175327 ], [ 127.088703486674675, 37.506052489347411 ] ] ], [ [ [ 127.086985266305902, 37.506316295648361 ], [ 127.087009422861954, 37.506275553079426 ], [ 127.08695632383187, 37.506156939125525 ], [ 127.086836049159842, 37.506191155840376 ], [ 127.086902867023014, 37.506339727111154 ], [ 127.086985266305902, 37.506316295648361 ] ] ], [ [ [ 127.091726532525982, 37.506201388927217 ], [ 127.09179312246934, 37.506349867501157 ], [ 127.091957951810613, 37.506302952624196 ], [ 127.091904878963689, 37.506184421968797 ], [ 127.091853735483454, 37.506165179741963 ], [ 127.091726532525982, 37.506201388927217 ] ] ], [ [ [ 127.091403544309443, 37.506293320636537 ], [ 127.091199573356874, 37.506351373761049 ], [ 127.091181981229738, 37.50639418449709 ], [ 127.091271001329488, 37.506498452406873 ], [ 127.091468969118353, 37.506442079586911 ], [ 127.091403544309443, 37.506293320636537 ] ] ], [ [ [ 127.087165330184746, 37.506623405392908 ], [ 127.087112242073431, 37.50650488160818 ], [ 127.086942898010733, 37.506553018345571 ], [ 127.087009354452448, 37.50670155376816 ], [ 127.087141173498878, 37.506664057891641 ], [ 127.087165330184746, 37.506623405392908 ] ] ], [ [ [ 127.081941073678848, 37.50663120411815 ], [ 127.081857417439224, 37.506654975296101 ], [ 127.081833596966149, 37.506695446282514 ], [ 127.081886677065498, 37.506814152644388 ], [ 127.082007520392111, 37.506779841473524 ], [ 127.081941073678848, 37.50663120411815 ] ] ], [ [ [ 127.091948265489023, 37.506692524325324 ], [ 127.09153645518613, 37.506809653170535 ], [ 127.091602734143549, 37.506887430804973 ], [ 127.091655119649985, 37.506904599896153 ], [ 127.092016291774584, 37.506849633216504 ], [ 127.091948265489023, 37.506692524325324 ] ] ], [ [ [ 127.082834781422591, 37.507362941070461 ], [ 127.083021179910176, 37.507309761885658 ], [ 127.082983029348497, 37.507224625924344 ], [ 127.082796585727337, 37.507277733000855 ], [ 127.082834781422591, 37.507362941070461 ] ] ], [ [ [ 127.082361855650944, 37.50740579274634 ], [ 127.082548198207263, 37.507352776525877 ], [ 127.082518029663248, 37.50728549270832 ], [ 127.082466887735777, 37.507266156319638 ], [ 127.082318184688006, 37.507308460844044 ], [ 127.082361855650944, 37.50740579274634 ] ] ], [ [ [ 127.08583079211769, 37.507481385176057 ], [ 127.085733968595264, 37.507261088298783 ], [ 127.085547504119347, 37.507314109630862 ], [ 127.0855644435144, 37.507351840361409 ], [ 127.085544312077502, 37.507432854348274 ], [ 127.08583079211769, 37.507481385176057 ] ] ], [ [ [ 127.085192319241486, 37.507369034271662 ], [ 127.08501069165311, 37.507337997282335 ], [ 127.084975660272164, 37.507476289096822 ], [ 127.085134720277452, 37.507503332677054 ], [ 127.085162605758512, 37.507488734797889 ], [ 127.085192319241486, 37.507369034271662 ] ] ], [ [ [ 127.080657712383726, 37.507555791473813 ], [ 127.080717648729745, 37.507538749484269 ], [ 127.080648366206262, 37.507391167488329 ], [ 127.08048409266776, 37.507437877000058 ], [ 127.080657712383726, 37.507555791473813 ] ] ], [ [ [ 127.087412000509246, 37.507612431367832 ], [ 127.087586524892458, 37.507562767505867 ], [ 127.087538832923883, 37.507456376435464 ], [ 127.087487689692239, 37.507437132322273 ], [ 127.087350917297016, 37.507476037736176 ], [ 127.087412000509246, 37.507612431367832 ] ] ], [ [ [ 127.087979980282867, 37.507604448640215 ], [ 127.087918862145571, 37.507468082358038 ], [ 127.087693052786463, 37.507532317221994 ], [ 127.087740699751194, 37.507638681231562 ], [ 127.087791843288841, 37.507658015333959 ], [ 127.087979980282867, 37.507604448640215 ] ] ], [ [ [ 127.08365505259178, 37.507624383618825 ], [ 127.083453302512453, 37.507643264470346 ], [ 127.083436979591255, 37.507713373385513 ], [ 127.083625674442871, 37.507742795095098 ], [ 127.08365505259178, 37.507624383618825 ] ] ], [ [ [ 127.080161860552153, 37.507665053206203 ], [ 127.080121011383113, 37.507840162202619 ], [ 127.080274965084584, 37.507862926975285 ], [ 127.080321648771559, 37.507837397617095 ], [ 127.080355133702156, 37.507693657185129 ], [ 127.080161860552153, 37.507665053206203 ] ] ], [ [ [ 127.084570678348328, 37.507798536914038 ], [ 127.084469433097425, 37.507780137606716 ], [ 127.084422071362596, 37.507804858181849 ], [ 127.084408110973783, 37.507862802106914 ], [ 127.084550075685755, 37.50788405604375 ], [ 127.084570678348328, 37.507798536914038 ] ] ], [ [ [ 127.082631297093386, 37.508046838854277 ], [ 127.082670226998587, 37.507880226722023 ], [ 127.082475549743918, 37.507851348185369 ], [ 127.082436653467752, 37.50801806835117 ], [ 127.082631297093386, 37.508046838854277 ] ] ], [ [ [ 127.084390772786108, 37.507934533658442 ], [ 127.084374560692581, 37.508001849529911 ], [ 127.084516638858958, 37.508023193526483 ], [ 127.084532737728864, 37.507955877715368 ], [ 127.084390772786108, 37.507934533658442 ] ] ], [ [ [ 127.080453240116299, 37.508104905968146 ], [ 127.080494133017822, 37.507950438684816 ], [ 127.080275837336288, 37.507918067431341 ], [ 127.080240237885022, 37.508073260920526 ], [ 127.080453240116299, 37.508104905968146 ] ] ], [ [ [ 127.08331947494402, 37.508216932113534 ], [ 127.083340515081275, 37.508126727713602 ], [ 127.083159818436755, 37.50809990390561 ], [ 127.083138766779371, 37.508190108281816 ], [ 127.08331947494402, 37.508216932113534 ] ] ], [ [ [ 127.080657095347775, 37.508331947032325 ], [ 127.080290216924709, 37.508277555771961 ], [ 127.080269927161112, 37.50836424523834 ], [ 127.080464525069743, 37.508392496761964 ], [ 127.080454887043601, 37.508433759867465 ], [ 127.080649440627084, 37.508462641813729 ], [ 127.080675078036563, 37.508352982280059 ], [ 127.080657095347775, 37.508331947032325 ] ] ], [ [ [ 127.08616506332946, 37.508306558773519 ], [ 127.086147952923994, 37.508378290413518 ], [ 127.086296628359662, 37.508401618744628 ], [ 127.086314485207808, 37.508329985657312 ], [ 127.08616506332946, 37.508306558773519 ] ] ], [ [ [ 127.085659334029302, 37.50845007051813 ], [ 127.085800610915342, 37.508471882057542 ], [ 127.085817382269369, 37.508400060611024 ], [ 127.085677168958654, 37.508378509622844 ], [ 127.085659334029302, 37.50845007051813 ] ] ], [ [ [ 127.079994909411255, 37.508385241297837 ], [ 127.079972615124646, 37.508480581617057 ], [ 127.080167021509411, 37.508509365345681 ], [ 127.080189360807182, 37.508414033970304 ], [ 127.079994909411255, 37.508385241297837 ] ] ], [ [ [ 127.083688542834267, 37.508564551006508 ], [ 127.083720960562403, 37.50842271148769 ], [ 127.083573125975647, 37.508402253511797 ], [ 127.083538049707315, 37.508543743447724 ], [ 127.083688542834267, 37.508564551006508 ] ] ], [ [ [ 127.081824687731128, 37.508619802530035 ], [ 127.081846427880691, 37.508526678694608 ], [ 127.081691103545225, 37.508503664624349 ], [ 127.0816444199111, 37.508529194520747 ], [ 127.081630008878619, 37.50859092260545 ], [ 127.081824687731128, 37.508619802530035 ] ] ], [ [ [ 127.0861139581164, 37.508521663421952 ], [ 127.086097073613089, 37.508593214690805 ], [ 127.08624324919154, 37.508615905169847 ], [ 127.086260959720519, 37.50854481279648 ], [ 127.0861139581164, 37.508521663421952 ] ] ], [ [ [ 127.086225482302183, 37.508687195799538 ], [ 127.086080075976056, 37.508664766037342 ], [ 127.086063078205015, 37.508736227280977 ], [ 127.086207749187594, 37.508758378281819 ], [ 127.086225482302183, 37.508687195799538 ] ] ], [ [ [ 127.084550208556735, 37.508718829911246 ], [ 127.084533659926294, 37.508788668824209 ], [ 127.084678683076547, 37.508812533344773 ], [ 127.08469523137714, 37.508742514212621 ], [ 127.084550208556735, 37.508718829911246 ] ] ], [ [ [ 127.083298770121999, 37.509060369941849 ], [ 127.083332777440674, 37.50892330472557 ], [ 127.083152463631222, 37.508896669855126 ], [ 127.08312041296719, 37.509034012977764 ], [ 127.083298770121999, 37.509060369941849 ] ] ], [ [ [ 127.080077667374852, 37.509185551121753 ], [ 127.08027220013571, 37.509214424688672 ], [ 127.080353495155876, 37.50886730635326 ], [ 127.080158929230393, 37.508838333830518 ], [ 127.080077667374852, 37.509185551121753 ] ] ], [ [ [ 127.085221305295406, 37.5093835624847 ], [ 127.085353468325735, 37.509405912600421 ], [ 127.085421441794693, 37.509131862110465 ], [ 127.085390296509246, 37.509094222547901 ], [ 127.085296980647271, 37.509078386166514 ], [ 127.085221305295406, 37.5093835624847 ] ] ], [ [ [ 127.083025812922031, 37.509438526887905 ], [ 127.083055657615461, 37.509310835002019 ], [ 127.082883532978158, 37.509285464476349 ], [ 127.082853767261454, 37.509413237354792 ], [ 127.083025812922031, 37.509438526887905 ] ] ], [ [ [ 127.081154449350635, 37.509473590684024 ], [ 127.081308972156776, 37.509496281637709 ], [ 127.081355656507043, 37.509470751877281 ], [ 127.081372015695294, 37.509400652255074 ], [ 127.081178205964761, 37.509371852092848 ], [ 127.081154449350635, 37.509473590684024 ] ] ], [ [ [ 127.090609068521459, 37.51004717065274 ], [ 127.090023586130073, 37.509424120838766 ], [ 127.089788492532463, 37.50956034729802 ], [ 127.08962902006644, 37.509370355977097 ], [ 127.089586033099138, 37.509363630554844 ], [ 127.088458744112287, 37.509954438453448 ], [ 127.089252171686752, 37.510828629736835 ], [ 127.090609068521459, 37.51004717065274 ] ] ], [ [ [ 127.081173283484461, 37.515276627122965 ], [ 127.083077023362563, 37.514716890535112 ], [ 127.082688594707548, 37.513875897799764 ], [ 127.080769845306833, 37.514450504710183 ], [ 127.081173283484461, 37.515276627122965 ] ] ], [ [ [ 127.089551480563813, 37.514323733163558 ], [ 127.088730765194384, 37.514820790909425 ], [ 127.088346634783662, 37.514425626635742 ], [ 127.087914178307244, 37.514689395040492 ], [ 127.087906082728026, 37.514731387386846 ], [ 127.089038228928615, 37.515910228242852 ], [ 127.089940009108886, 37.515373914461847 ], [ 127.090070737749329, 37.514870970563734 ], [ 127.089551480563813, 37.514323733163558 ] ] ], [ [ [ 127.087267772645802, 37.516389955657999 ], [ 127.087937267052823, 37.516467403896691 ], [ 127.088869563688931, 37.515898009445756 ], [ 127.088043866941021, 37.515038436153326 ], [ 127.086736190564409, 37.515837849586674 ], [ 127.087267772645802, 37.516389955657999 ] ] ], [ [ [ 127.09739203105616, 37.49775451100102 ], [ 127.097007702517558, 37.497623717929613 ], [ 127.096914276537362, 37.497520899339278 ], [ 127.09673632457779, 37.497528611287535 ], [ 127.096738591243835, 37.497559243421122 ], [ 127.096897698360479, 37.497734359345962 ], [ 127.097333817554627, 37.497871769161137 ], [ 127.09739203105616, 37.49775451100102 ] ] ], [ [ [ 127.096580845290973, 37.49926027581413 ], [ 127.096452551247225, 37.497521271269328 ], [ 127.096221488585456, 37.497407840762605 ], [ 127.094573190340142, 37.497974977824214 ], [ 127.094651367631641, 37.49845857234881 ], [ 127.095016725359031, 37.498420982415091 ], [ 127.095163149755464, 37.499326820577174 ], [ 127.096580845290973, 37.49926027581413 ] ] ], [ [ [ 127.098718695850692, 37.498168327853733 ], [ 127.09855870865934, 37.498112363194416 ], [ 127.098495124351487, 37.49823777135861 ], [ 127.098718549142276, 37.498308162975455 ], [ 127.098718695850692, 37.498168327853733 ] ] ], [ [ [ 127.101709156544942, 37.497622473284835 ], [ 127.101301339432723, 37.498448106243458 ], [ 127.102685788497226, 37.498859667263439 ], [ 127.10308095027068, 37.498051222517056 ], [ 127.101709156544942, 37.497622473284835 ] ] ], [ [ [ 127.099378865118979, 37.498347550114772 ], [ 127.099533246155332, 37.498396247252458 ], [ 127.099585330981952, 37.498290408761896 ], [ 127.099430916286494, 37.498241774789108 ], [ 127.099378865118979, 37.498347550114772 ] ] ], [ [ [ 127.093512668637274, 37.498339811899818 ], [ 127.093313958153914, 37.498408181080571 ], [ 127.093397475128896, 37.498558123433718 ], [ 127.093596084287952, 37.498489862312901 ], [ 127.093512668637274, 37.498339811899818 ] ] ], [ [ [ 127.096773688661045, 37.498036744490967 ], [ 127.096856998651802, 37.499166259327737 ], [ 127.098372852376627, 37.499277128545621 ], [ 127.098374389556994, 37.498584781930582 ], [ 127.098717868312264, 37.498585581030987 ], [ 127.098718171959618, 37.498453404275587 ], [ 127.098574719989486, 37.498408201979814 ], [ 127.098573045056412, 37.498512088504185 ], [ 127.098374555165933, 37.498511620702594 ], [ 127.098374928343446, 37.498345250988365 ], [ 127.096993478971669, 37.497909976744523 ], [ 127.096773688661045, 37.498036744490967 ] ] ], [ [ [ 127.10030741229599, 37.498808557140258 ], [ 127.100481276481275, 37.498863336501458 ], [ 127.100536667463786, 37.498590017203995 ], [ 127.100432245222407, 37.4985571371381 ], [ 127.10030741229599, 37.498808557140258 ] ] ], [ [ [ 127.103338351819403, 37.498131442119103 ], [ 127.102943663004609, 37.498936661733062 ], [ 127.104604437662303, 37.499430818490858 ], [ 127.104989503256505, 37.498645171524061 ], [ 127.103338351819403, 37.498131442119103 ] ] ], [ [ [ 127.099667778747047, 37.499091463236482 ], [ 127.099740787633294, 37.498944476718243 ], [ 127.099923939915016, 37.499002105341368 ], [ 127.099994177739148, 37.498855238102635 ], [ 127.099749356589172, 37.498778118219292 ], [ 127.099678892218719, 37.498925012532851 ], [ 127.099323200631432, 37.498813124199287 ], [ 127.099250552884797, 37.498960074124426 ], [ 127.099667778747047, 37.499091463236482 ] ] ], [ [ [ 127.100766261430948, 37.498953197292025 ], [ 127.101304657230401, 37.499122798234922 ], [ 127.101366925162537, 37.498996930183075 ], [ 127.10122041589716, 37.498950742590964 ], [ 127.101284256621526, 37.498825539990619 ], [ 127.100938767558404, 37.498716684269475 ], [ 127.100874903779498, 37.498841922745065 ], [ 127.100828631940999, 37.498827356463579 ], [ 127.100766261430948, 37.498953197292025 ] ] ], [ [ [ 127.102612382274103, 37.498934062484899 ], [ 127.102275689314709, 37.498833897786028 ], [ 127.102215101100839, 37.498937753492264 ], [ 127.10259603382751, 37.499054449883076 ], [ 127.102635394560807, 37.498975308525623 ], [ 127.102612382274103, 37.498934062484899 ] ] ], [ [ [ 127.102850922071582, 37.49913045600875 ], [ 127.10290528246216, 37.499021199333754 ], [ 127.102793507444204, 37.498987967268754 ], [ 127.102741851249647, 37.499006211710991 ], [ 127.102703189819991, 37.499083919916764 ], [ 127.102850922071582, 37.49913045600875 ] ] ], [ [ [ 127.101605122539567, 37.499362714236639 ], [ 127.101396275026133, 37.499296928884114 ], [ 127.101300520206848, 37.499489742393024 ], [ 127.101509356853214, 37.499555518911592 ], [ 127.101605122539567, 37.499362714236639 ] ] ], [ [ [ 127.103922145960894, 37.499555722638533 ], [ 127.104022597024979, 37.499353505521746 ], [ 127.103874380666525, 37.499309413022743 ], [ 127.103822724514771, 37.499327657936533 ], [ 127.103738253595495, 37.499497659372871 ], [ 127.103922145960894, 37.499555722638533 ] ] ], [ [ [ 127.098602389613035, 37.499515596633415 ], [ 127.098715703037385, 37.499523792646777 ], [ 127.098715989307408, 37.499386930734417 ], [ 127.098677835587836, 37.499353625172731 ], [ 127.098621399488934, 37.499349499949986 ], [ 127.098602389613035, 37.499515596633415 ] ] ], [ [ [ 127.100575297555991, 37.499574370813832 ], [ 127.100620494907503, 37.499391691499383 ], [ 127.100431876624185, 37.499332257530341 ], [ 127.10038857361603, 37.499545370918952 ], [ 127.100575297555991, 37.499574370813832 ] ] ], [ [ [ 127.102011053617986, 37.49966014964054 ], [ 127.102257158332748, 37.499737615117326 ], [ 127.102329982382997, 37.499591041634709 ], [ 127.102083912013057, 37.499513585288199 ], [ 127.102011053617986, 37.49966014964054 ] ] ], [ [ [ 127.102539983688558, 37.499848908207206 ], [ 127.102801442224774, 37.499931215798291 ], [ 127.102883795397531, 37.49976543353268 ], [ 127.102622337337593, 37.499683117110841 ], [ 127.102539983688558, 37.499848908207206 ] ] ], [ [ [ 127.103980335519452, 37.49996551835882 ], [ 127.104264197330764, 37.500054921164612 ], [ 127.104388917218486, 37.499803461099987 ], [ 127.104105067483516, 37.499714031549118 ], [ 127.103980335519452, 37.49996551835882 ] ] ], [ [ [ 127.105654888892843, 37.499838914473223 ], [ 127.105592300323352, 37.499965370694625 ], [ 127.105706456785256, 37.500001400109291 ], [ 127.105769947381035, 37.499873132025478 ], [ 127.105654888892843, 37.499838914473223 ] ] ], [ [ [ 127.103470058637512, 37.499950012150322 ], [ 127.103073061528235, 37.499825025203769 ], [ 127.103000204888474, 37.49997168025574 ], [ 127.103397078170559, 37.500096604480504 ], [ 127.103470058637512, 37.499950012150322 ] ] ], [ [ [ 127.092962254252384, 37.499896714336082 ], [ 127.092992626309012, 37.499995809667134 ], [ 127.093186135948898, 37.499961773121164 ], [ 127.09315585456163, 37.499863038168499 ], [ 127.092962254252384, 37.499896714336082 ] ] ], [ [ [ 127.105083794155959, 37.500167731308174 ], [ 127.104593001907958, 37.500013098716728 ], [ 127.104530636601467, 37.500138842389575 ], [ 127.105021429545047, 37.500293475235765 ], [ 127.105083794155959, 37.500167731308174 ] ] ], [ [ [ 127.106567102960526, 37.500273189964233 ], [ 127.106700267900266, 37.500315328300957 ], [ 127.106772267426479, 37.500207504772909 ], [ 127.106752191403785, 37.500165265834553 ], [ 127.106637324347716, 37.500131103130705 ], [ 127.106567102960526, 37.500273189964233 ] ] ], [ [ [ 127.094677036423107, 37.500541777889296 ], [ 127.094715894250967, 37.500696691932276 ], [ 127.094894879533584, 37.500667988948571 ], [ 127.094874707997931, 37.500543757214047 ], [ 127.094828874062856, 37.500517484271668 ], [ 127.094677036423107, 37.500541777889296 ] ] ], [ [ [ 127.098712876770733, 37.500824566391614 ], [ 127.098713155707372, 37.500690767910015 ], [ 127.098553118937872, 37.50067930361935 ], [ 127.098535351985177, 37.500844948734517 ], [ 127.098671072771438, 37.5008548743209 ], [ 127.098712876770733, 37.500824566391614 ] ] ], [ [ [ 127.105628968308238, 37.500799572749514 ], [ 127.105368521834052, 37.500717540841762 ], [ 127.105295555484417, 37.50086401718157 ], [ 127.105555776083364, 37.500945959346978 ], [ 127.105628968308238, 37.500799572749514 ] ] ], [ [ [ 127.104528893252322, 37.500680893523366 ], [ 127.10437517720537, 37.500990880764959 ], [ 127.104597608775379, 37.501060955747853 ], [ 127.10464949248275, 37.501042980600886 ], [ 127.104773999046145, 37.500792394326446 ], [ 127.104751437258827, 37.500751058222605 ], [ 127.104528893252322, 37.500680893523366 ] ] ], [ [ [ 127.103594278089048, 37.500982358885452 ], [ 127.103696894814163, 37.501014625022933 ], [ 127.103773810759407, 37.500859478650312 ], [ 127.103671182831206, 37.500827158528459 ], [ 127.103594278089048, 37.500982358885452 ] ] ], [ [ [ 127.106629022417778, 37.501283964850543 ], [ 127.106889325177363, 37.50136596706772 ], [ 127.106961983464984, 37.50121942696277 ], [ 127.106722578217429, 37.50114404665225 ], [ 127.106629022417778, 37.501283964850543 ] ] ], [ [ [ 127.101070567208808, 37.501329684959636 ], [ 127.10120553057908, 37.501364439782165 ], [ 127.101252083832037, 37.501249243906379 ], [ 127.10111709810154, 37.501214543214999 ], [ 127.101070567208808, 37.501329684959636 ] ] ], [ [ [ 127.095506108595742, 37.501373346325693 ], [ 127.095359551567398, 37.50138019329026 ], [ 127.095369790488974, 37.50151909205627 ], [ 127.095516008549197, 37.501512272378648 ], [ 127.095506108595742, 37.501373346325693 ] ] ], [ [ [ 127.104416266434114, 37.501512694139635 ], [ 127.104393704626219, 37.501471357972555 ], [ 127.104302366911327, 37.501442578503678 ], [ 127.10422547399692, 37.501597662114825 ], [ 127.104256485640718, 37.501607428999513 ], [ 127.104179434024417, 37.501762431624634 ], [ 127.104239760348136, 37.50178143529601 ], [ 127.104291644639758, 37.501763460307558 ], [ 127.104416266434114, 37.501512694139635 ] ] ], [ [ [ 127.106115522109391, 37.501639864392139 ], [ 127.106290600111805, 37.501713870406512 ], [ 127.106345989457026, 37.501631010531398 ], [ 127.106160438513413, 37.501572601143188 ], [ 127.106115522109391, 37.501639864392139 ] ] ], [ [ [ 127.105226450066098, 37.501733568161811 ], [ 127.10512178379409, 37.501700611386717 ], [ 127.105044847200134, 37.501855785661597 ], [ 127.105149479939499, 37.50188889570299 ], [ 127.105226450066098, 37.501733568161811 ] ] ], [ [ [ 127.098668625945564, 37.502021398736957 ], [ 127.098710317620359, 37.50199118100641 ], [ 127.098710619062885, 37.501857292433101 ], [ 127.098596238832258, 37.50184892610708 ], [ 127.098579275050085, 37.502014876875265 ], [ 127.098668625945564, 37.502021398736957 ] ] ], [ [ [ 127.106651498006798, 37.502182501271399 ], [ 127.106540415329675, 37.502147515210822 ], [ 127.10646341324852, 37.502302609364627 ], [ 127.106574518801338, 37.502337640526115 ], [ 127.106651498006798, 37.502182501271399 ] ] ], [ [ [ 127.09352805157171, 37.501854063347864 ], [ 127.092835504738474, 37.502051279598071 ], [ 127.093140552055573, 37.502730936586104 ], [ 127.093755837051816, 37.502596028874898 ], [ 127.09352805157171, 37.501854063347864 ] ] ], [ [ [ 127.105678992537648, 37.502292752906591 ], [ 127.104357279514275, 37.501876478455124 ], [ 127.103872748136283, 37.502852490927651 ], [ 127.105055446012315, 37.503225113152851 ], [ 127.105678992537648, 37.502292752906591 ] ] ], [ [ [ 127.101468157047407, 37.502566131359387 ], [ 127.101260307402725, 37.502500462093025 ], [ 127.101220706755612, 37.502580260877671 ], [ 127.101432728872652, 37.50263681759386 ], [ 127.101468157047407, 37.502566131359387 ] ] ], [ [ [ 127.105347782356432, 37.503201259443472 ], [ 127.105248894496185, 37.503349191060245 ], [ 127.105452201283654, 37.503413181436997 ], [ 127.105529014634158, 37.503258304375436 ], [ 127.105347782356432, 37.503201259443472 ] ] ], [ [ [ 127.095866587620023, 37.503487341108247 ], [ 127.095844472526139, 37.503348334786153 ], [ 127.095672707361899, 37.503367599995876 ], [ 127.09569494644461, 37.503506525161193 ], [ 127.095866587620023, 37.503487341108247 ] ] ], [ [ [ 127.09895595637407, 37.50356051721036 ], [ 127.098992852735307, 37.503407839706526 ], [ 127.09886412606204, 37.503387871616752 ], [ 127.0988205090934, 37.503416559284084 ], [ 127.098820329294966, 37.503539455547383 ], [ 127.09895595637407, 37.50356051721036 ] ] ], [ [ [ 127.106484968127049, 37.503562536726903 ], [ 127.106663635612747, 37.503628150681962 ], [ 127.106752900045748, 37.503474505126007 ], [ 127.106638593666858, 37.503432476234956 ], [ 127.106584212644336, 37.503444688083626 ], [ 127.106484968127049, 37.503562536726903 ] ] ], [ [ [ 127.098819692206149, 37.503911297894717 ], [ 127.098819509165253, 37.504040411035312 ], [ 127.098855405314652, 37.504075159979926 ], [ 127.098995218697468, 37.504096848844441 ], [ 127.099028721843126, 37.503943741664116 ], [ 127.098819692206149, 37.503911297894717 ] ] ], [ [ [ 127.095564768136526, 37.504140985435043 ], [ 127.095584581360939, 37.504266388556893 ], [ 127.095768357626312, 37.504245789428197 ], [ 127.095740554532, 37.504089353334358 ], [ 127.095599217167575, 37.504105188391129 ], [ 127.095564768136526, 37.504140985435043 ] ] ], [ [ [ 127.095313346892354, 37.50430376137092 ], [ 127.095354356122726, 37.504458123785902 ], [ 127.095459289688833, 37.504442993725256 ], [ 127.095492720374409, 37.504406656925234 ], [ 127.095472883969592, 37.504280713210711 ], [ 127.095313346892354, 37.50430376137092 ] ] ], [ [ [ 127.102035250231779, 37.504550116049145 ], [ 127.102118385386092, 37.504388946886856 ], [ 127.101984119950771, 37.504373023388027 ], [ 127.101935406479896, 37.504395860049058 ], [ 127.101885548704701, 37.504501679553989 ], [ 127.102035250231779, 37.504550116049145 ] ] ], [ [ [ 127.102312636845525, 37.504573287622875 ], [ 127.102471584067118, 37.504625707095123 ], [ 127.102571630516081, 37.504442619908424 ], [ 127.102427524030063, 37.504425534034496 ], [ 127.102378357309973, 37.504447650466872 ], [ 127.102312636845525, 37.504573287622875 ] ] ], [ [ [ 127.101253695557418, 37.50483313313147 ], [ 127.101345348955221, 37.504697554672809 ], [ 127.101238979023194, 37.504652495516055 ], [ 127.101147314333801, 37.504788191032517 ], [ 127.101253695557418, 37.50483313313147 ] ] ], [ [ [ 127.094410293616363, 37.504687362938341 ], [ 127.09436027924194, 37.50466631890815 ], [ 127.094204465646115, 37.504710734310322 ], [ 127.094269250398682, 37.504859834629137 ], [ 127.094322398073103, 37.504844683156925 ], [ 127.094389409975136, 37.504992817589056 ], [ 127.094464705498126, 37.504971404725211 ], [ 127.094491008389753, 37.5049322807265 ], [ 127.094410293616363, 37.504687362938341 ] ] ], [ [ [ 127.093122242181622, 37.504961731467532 ], [ 127.093190754589656, 37.504942216770239 ], [ 127.093215020425717, 37.504901472839968 ], [ 127.093161946589248, 37.504782942722287 ], [ 127.093055809081307, 37.504813172397029 ], [ 127.093122242181622, 37.504961731467532 ] ] ], [ [ [ 127.095834996961017, 37.504985968970047 ], [ 127.095807306443817, 37.50482945173222 ], [ 127.095715270612132, 37.504839769499689 ], [ 127.09568082129978, 37.504875566573375 ], [ 127.095700770630287, 37.505000969551297 ], [ 127.095834996961017, 37.504985968970047 ] ] ], [ [ [ 127.099162420658715, 37.505080113753635 ], [ 127.09927349231792, 37.505097275999134 ], [ 127.099310852557608, 37.504944661121883 ], [ 127.099199871557644, 37.504927471806063 ], [ 127.099162420658715, 37.505080113753635 ] ] ], [ [ [ 127.103428133943112, 37.505048796178656 ], [ 127.103240147193347, 37.504975157482441 ], [ 127.103182624207037, 37.505065225674926 ], [ 127.103371278761799, 37.505139134185008 ], [ 127.103428133943112, 37.505048796178656 ] ] ], [ [ [ 127.099954229544551, 37.505311850943023 ], [ 127.09975884801365, 37.505289227356172 ], [ 127.099738917930594, 37.505382316982747 ], [ 127.099934491028208, 37.505404228654363 ], [ 127.099954229544551, 37.505311850943023 ] ] ], [ [ [ 127.105870674319277, 37.50553644610897 ], [ 127.10596256333119, 37.505396773351713 ], [ 127.105839905501213, 37.505344876153167 ], [ 127.105748004914076, 37.505484476746801 ], [ 127.105870674319277, 37.50553644610897 ] ] ], [ [ [ 127.101427575367836, 37.505474244241462 ], [ 127.101447649701328, 37.505516393949065 ], [ 127.101611167275621, 37.505585632328199 ], [ 127.101703969654082, 37.505446403594782 ], [ 127.101484403863367, 37.505353462487847 ], [ 127.101427575367836, 37.505474244241462 ] ] ], [ [ [ 127.096501194645867, 37.505659147181639 ], [ 127.096382685577368, 37.505672424002768 ], [ 127.096404587033916, 37.505811078950686 ], [ 127.096524668118846, 37.505797602624028 ], [ 127.096501194645867, 37.505659147181639 ] ] ], [ [ [ 127.105656857954017, 37.506142465510038 ], [ 127.105644130061719, 37.506098598153351 ], [ 127.105525002035805, 37.506048202189028 ], [ 127.105431979684568, 37.506187334989889 ], [ 127.105564823428452, 37.506243548420599 ], [ 127.105656857954017, 37.506142465510038 ] ] ], [ [ [ 127.096031212973088, 37.506237342869333 ], [ 127.096004433502969, 37.50607751832176 ], [ 127.095873134212226, 37.506092300516492 ], [ 127.095894122230177, 37.506224730386336 ], [ 127.095939847273058, 37.506251273274039 ], [ 127.096031212973088, 37.506237342869333 ] ] ], [ [ [ 127.094884091169106, 37.506263014482265 ], [ 127.095075077738812, 37.506234049480526 ], [ 127.095034177466843, 37.506085759652727 ], [ 127.094850320479225, 37.506117980567318 ], [ 127.094884091169106, 37.506263014482265 ] ] ], [ [ [ 127.104949575534079, 37.506223041407551 ], [ 127.104854619604922, 37.506182876952629 ], [ 127.104761595854328, 37.506322018234435 ], [ 127.104856404820566, 37.506362137841812 ], [ 127.104949575534079, 37.506223041407551 ] ] ], [ [ [ 127.094263977297501, 37.506356936405474 ], [ 127.094233165914886, 37.506226135753202 ], [ 127.0939927714617, 37.506268310664986 ], [ 127.093965563391279, 37.506307705551819 ], [ 127.094005200193081, 37.506396053371212 ], [ 127.094263977297501, 37.506356936405474 ] ] ], [ [ [ 127.093855433720847, 37.506330406723094 ], [ 127.093804402740133, 37.506311165253585 ], [ 127.093677426567055, 37.506347286261324 ], [ 127.093733356896237, 37.506469462924784 ], [ 127.093665620922948, 37.506486787902816 ], [ 127.09371313710075, 37.506590816037061 ], [ 127.09391305794081, 37.506560386325965 ], [ 127.093941058152268, 37.506521261132335 ], [ 127.093855433720847, 37.506330406723094 ] ] ], [ [ [ 127.103700392132581, 37.506709567924545 ], [ 127.103787642090651, 37.506605859702546 ], [ 127.103773897572239, 37.506562173226776 ], [ 127.103634027169235, 37.506503008587423 ], [ 127.103543399866766, 37.506643191989347 ], [ 127.103700392132581, 37.506709567924545 ] ] ], [ [ [ 127.103507198780292, 37.506627888273478 ], [ 127.103412808943162, 37.506587974452785 ], [ 127.103320245950215, 37.50672728538396 ], [ 127.103414624603971, 37.506767199287253 ], [ 127.103507198780292, 37.506627888273478 ] ] ], [ [ [ 127.106774494736598, 37.506805257778453 ], [ 127.106681776645971, 37.506732981257599 ], [ 127.106543379709905, 37.506839422068147 ], [ 127.106636075204733, 37.506911716736404 ], [ 127.106774494736598, 37.506805257778453 ] ] ], [ [ [ 127.106293524269631, 37.507148956318687 ], [ 127.106404833694484, 37.507235704669903 ], [ 127.106539065061966, 37.507126096221128 ], [ 127.106422569993597, 37.507035271082103 ], [ 127.106293524269631, 37.507148956318687 ] ] ], [ [ [ 127.103582462244233, 37.507256557239288 ], [ 127.103674787683488, 37.507117093151045 ], [ 127.103541072423866, 37.507060499937175 ], [ 127.103453742451578, 37.507164226058528 ], [ 127.103467486894701, 37.507207912567146 ], [ 127.103582462244233, 37.507256557239288 ] ] ], [ [ [ 127.106845364150757, 37.507579241379325 ], [ 127.106979685992073, 37.507469650375626 ], [ 127.106879086482465, 37.507391218233096 ], [ 127.106743451247056, 37.507499792166932 ], [ 127.106845364150757, 37.507579241379325 ] ] ], [ [ [ 127.106477834765045, 37.507507011195614 ], [ 127.106564416935413, 37.507574536057653 ], [ 127.106702532130612, 37.507467870236511 ], [ 127.106615882049169, 37.507400309495019 ], [ 127.106477834765045, 37.507507011195614 ] ] ], [ [ [ 127.106398015236721, 37.508239214380104 ], [ 127.106311556958588, 37.508171761374001 ], [ 127.106174787222315, 37.508279434651115 ], [ 127.106261143559991, 37.508346779726843 ], [ 127.106398015236721, 37.508239214380104 ] ] ], [ [ [ 127.106718846758881, 37.50831815377574 ], [ 127.106716634622131, 37.508273105889913 ], [ 127.106621061493456, 37.508198597410129 ], [ 127.106487394705212, 37.508308827119436 ], [ 127.106617694039556, 37.508410460867957 ], [ 127.106718846758881, 37.50831815377574 ] ] ], [ [ [ 127.094795023235747, 37.507760362315665 ], [ 127.09401278600572, 37.508190302579102 ], [ 127.094846609873684, 37.509133441265128 ], [ 127.095608527988631, 37.508730721846 ], [ 127.094795023235747, 37.507760362315665 ] ] ], [ [ [ 127.105240340126315, 37.50863519762278 ], [ 127.105138031178896, 37.508555423028284 ], [ 127.105001428881863, 37.508663220934039 ], [ 127.105103896248636, 37.508743049566249 ], [ 127.105240340126315, 37.50863519762278 ] ] ], [ [ [ 127.106301840162303, 37.508882818871967 ], [ 127.106392307413273, 37.508953376757162 ], [ 127.106523824395211, 37.508841608372833 ], [ 127.106400691628053, 37.508745581377546 ], [ 127.106299628384591, 37.508837861081922 ], [ 127.106301840162303, 37.508882818871967 ] ] ], [ [ [ 127.105723823423872, 37.509226447853706 ], [ 127.105541168633707, 37.509083962994843 ], [ 127.105408540457319, 37.509195082541119 ], [ 127.105567621643132, 37.509319099910883 ], [ 127.105624170554279, 37.509317338194045 ], [ 127.105723823423872, 37.509226447853706 ] ] ], [ [ [ 127.106177649999026, 37.509365953454456 ], [ 127.105960822562139, 37.50919684802912 ], [ 127.105904273750184, 37.509198609906996 ], [ 127.105804756884766, 37.509289518299717 ], [ 127.106043097135071, 37.509475363518561 ], [ 127.106177649999026, 37.509365953454456 ] ] ], [ [ [ 127.111660066491226, 37.49018384892031 ], [ 127.111716874703959, 37.490060629266011 ], [ 127.111185068677472, 37.489899601837379 ], [ 127.111105606524802, 37.490066153318956 ], [ 127.111587178242786, 37.490214100341674 ], [ 127.111660066491226, 37.49018384892031 ] ] ], [ [ [ 127.107190481250171, 37.500295429267894 ], [ 127.107043517083454, 37.500251781123268 ], [ 127.106963730584411, 37.500370865235382 ], [ 127.107149301412065, 37.500429003058059 ], [ 127.107210444338577, 37.50033757813187 ], [ 127.107190481250171, 37.500295429267894 ] ] ], [ [ [ 127.107681603680604, 37.500606310895726 ], [ 127.107207808052536, 37.500457007818547 ], [ 127.107130481945944, 37.500572539904638 ], [ 127.107149992843944, 37.500614779280902 ], [ 127.107606173416627, 37.500758530235728 ], [ 127.107681603680604, 37.500606310895726 ] ] ], [ [ [ 127.1104127113923, 37.500618168939091 ], [ 127.110292078851899, 37.500750789885387 ], [ 127.110470815247822, 37.500850590935713 ], [ 127.110591458940732, 37.500717969798949 ], [ 127.1104127113923, 37.500618168939091 ] ] ], [ [ [ 127.110052506752183, 37.500717673289998 ], [ 127.1102291879793, 37.500819864240135 ], [ 127.11028956097833, 37.500753567278281 ], [ 127.11011287969508, 37.500651286317463 ], [ 127.110052506752183, 37.500717673289998 ] ] ], [ [ [ 127.110268424201976, 37.501073080707712 ], [ 127.110335278316228, 37.500999596803211 ], [ 127.110156428706844, 37.500899831694525 ], [ 127.11008960844589, 37.500973324477975 ], [ 127.110268424201976, 37.501073080707712 ] ] ], [ [ [ 127.109959309541551, 37.501116531679259 ], [ 127.109998512163571, 37.501073436983809 ], [ 127.109821887157594, 37.500971218611845 ], [ 127.109761513686863, 37.501037596422883 ], [ 127.109938183964317, 37.501139787812434 ], [ 127.109827090700264, 37.501261884869507 ], [ 127.110005929441314, 37.501361659490321 ], [ 127.110138159406901, 37.501216297082308 ], [ 127.109959309541551, 37.501116531679259 ] ] ], [ [ [ 127.107161220813495, 37.501689137527585 ], [ 127.107270074238698, 37.501723440244412 ], [ 127.107346530916885, 37.501568129799914 ], [ 127.107237564591657, 37.501533827253553 ], [ 127.107161220813495, 37.501689137527585 ] ] ], [ [ [ 127.107293305541802, 37.502326394388497 ], [ 127.107335179552194, 37.502339574529564 ], [ 127.107389105501426, 37.502326101344053 ], [ 127.107582168508728, 37.502096624165169 ], [ 127.107565370031764, 37.502053571538276 ], [ 127.107484156636531, 37.50202800200784 ], [ 127.107407224486025, 37.502183096715981 ], [ 127.107370215659586, 37.502171443937534 ], [ 127.107293305541802, 37.502326394388497 ] ] ], [ [ [ 127.107947910136943, 37.50235348512328 ], [ 127.107857067849608, 37.502324888161766 ], [ 127.107934112318347, 37.50216980207373 ], [ 127.107748547423625, 37.502111341139461 ], [ 127.107694621693653, 37.502124814489207 ], [ 127.107595640534953, 37.502242492663591 ], [ 127.107835027636597, 37.502317934274231 ], [ 127.107758220139061, 37.502472902951105 ], [ 127.107871249907788, 37.502508489779821 ], [ 127.107947910136943, 37.50235348512328 ] ] ], [ [ [ 127.112138962715747, 37.502240208824809 ], [ 127.112027435005643, 37.502227338833436 ], [ 127.112006167431275, 37.502322855504254 ], [ 127.112108909770797, 37.502336914047341 ], [ 127.112138962715747, 37.502240208824809 ] ] ], [ [ [ 127.111800260839303, 37.502323056910846 ], [ 127.111815679471491, 37.502195190899258 ], [ 127.111627563540424, 37.502172931532442 ], [ 127.111603342531936, 37.50230612161117 ], [ 127.111563180696066, 37.502373553679178 ], [ 127.111723186781106, 37.502437285280642 ], [ 127.111800260839303, 37.502323056910846 ] ] ], [ [ [ 127.108588190905024, 37.502375800913967 ], [ 127.108491363066037, 37.502345308759374 ], [ 127.108414319571267, 37.502500395204706 ], [ 127.108511272096749, 37.502530968398432 ], [ 127.108588190905024, 37.502375800913967 ] ] ], [ [ [ 127.110604463385698, 37.502816292244951 ], [ 127.11023140165203, 37.502604180824193 ], [ 127.110167075274063, 37.50267489626232 ], [ 127.110545884847255, 37.502896535136955 ], [ 127.110604463385698, 37.502816292244951 ] ] ], [ [ [ 127.11078452214953, 37.502834253920078 ], [ 127.110849771258771, 37.502745156936079 ], [ 127.110765120728189, 37.502705951737333 ], [ 127.11073233385298, 37.502712829637083 ], [ 127.110679624810246, 37.502785138388489 ], [ 127.11078452214953, 37.502834253920078 ] ] ], [ [ [ 127.108398609416426, 37.502911832118912 ], [ 127.108475495291714, 37.502756926036696 ], [ 127.108237984393128, 37.502682123744471 ], [ 127.10816112079857, 37.502837083714077 ], [ 127.108398609416426, 37.502911832118912 ] ] ], [ [ [ 127.107381236609584, 37.503008623372793 ], [ 127.107272969693398, 37.502974563511479 ], [ 127.107187583672783, 37.503134567048626 ], [ 127.107294508263365, 37.503170961773613 ], [ 127.107381236609584, 37.503008623372793 ] ] ], [ [ [ 127.110922891602726, 37.503563015113485 ], [ 127.111057496980408, 37.503656504050639 ], [ 127.111139945618987, 37.503581194255723 ], [ 127.111005374110235, 37.503487642310063 ], [ 127.110922891602726, 37.503563015113485 ] ] ], [ [ [ 127.107294867074742, 37.503673826378503 ], [ 127.107195530221347, 37.503637316750329 ], [ 127.107106628353904, 37.503790926272039 ], [ 127.107205637242046, 37.503827328147644 ], [ 127.107294867074742, 37.503673826378503 ] ] ], [ [ [ 127.111955987765782, 37.50395022170742 ], [ 127.112047944924797, 37.503865784296231 ], [ 127.111961894480316, 37.50380649803337 ], [ 127.111873806978409, 37.503884507649659 ], [ 127.111955987765782, 37.50395022170742 ] ] ], [ [ [ 127.109779269318992, 37.503959597706505 ], [ 127.109717100173668, 37.504029418919522 ], [ 127.109906224891105, 37.504136455270498 ], [ 127.109977822056607, 37.50407168891104 ], [ 127.109779269318992, 37.503959597706505 ] ] ], [ [ [ 127.11079866877175, 37.504385290537861 ], [ 127.110668850939931, 37.50429496840659 ], [ 127.11056549479197, 37.504389308216766 ], [ 127.110695323972735, 37.504479630449666 ], [ 127.11079866877175, 37.504385290537861 ] ] ], [ [ [ 127.110360630505426, 37.504745265082441 ], [ 127.110514236815916, 37.504853891890711 ], [ 127.110602108830236, 37.504773712094156 ], [ 127.110598198166699, 37.504728755923338 ], [ 127.110466976273671, 37.504637524864549 ], [ 127.110360630505426, 37.504745265082441 ] ] ], [ [ [ 127.112038011294757, 37.505182781863859 ], [ 127.112184405910668, 37.505061911139826 ], [ 127.112090747659536, 37.50499071191247 ], [ 127.111944364221259, 37.505111501421695 ], [ 127.112038011294757, 37.505182781863859 ] ] ], [ [ [ 127.112171632025166, 37.505372496960597 ], [ 127.11204445174242, 37.505255396240756 ], [ 127.111953067683345, 37.505330805099284 ], [ 127.112068333929855, 37.505436897866275 ], [ 127.112171632025166, 37.505372496960597 ] ] ], [ [ [ 127.110184089000867, 37.505541927483314 ], [ 127.110054723264611, 37.505631965962429 ], [ 127.110200121681771, 37.505765098824249 ], [ 127.110329600830909, 37.505675240282962 ], [ 127.110184089000867, 37.505541927483314 ] ] ], [ [ [ 127.11054059337836, 37.505868570998125 ], [ 127.110427639616276, 37.505765096518111 ], [ 127.110297979160492, 37.505854739093067 ], [ 127.110411114018461, 37.505958339668247 ], [ 127.11054059337836, 37.505868570998125 ] ] ], [ [ [ 127.109829769633464, 37.506866529867111 ], [ 127.110362861401597, 37.507388176813649 ], [ 127.110755025321282, 37.507824005587246 ], [ 127.11166906264468, 37.507242175815591 ], [ 127.111674086190419, 37.507197301468494 ], [ 127.110673948399011, 37.506281483092828 ], [ 127.109829769633464, 37.506866529867111 ] ] ], [ [ [ 127.108989142516663, 37.507019160721356 ], [ 127.108861540846618, 37.507135478359423 ], [ 127.108758787973187, 37.507054977477004 ], [ 127.108626596544113, 37.507165127196053 ], [ 127.108746344067882, 37.507258488017889 ], [ 127.108878253059331, 37.507148563672629 ], [ 127.108997990347333, 37.507242473857083 ], [ 127.109133550973837, 37.507131798076472 ], [ 127.108989142516663, 37.507019160721356 ] ] ], [ [ [ 127.107809766207012, 37.507322278111111 ], [ 127.107910746559298, 37.507230123307565 ], [ 127.107908420768638, 37.507185165638226 ], [ 127.107767025854685, 37.507074902707885 ], [ 127.107633011278821, 37.507184521366987 ], [ 127.107809766207012, 37.507322278111111 ] ] ], [ [ [ 127.108089586451271, 37.507250865239875 ], [ 127.108217610244637, 37.507350697300183 ], [ 127.108352495678332, 37.507241464622581 ], [ 127.108188545582593, 37.507113617107414 ], [ 127.108087373908191, 37.50720608767157 ], [ 127.108089586451271, 37.507250865239875 ] ] ], [ [ [ 127.111575277504258, 37.507371123852145 ], [ 127.111626241667224, 37.507433686656789 ], [ 127.111804703669321, 37.507342600550814 ], [ 127.11176459394575, 37.50729335344186 ], [ 127.111708825166374, 37.507286107397654 ], [ 127.111575277504258, 37.507371123852145 ] ] ], [ [ [ 127.111984857782588, 37.507563536936814 ], [ 127.111928658719179, 37.507494663191025 ], [ 127.111749970041757, 37.507585569494069 ], [ 127.11180615783212, 37.507654533434099 ], [ 127.111984857782588, 37.507563536936814 ] ] ], [ [ [ 127.111217864444143, 37.507598579672724 ], [ 127.111300689474618, 37.50770022531168 ], [ 127.111448356333355, 37.507625242152216 ], [ 127.111378266542786, 37.507539235093986 ], [ 127.111322497617294, 37.507531988867939 ], [ 127.111217864444143, 37.507598579672724 ] ] ], [ [ [ 127.111747903336195, 37.508249146803927 ], [ 127.111895649930332, 37.508174117967719 ], [ 127.111819485965341, 37.508080674619244 ], [ 127.111671739491882, 37.508155712371206 ], [ 127.111747903336195, 37.508249146803927 ] ] ], [ [ [ 127.112140210424144, 37.508374919672214 ], [ 127.112195418007715, 37.508384508629057 ], [ 127.11234948191796, 37.508306193678798 ], [ 127.112237319234325, 37.508168185015293 ], [ 127.112049452226827, 37.508263641389178 ], [ 127.112140210424144, 37.508374919672214 ] ] ], [ [ [ 127.109490343940507, 37.508363496049618 ], [ 127.109552544094754, 37.508438131839362 ], [ 127.109698607134902, 37.508362467583503 ], [ 127.109623593489786, 37.508272805955016 ], [ 127.109490343940507, 37.508363496049618 ] ] ], [ [ [ 127.112082684206314, 37.508403625234898 ], [ 127.111997047373308, 37.50829854998846 ], [ 127.111849300768654, 37.508373669049718 ], [ 127.111836168601755, 37.508357544456736 ], [ 127.111688466920015, 37.508432636244386 ], [ 127.111787371633383, 37.508554007374435 ], [ 127.111842579304181, 37.508563596495719 ], [ 127.112070647220605, 37.508447605156746 ], [ 127.112082684206314, 37.508403625234898 ] ] ], [ [ [ 127.107297299663543, 37.508436118336128 ], [ 127.107151136408376, 37.508322083784819 ], [ 127.10701691535121, 37.508431864087747 ], [ 127.107162863457702, 37.50854570978597 ], [ 127.107297299663543, 37.508436118336128 ] ] ], [ [ [ 127.109686575169533, 37.508599017361227 ], [ 127.109832943279059, 37.50852301929298 ], [ 127.10976583743826, 37.50844281097568 ], [ 127.109619616175806, 37.508518619618002 ], [ 127.109686575169533, 37.508599017361227 ] ] ], [ [ [ 127.10686035467748, 37.508814116659742 ], [ 127.106957276275921, 37.508889713940292 ], [ 127.107091826627155, 37.508780212727942 ], [ 127.106994905035165, 37.508704615556368 ], [ 127.10686035467748, 37.508814116659742 ] ] ], [ [ [ 127.109663548048061, 37.509163765346855 ], [ 127.109580765829662, 37.509067866906619 ], [ 127.109442809448964, 37.509150488309039 ], [ 127.109528122831719, 37.509244825805602 ], [ 127.109663548048061, 37.509163765346855 ] ] ], [ [ [ 127.107904664561957, 37.509160785420306 ], [ 127.107734078310571, 37.509276924266025 ], [ 127.107869370817511, 37.509395887306489 ], [ 127.108033098502204, 37.509284466666266 ], [ 127.107904664561957, 37.509160785420306 ] ] ], [ [ [ 127.109304759909605, 37.509553972660555 ], [ 127.109406028745468, 37.509661459243496 ], [ 127.109540728688756, 37.509578804828642 ], [ 127.109529853539044, 37.509566831514142 ], [ 127.109569067791213, 37.509544270729293 ], [ 127.109486280242606, 37.509452733059177 ], [ 127.109304759909605, 37.509553972660555 ] ] ], [ [ [ 127.109413181709868, 37.509759120772095 ], [ 127.109322356758412, 37.50966269791828 ], [ 127.109173306665511, 37.509755357217266 ], [ 127.109278641346563, 37.509866561317239 ], [ 127.109403066086671, 37.509803368957201 ], [ 127.109413181709868, 37.509759120772095 ] ] ], [ [ [ 127.109577212060117, 37.509858711190347 ], [ 127.109661869516515, 37.509975943507996 ], [ 127.10980953969846, 37.509906854938691 ], [ 127.109705527626403, 37.509756564858023 ], [ 127.10959072133663, 37.509814910384506 ], [ 127.109577212060117, 37.509858711190347 ] ] ], [ [ [ 127.107962443901329, 37.510105338522081 ], [ 127.108103133194803, 37.51000942669058 ], [ 127.108028952140685, 37.509940387141306 ], [ 127.107888149649938, 37.510036208887811 ], [ 127.107962443901329, 37.510105338522081 ] ] ], [ [ [ 127.11141346266345, 37.510023161004618 ], [ 127.111360639009504, 37.509943111517437 ], [ 127.111213694644817, 37.510004876246327 ], [ 127.111284201680107, 37.510111759072913 ], [ 127.111396333776682, 37.510066064386734 ], [ 127.11141346266345, 37.510023161004618 ] ] ], [ [ [ 127.109563244276373, 37.51021218502229 ], [ 127.109632454785228, 37.510307771518526 ], [ 127.109776285526038, 37.510242434654856 ], [ 127.109707006616077, 37.510146559985586 ], [ 127.109563244276373, 37.51021218502229 ] ] ], [ [ [ 127.108169215303221, 37.510753599401866 ], [ 127.108427248236538, 37.510623532525727 ], [ 127.108302477749675, 37.510469367706065 ], [ 127.108045022999292, 37.510600163598838 ], [ 127.108169215303221, 37.510753599401866 ] ] ], [ [ [ 127.109029312863541, 37.510700372713472 ], [ 127.108948310374473, 37.510599985272123 ], [ 127.108822719725765, 37.510663718802796 ], [ 127.108908175190081, 37.510761831769365 ], [ 127.109029312863541, 37.510700372713472 ] ] ], [ [ [ 127.109688480528348, 37.510781680558416 ], [ 127.109703913334982, 37.510738328483413 ], [ 127.109650869088753, 37.510669099413406 ], [ 127.109509937989003, 37.510737965376542 ], [ 127.109578041850924, 37.51082665127273 ], [ 127.109688480528348, 37.510781680558416 ] ] ], [ [ [ 127.108450172726009, 37.51107419033108 ], [ 127.108319390083508, 37.511130521829429 ], [ 127.10841924620793, 37.511277933667706 ], [ 127.108551615968892, 37.511224024303054 ], [ 127.108450172726009, 37.51107419033108 ] ] ], [ [ [ 127.111733380383313, 37.51121803510123 ], [ 127.1117821311516, 37.511296466411423 ], [ 127.11198062617369, 37.511216002162925 ], [ 127.111931546448844, 37.511137030643155 ], [ 127.111733380383313, 37.51121803510123 ] ] ], [ [ [ 127.111216736204824, 37.511302687117904 ], [ 127.11131740002169, 37.511464664863219 ], [ 127.111493071190509, 37.511391881119472 ], [ 127.111410977458348, 37.511259691216317 ], [ 127.11135734446718, 37.511245415252262 ], [ 127.111216736204824, 37.511302687117904 ] ] ], [ [ [ 127.112042581012631, 37.512348316664045 ], [ 127.112060728276859, 37.512305592451092 ], [ 127.111978315176827, 37.512172952764715 ], [ 127.111800715061591, 37.512242495434819 ], [ 127.111901165998404, 37.512404130475176 ], [ 127.112042581012631, 37.512348316664045 ] ] ], [ [ [ 127.110370339218264, 37.512304414190801 ], [ 127.110303744547295, 37.512197274977225 ], [ 127.110104768323808, 37.512276529504376 ], [ 127.110171237971642, 37.51238339864485 ], [ 127.110370339218264, 37.512304414190801 ] ] ], [ [ [ 127.112408915552805, 37.512304256986688 ], [ 127.112500365578541, 37.512451321841894 ], [ 127.112699691677832, 37.512372954940417 ], [ 127.11262584878726, 37.512254155957052 ], [ 127.112572214720544, 37.512239790448973 ], [ 127.112408915552805, 37.512304256986688 ] ] ], [ [ [ 127.110352100533518, 37.512674335086693 ], [ 127.110436551848352, 37.512810136515775 ], [ 127.110635586108316, 37.51273116970156 ], [ 127.110551168441745, 37.512595359372092 ], [ 127.110352100533518, 37.512674335086693 ] ] ], [ [ [ 127.109791296809178, 37.512671516761415 ], [ 127.10989440819101, 37.512837412773152 ], [ 127.110084266995074, 37.512764149602944 ], [ 127.109981132686187, 37.512598262786099 ], [ 127.109791296809178, 37.512671516761415 ] ] ], [ [ [ 127.112074975535094, 37.513606347562664 ], [ 127.112128478675103, 37.513692351627192 ], [ 127.112327627194318, 37.513613787314846 ], [ 127.112274157801679, 37.513527774297863 ], [ 127.112074975535094, 37.513606347562664 ] ] ], [ [ [ 127.110613269101052, 37.513686453656128 ], [ 127.110348168315042, 37.5137910245519 ], [ 127.110439477314202, 37.513935973755522 ], [ 127.110739237767845, 37.513817612402363 ], [ 127.110666790852392, 37.513700910253043 ], [ 127.110613269101052, 37.513686453656128 ] ] ], [ [ [ 127.111151299728121, 37.513959579072257 ], [ 127.11104904566254, 37.513795061921428 ], [ 127.110849748471566, 37.51387375936396 ], [ 127.110951934197402, 37.514038177639051 ], [ 127.111151299728121, 37.513959579072257 ] ] ], [ [ [ 127.109797988894471, 37.514085984738159 ], [ 127.109968529368402, 37.514143933531564 ], [ 127.110052410569011, 37.513986902950847 ], [ 127.109881779835362, 37.513928909309804 ], [ 127.109797988894471, 37.514085984738159 ] ] ], [ [ [ 127.110061398790108, 37.514234073988966 ], [ 127.109982111693867, 37.514392541945078 ], [ 127.110107499674726, 37.514435124951731 ], [ 127.110186797835382, 37.514276638882642 ], [ 127.110061398790108, 37.514234073988966 ] ] ], [ [ [ 127.109914562938741, 37.514369601518858 ], [ 127.109800050356867, 37.514330675392365 ], [ 127.10971509282426, 37.514487103103697 ], [ 127.109829639560587, 37.514526047299988 ], [ 127.109914562938741, 37.514369601518858 ] ] ], [ [ [ 127.11105201403538, 37.514533704849093 ], [ 127.111015267453269, 37.51462095534221 ], [ 127.111205592327252, 37.514670603847541 ], [ 127.11122613520466, 37.514641032097686 ], [ 127.111137917205184, 37.514499819786565 ], [ 127.11105201403538, 37.514533704849093 ] ] ], [ [ [ 127.112131199553204, 37.514616311647387 ], [ 127.112194023517532, 37.514717434662657 ], [ 127.112393231217368, 37.514638852176375 ], [ 127.112330339171109, 37.514537720319737 ], [ 127.112131199553204, 37.514616311647387 ] ] ], [ [ [ 127.110088680814115, 37.514858655474221 ], [ 127.110216208530872, 37.514901993231554 ], [ 127.110287276110228, 37.514769391288944 ], [ 127.11023343109558, 37.514680710761603 ], [ 127.110173965928198, 37.51470217314322 ], [ 127.110088680814115, 37.514858655474221 ] ] ], [ [ [ 127.11190077117638, 37.51505459149098 ], [ 127.111820838157328, 37.51492582372412 ], [ 127.111964631720937, 37.514868926610873 ], [ 127.111949586176863, 37.514844694873474 ], [ 127.111682347106012, 37.514950451048115 ], [ 127.111730159328872, 37.515027450619883 ], [ 127.111859057945125, 37.515071479089421 ], [ 127.11190077117638, 37.51505459149098 ] ] ], [ [ [ 127.112557851831923, 37.515302569449595 ], [ 127.112496716527573, 37.515204337249223 ], [ 127.112297337195159, 37.515282532636014 ], [ 127.112358494911533, 37.515380755907408 ], [ 127.112557851831923, 37.515302569449595 ] ] ], [ [ [ 127.111921065946177, 37.53058011926916 ], [ 127.111972214032292, 37.530656736995539 ], [ 127.112096586370726, 37.530612868364734 ], [ 127.11205013558552, 37.53053014656868 ], [ 127.111921065946177, 37.53058011926916 ] ] ], [ [ [ 127.112275211864045, 37.531046889811073 ], [ 127.112298302784211, 37.531108063638186 ], [ 127.112545916939126, 37.531081296862645 ], [ 127.112578562430812, 37.531146308894627 ], [ 127.112579604757457, 37.531132045186389 ], [ 127.11279726048555, 37.531120442743678 ], [ 127.112693230358232, 37.530859973370362 ], [ 127.112275211864045, 37.531046889811073 ] ] ], [ [ [ 127.112137983617458, 37.531303170889814 ], [ 127.112147470590799, 37.531276717843319 ], [ 127.112098193822803, 37.53112697381178 ], [ 127.1119478638104, 37.531206843387231 ], [ 127.112005342724018, 37.531318260551757 ], [ 127.112137983617458, 37.531303170889814 ] ] ], [ [ [ 127.112698527036784, 37.532263779320516 ], [ 127.112668491720271, 37.532189322467211 ], [ 127.112499093673108, 37.53222144000484 ], [ 127.11252904582561, 37.532308591975855 ], [ 127.112698527036784, 37.532263779320516 ] ] ], [ [ [ 127.112417336806587, 37.532807216540171 ], [ 127.112526958605159, 37.532770551246507 ], [ 127.112477752168942, 37.532677101409803 ], [ 127.11258903035251, 37.5326360376542 ], [ 127.112552679872849, 37.532544945368024 ], [ 127.112430417963992, 37.532587253766174 ], [ 127.112467972716914, 37.53265890152209 ], [ 127.112352141051687, 37.532696428533029 ], [ 127.112417336806587, 37.532807216540171 ] ] ], [ [ [ 127.115775575309314, 37.499287960666578 ], [ 127.116017485355371, 37.499446392279346 ], [ 127.116104095270231, 37.499362335254354 ], [ 127.116095884826535, 37.499317743795721 ], [ 127.115869299645283, 37.499197229542027 ], [ 127.115775575309314, 37.499287960666578 ] ] ], [ [ [ 127.112712406608892, 37.500150165631617 ], [ 127.112801946908348, 37.500056377494374 ], [ 127.112799418982078, 37.500029440025266 ], [ 127.112709184682089, 37.499960238214541 ], [ 127.112596269745296, 37.500077474219751 ], [ 127.112712406608892, 37.500150165631617 ] ] ], [ [ [ 127.115925035455774, 37.500224313716835 ], [ 127.115952796320741, 37.500185634002982 ], [ 127.116086402952035, 37.500143427889334 ], [ 127.116129652514047, 37.500249883936704 ], [ 127.116287457127768, 37.500205671921861 ], [ 127.116246497260747, 37.50011759407338 ], [ 127.11618805494868, 37.500133688583936 ], [ 127.116155362134052, 37.50005308096403 ], [ 127.116239239662448, 37.500030654784631 ], [ 127.116208335489745, 37.500010412328642 ], [ 127.116008502186318, 37.500080793928241 ], [ 127.115985974448762, 37.500065678986545 ], [ 127.115863906218408, 37.500184188375641 ], [ 127.115925035455774, 37.500224313716835 ] ] ], [ [ [ 127.113245567815355, 37.499279748665614 ], [ 127.113102551322498, 37.499382147156879 ], [ 127.113021585298966, 37.499461421364977 ], [ 127.112701842632447, 37.499813562590994 ], [ 127.112706885042542, 37.499858427564227 ], [ 127.113615235429393, 37.500555392349284 ], [ 127.114304854811607, 37.50100631628591 ], [ 127.114351016683187, 37.501020327777461 ], [ 127.114405734894206, 37.501008742726953 ], [ 127.114716053727435, 37.50070868369059 ], [ 127.114485575224919, 37.500557446503237 ], [ 127.114436155423704, 37.500182137867981 ], [ 127.114665277957386, 37.499960182961637 ], [ 127.113497512771431, 37.49919454597191 ], [ 127.113441525559921, 37.499188562336791 ], [ 127.113245567815355, 37.499279748665614 ] ] ], [ [ [ 127.11629592636379, 37.500345318426589 ], [ 127.116256994703221, 37.500252463322489 ], [ 127.116086868510706, 37.500300111039699 ], [ 127.116080915403387, 37.50032669626178 ], [ 127.116169100289611, 37.500384544901443 ], [ 127.11629592636379, 37.500345318426589 ] ] ], [ [ [ 127.112928000138041, 37.50056180883238 ], [ 127.113025218665229, 37.500459904306751 ], [ 127.11294711603432, 37.500412134991116 ], [ 127.112913420430317, 37.500415500461905 ], [ 127.112829296893025, 37.500501715188989 ], [ 127.112928000138041, 37.50056180883238 ] ] ], [ [ [ 127.112807479569312, 37.500964938934928 ], [ 127.112862973781347, 37.50101885643636 ], [ 127.112945745197905, 37.500935616261934 ], [ 127.112769395131181, 37.500830635972719 ], [ 127.112692615527266, 37.500912608989168 ], [ 127.112807479569312, 37.500964938934928 ] ] ], [ [ [ 127.114518127228152, 37.50107098434944 ], [ 127.114623349403573, 37.501102959190995 ], [ 127.114720578836639, 37.501009342453443 ], [ 127.11460680013451, 37.500927730889053 ], [ 127.114503586124698, 37.501027480045629 ], [ 127.114518127228152, 37.50107098434944 ] ] ], [ [ [ 127.115890386443212, 37.50145610189464 ], [ 127.115904702253061, 37.501499606242135 ], [ 127.116609235426239, 37.501779222473303 ], [ 127.117094235449429, 37.502041119604833 ], [ 127.117918191368091, 37.501074440707974 ], [ 127.116785555182247, 37.500461701184634 ], [ 127.116730041271339, 37.500470134620123 ], [ 127.115890386443212, 37.50145610189464 ] ] ], [ [ [ 127.112418696668755, 37.500902595065561 ], [ 127.112395942641641, 37.501804875961334 ], [ 127.112441509535898, 37.50233398932869 ], [ 127.112579465247549, 37.502406678372381 ], [ 127.112679271917699, 37.502286463449238 ], [ 127.113208845554752, 37.50256554362646 ], [ 127.113109050646827, 37.502685740959897 ], [ 127.113278143988836, 37.502774870007762 ], [ 127.113448607680795, 37.502569551392426 ], [ 127.113279175995146, 37.50248087340433 ], [ 127.113667545182977, 37.502684094849599 ], [ 127.114572253676741, 37.502017070663314 ], [ 127.114567436185311, 37.501972205571796 ], [ 127.112468651323823, 37.500881554902271 ], [ 127.112418696668755, 37.500902595065561 ] ] ], [ [ [ 127.115567612282717, 37.501893758402602 ], [ 127.115511755570978, 37.501900659898631 ], [ 127.115449553260973, 37.501973790843053 ], [ 127.11561695153199, 37.502063008287905 ], [ 127.115695527871452, 37.501974003867261 ], [ 127.115567612282717, 37.501893758402602 ] ] ], [ [ [ 127.116360172226337, 37.502051025656783 ], [ 127.116299147602376, 37.502154249234223 ], [ 127.116439463094025, 37.502207451901349 ], [ 127.116501732681215, 37.502104947839165 ], [ 127.116360172226337, 37.502051025656783 ] ] ], [ [ [ 127.11662372298116, 37.502450001362213 ], [ 127.116696533698871, 37.502510117058875 ], [ 127.116887087981127, 37.502285402433905 ], [ 127.116687420288855, 37.50217261210981 ], [ 127.11661589769335, 37.50228836995403 ], [ 127.11662372298116, 37.502450001362213 ] ] ], [ [ [ 127.112685117664356, 37.502728145168945 ], [ 127.112772622391347, 37.502777149160572 ], [ 127.112900021899236, 37.50264039277743 ], [ 127.112810937031227, 37.502593462662908 ], [ 127.112685117664356, 37.502728145168945 ] ] ], [ [ [ 127.113666469062409, 37.502758545329357 ], [ 127.113788109039177, 37.502870072442299 ], [ 127.113888509738402, 37.5027999874671 ], [ 127.113793523132301, 37.502709419369744 ], [ 127.113737085486918, 37.502706499700984 ], [ 127.113666469062409, 37.502758545329357 ] ] ], [ [ [ 127.112977198797509, 37.50307572722523 ], [ 127.113085305161491, 37.5031444614159 ], [ 127.113198885454082, 37.5030157817001 ], [ 127.113085799844029, 37.502952476321603 ], [ 127.112977198797509, 37.50307572722523 ] ] ], [ [ [ 127.113593605846148, 37.503259578306668 ], [ 127.113425291922951, 37.503375407968456 ], [ 127.113623607484783, 37.503522929522312 ], [ 127.113770049111963, 37.503422221089309 ], [ 127.113593605846148, 37.503259578306668 ] ] ], [ [ [ 127.114498332111083, 37.503627585025214 ], [ 127.114572251417911, 37.503695746869226 ], [ 127.114722843127439, 37.503595348636274 ], [ 127.114650324732565, 37.50352624850607 ], [ 127.114498332111083, 37.503627585025214 ] ] ], [ [ [ 127.113181089235383, 37.504203583906254 ], [ 127.113098670249983, 37.504145907828928 ], [ 127.113227041967107, 37.504030494841764 ], [ 127.113063167813735, 37.503916538325953 ], [ 127.112934625124765, 37.504031095350712 ], [ 127.113062566657035, 37.504120614878502 ], [ 127.112931802704622, 37.504239922251621 ], [ 127.11299551705936, 37.504290885643847 ], [ 127.113051953993093, 37.504292544269241 ], [ 127.113181089235383, 37.504203583906254 ] ] ], [ [ [ 127.117274075584774, 37.506012631448918 ], [ 127.117397873999124, 37.506211270095932 ], [ 127.117618765761364, 37.506123647455652 ], [ 127.117495000878719, 37.505925036034455 ], [ 127.117274075584774, 37.506012631448918 ] ] ], [ [ [ 127.116906883301141, 37.506329961556581 ], [ 127.117301179823642, 37.50617764958568 ], [ 127.117186395379306, 37.505993526088318 ], [ 127.117131863758544, 37.505981506104831 ], [ 127.116828094780487, 37.506135963658664 ], [ 127.11681300633002, 37.506179316359045 ], [ 127.116906883301141, 37.506329961556581 ] ] ], [ [ [ 127.113511532719542, 37.506385847509904 ], [ 127.113387941985806, 37.506471280053098 ], [ 127.113516134244847, 37.506589207257697 ], [ 127.113639283376926, 37.506503396582332 ], [ 127.113511532719542, 37.506385847509904 ] ] ], [ [ [ 127.113569684737058, 37.507231288225341 ], [ 127.11365150657538, 37.507189674613748 ], [ 127.113535360322459, 37.507042922254776 ], [ 127.113601925187126, 37.507009071719089 ], [ 127.113485101391518, 37.506862770447441 ], [ 127.113090345072763, 37.507063345538484 ], [ 127.113207236433183, 37.507209755251608 ], [ 127.113453188214109, 37.507084698298314 ], [ 127.113569684737058, 37.507231288225341 ] ] ], [ [ [ 127.116774511687936, 37.507145601436974 ], [ 127.116721541031168, 37.507060607978737 ], [ 127.116419940723574, 37.507179716222602 ], [ 127.116474838510968, 37.507267771329637 ], [ 127.116774511687936, 37.507145601436974 ] ] ], [ [ [ 127.116130283417135, 37.507410211400483 ], [ 127.116309977206029, 37.507307314233323 ], [ 127.116095353148324, 37.506962891157769 ], [ 127.115897967310843, 37.507041027711665 ], [ 127.116130283417135, 37.507410211400483 ] ] ], [ [ [ 127.114963848895854, 37.507296721477829 ], [ 127.114842965320292, 37.507145316802585 ], [ 127.114724177689183, 37.507205698401947 ], [ 127.114845185409777, 37.507357021988462 ], [ 127.114963848895854, 37.507296721477829 ] ] ], [ [ [ 127.114639748067432, 37.507549942190842 ], [ 127.114746872835497, 37.507562543620061 ], [ 127.114859255356464, 37.507521827905101 ], [ 127.114761227994677, 37.507399647589438 ], [ 127.114564189441637, 37.507499765908875 ], [ 127.114639748067432, 37.507549942190842 ] ] ], [ [ [ 127.114406882650769, 37.507404744006934 ], [ 127.114351675373157, 37.507395065981719 ], [ 127.114228400344587, 37.507457748909417 ], [ 127.11434204186088, 37.50759970065269 ], [ 127.114500819599641, 37.507522324433587 ], [ 127.114406882650769, 37.507404744006934 ] ] ], [ [ [ 127.113509043190675, 37.507823472069298 ], [ 127.113212141844969, 37.507974390876633 ], [ 127.113321612391744, 37.508111166800141 ], [ 127.113618502733857, 37.507960238721438 ], [ 127.113509043190675, 37.507823472069298 ] ] ], [ [ [ 127.114984744781751, 37.508025788303556 ], [ 127.115040290133166, 37.508034294410415 ], [ 127.115133415654498, 37.507980964962456 ], [ 127.115052611380023, 37.507880482363333 ], [ 127.114921504372205, 37.50794720099335 ], [ 127.114984744781751, 37.508025788303556 ] ] ], [ [ [ 127.114743845050569, 37.507879247018217 ], [ 127.114581921645183, 37.50782849577012 ], [ 127.114450950010436, 37.507827629954839 ], [ 127.114366264201209, 37.50784519022848 ], [ 127.113496840750912, 37.508278523213754 ], [ 127.113598460318869, 37.508474006272131 ], [ 127.114838036495669, 37.507947461291188 ], [ 127.114743845050569, 37.507879247018217 ] ] ], [ [ [ 127.11460808043033, 37.509769425453023 ], [ 127.114550987068583, 37.509680227350685 ], [ 127.114397759161264, 37.509758247026312 ], [ 127.114450454964469, 37.509841457776936 ], [ 127.11460808043033, 37.509769425453023 ] ] ], [ [ [ 127.116640987361293, 37.509930145745287 ], [ 127.116591087172324, 37.50984983446115 ], [ 127.116411474372384, 37.509920737540313 ], [ 127.116461351685317, 37.510000976841965 ], [ 127.116640987361293, 37.509930145745287 ] ] ], [ [ [ 127.114623423225112, 37.509915813736733 ], [ 127.114378240544582, 37.51001568046577 ], [ 127.114465995726874, 37.510156962986706 ], [ 127.114712528331339, 37.510059509455544 ], [ 127.114623423225112, 37.509915813736733 ] ] ], [ [ [ 127.114881269349638, 37.510105325507332 ], [ 127.114701733582265, 37.510176288981128 ], [ 127.114768967773287, 37.510284524352279 ], [ 127.11494848099224, 37.510213479709464 ], [ 127.114881269349638, 37.510105325507332 ] ] ], [ [ [ 127.113772493089982, 37.510364682107756 ], [ 127.113823728503135, 37.510447173719918 ], [ 127.114003162945451, 37.510375535931821 ], [ 127.113951542046721, 37.510292522185367 ], [ 127.113772493089982, 37.510364682107756 ] ] ], [ [ [ 127.116771190747627, 37.510981130551777 ], [ 127.116950930298231, 37.510910316912813 ], [ 127.116898194553997, 37.510825494550112 ], [ 127.116718353500588, 37.510896398308397 ], [ 127.116771190747627, 37.510981130551777 ] ] ], [ [ [ 127.115261948681194, 37.51107800897482 ], [ 127.115164134027296, 37.510920590887395 ], [ 127.114984596782733, 37.510991689933228 ], [ 127.115064530882563, 37.511120365544137 ], [ 127.115118164622544, 37.51113472992386 ], [ 127.115261948681194, 37.51107800897482 ] ] ], [ [ [ 127.11545398242275, 37.511102610327654 ], [ 127.115541683382332, 37.51124325236588 ], [ 127.115677102470542, 37.511189782574498 ], [ 127.115589412657883, 37.511049158644845 ], [ 127.11545398242275, 37.511102610327654 ] ] ], [ [ [ 127.116493398702133, 37.511375650339971 ], [ 127.116541156784777, 37.511452494892993 ], [ 127.116720727774975, 37.511381519593847 ], [ 127.116670735879964, 37.511301100333768 ], [ 127.116493398702133, 37.511375650339971 ] ] ], [ [ [ 127.114310371351536, 37.511589606278356 ], [ 127.114363694408198, 37.511675456361843 ], [ 127.114543301974635, 37.51160451136866 ], [ 127.114472166806792, 37.511490125817659 ], [ 127.114328404033799, 37.511546881821843 ], [ 127.114310371351536, 37.511589606278356 ] ] ], [ [ [ 127.116449307767738, 37.512170849694236 ], [ 127.116641303604695, 37.512095051112816 ], [ 127.116596334305711, 37.512022681844712 ], [ 127.116404406430874, 37.512098453257885 ], [ 127.116449307767738, 37.512170849694236 ] ] ], [ [ [ 127.116115985367813, 37.51224001866985 ], [ 127.116091236124149, 37.512261297183279 ], [ 127.1161868201754, 37.512414734225786 ], [ 127.116334957849219, 37.512356277842578 ], [ 127.116274897108326, 37.512259731368744 ], [ 127.11615713314616, 37.512306192971707 ], [ 127.116115985367813, 37.51224001866985 ] ] ], [ [ [ 127.114913223755011, 37.51255940231286 ], [ 127.115092866901946, 37.51248849249945 ], [ 127.115042354407166, 37.512407208108712 ], [ 127.114862654812313, 37.512478090870502 ], [ 127.114913223755011, 37.51255940231286 ] ] ], [ [ [ 127.116849539835258, 37.51243003667814 ], [ 127.116795904838099, 37.512415673089727 ], [ 127.116714494267015, 37.512447791941668 ], [ 127.116809989123809, 37.512601084401616 ], [ 127.116927120060026, 37.512554829997754 ], [ 127.116849539835258, 37.51243003667814 ] ] ], [ [ [ 127.117833025433001, 37.512688667438454 ], [ 127.117777543540143, 37.512599532426989 ], [ 127.117598004558218, 37.512670500277757 ], [ 127.117653452372195, 37.51275964441605 ], [ 127.117833025433001, 37.512688667438454 ] ] ], [ [ [ 127.115642461459075, 37.512870823189296 ], [ 127.115550311098929, 37.51290719530536 ], [ 127.115645792826726, 37.513060470688366 ], [ 127.1157379773434, 37.513024152525446 ], [ 127.115642461459075, 37.512870823189296 ] ] ], [ [ [ 127.11515725511785, 37.513433413550729 ], [ 127.115336866069882, 37.513362422316888 ], [ 127.115273494858556, 37.513260490582105 ], [ 127.115093782142353, 37.513331382708948 ], [ 127.11515725511785, 37.513433413550729 ] ] ], [ [ [ 127.113136874808532, 37.513474794561574 ], [ 127.113300221246277, 37.513410399064128 ], [ 127.113318254940125, 37.51336767477347 ], [ 127.113250022615119, 37.513258034023856 ], [ 127.113050705905536, 37.513336302724852 ], [ 127.113136874808532, 37.513474794561574 ] ] ], [ [ [ 127.117900827494864, 37.513639043614404 ], [ 127.117801303514497, 37.513479178759702 ], [ 127.117657482907291, 37.513535938853984 ], [ 127.117639451508708, 37.513578573702361 ], [ 127.11772109361975, 37.513709858663923 ], [ 127.117900827494864, 37.513639043614404 ] ] ], [ [ [ 127.115552565341986, 37.51406920799441 ], [ 127.115472151105422, 37.513939821457278 ], [ 127.115293049288141, 37.51401173141636 ], [ 127.115373440548197, 37.514141037006482 ], [ 127.115552565341986, 37.51406920799441 ] ] ], [ [ [ 127.115961664431495, 37.514367681778225 ], [ 127.11589828006943, 37.514265660310357 ], [ 127.115844643938999, 37.514251296296393 ], [ 127.115557064327049, 37.514364739394722 ], [ 127.115538918561541, 37.514407464127366 ], [ 127.115602302555345, 37.51450948578622 ], [ 127.115961664431495, 37.514367681778225 ] ] ], [ [ [ 127.112137345329472, 37.514105450088685 ], [ 127.112872518258754, 37.515287938385789 ], [ 127.112926154565343, 37.515302303746466 ], [ 127.113903879553945, 37.514916562154923 ], [ 127.113150995220536, 37.513705589428497 ], [ 127.112137345329472, 37.514105450088685 ] ] ], [ [ [ 127.114397164773962, 37.527311892125546 ], [ 127.114515849255909, 37.527259349788835 ], [ 127.114457494955701, 37.52717550502765 ], [ 127.114328006008222, 37.527212578547008 ], [ 127.114397164773962, 37.527311892125546 ] ] ], [ [ [ 127.113966103103394, 37.528041018314035 ], [ 127.114066414382009, 37.527633087808027 ], [ 127.113911405422996, 37.527521476108483 ], [ 127.113619411382047, 37.527775158197088 ], [ 127.113655967129361, 37.527807568291635 ], [ 127.113703302670359, 37.527770924960862 ], [ 127.113892835727412, 37.527917841072451 ], [ 127.113966103103394, 37.528041018314035 ] ] ], [ [ [ 127.11535895279917, 37.528006338224955 ], [ 127.115212620719277, 37.528075243041428 ], [ 127.115282563920417, 37.528175780682332 ], [ 127.115431254268969, 37.528110171143879 ], [ 127.11535895279917, 37.528006338224955 ] ] ], [ [ [ 127.116282140929343, 37.528711769997479 ], [ 127.116180854433409, 37.528756485590527 ], [ 127.115763768412307, 37.528940557376217 ], [ 127.115859926769076, 37.529078685792079 ], [ 127.11637815252908, 37.528849672890509 ], [ 127.116282140929343, 37.528711769997479 ] ] ], [ [ [ 127.115485471630706, 37.529243749387277 ], [ 127.11551333335926, 37.529338507049211 ], [ 127.11558252264075, 37.529381237454928 ], [ 127.115876696453782, 37.529251390074968 ], [ 127.11578066257789, 37.529113450765301 ], [ 127.115485471630706, 37.529243749387277 ] ] ], [ [ [ 127.117904732073654, 37.5306459492475 ], [ 127.117812372336886, 37.530495231916092 ], [ 127.117654126072807, 37.530565106513983 ], [ 127.117748825539721, 37.530714578293804 ], [ 127.117904732073654, 37.5306459492475 ] ] ], [ [ [ 127.113166885239181, 37.530793636900007 ], [ 127.113266393595623, 37.530744582797446 ], [ 127.113193916109353, 37.530643803134495 ], [ 127.113090738070554, 37.530690040533422 ], [ 127.113166885239181, 37.530793636900007 ] ] ], [ [ [ 127.114105152989495, 37.530766338083097 ], [ 127.114172778350778, 37.530859616535523 ], [ 127.114286064347596, 37.530809467240005 ], [ 127.114215631642054, 37.530715191427596 ], [ 127.114105152989495, 37.530766338083097 ] ] ], [ [ [ 127.116849696181376, 37.531375734819171 ], [ 127.116947337531499, 37.531445042959128 ], [ 127.117036843534621, 37.531352288267357 ], [ 127.116947633428296, 37.531284656818258 ], [ 127.116849696181376, 37.531375734819171 ] ] ], [ [ [ 127.1136495809899, 37.531733952008452 ], [ 127.11373904968309, 37.531696403723018 ], [ 127.113663752723824, 37.531595077438695 ], [ 127.113577037084767, 37.531635136827404 ], [ 127.1136495809899, 37.531733952008452 ] ] ], [ [ [ 127.115941414322478, 37.531877120141722 ], [ 127.115602299679693, 37.531573534097816 ], [ 127.115062188388706, 37.53114903792644 ], [ 127.114761628492474, 37.531326191524627 ], [ 127.114297415322028, 37.531645884739667 ], [ 127.114088679332554, 37.531819489079098 ], [ 127.114468301400422, 37.532121770326363 ], [ 127.114797196124599, 37.531840858949131 ], [ 127.115112757343269, 37.532087256868159 ], [ 127.115235131067593, 37.53209777983632 ], [ 127.115605237520654, 37.5324476029813 ], [ 127.115661806041686, 37.532447413174445 ], [ 127.116172636718247, 37.532138949831676 ], [ 127.116192466588529, 37.532085213353902 ], [ 127.116156153582367, 37.53204346954297 ], [ 127.115941414322478, 37.531877120141722 ] ] ], [ [ [ 127.117741505433855, 37.531895634801295 ], [ 127.117629613469958, 37.53198342052513 ], [ 127.117706220363957, 37.532050279985171 ], [ 127.117818414243132, 37.531967485395832 ], [ 127.117741505433855, 37.531895634801295 ] ] ], [ [ [ 127.117753354344373, 37.532386358187864 ], [ 127.117656878248724, 37.532464217831297 ], [ 127.117753123121588, 37.532543563729426 ], [ 127.117849505686436, 37.532463757954993 ], [ 127.117753354344373, 37.532386358187864 ] ] ], [ [ [ 127.115326443841042, 37.532805043731116 ], [ 127.115236222272756, 37.53268238832004 ], [ 127.115114975954882, 37.532729554871409 ], [ 127.115205371383098, 37.532855039325746 ], [ 127.115326443841042, 37.532805043731116 ] ] ], [ [ [ 127.114024498068261, 37.532987769211005 ], [ 127.11390336517141, 37.533043502854753 ], [ 127.113966626091369, 37.533137380196372 ], [ 127.11409090235, 37.533080319032393 ], [ 127.114024498068261, 37.532987769211005 ] ] ], [ [ [ 127.112921659585368, 37.533277546928446 ], [ 127.113038573812432, 37.533229611868201 ], [ 127.112970340638498, 37.533123728482508 ], [ 127.112944474086731, 37.53310646282884 ], [ 127.112829907138263, 37.533127428856552 ], [ 127.112921659585368, 37.533277546928446 ] ] ], [ [ [ 127.116813527018621, 37.533206174166629 ], [ 127.116694041225543, 37.533265071547589 ], [ 127.116755109510848, 37.533343317296087 ], [ 127.11686262166927, 37.53328207094642 ], [ 127.116813527018621, 37.533206174166629 ] ] ], [ [ [ 127.116069794222526, 37.533425613971907 ], [ 127.115953575306392, 37.533268512335695 ], [ 127.115871846529629, 37.533299946061298 ], [ 127.115976390403745, 37.533465131991342 ], [ 127.116069794222526, 37.533425613971907 ] ] ], [ [ [ 127.117536562089569, 37.533402846689384 ], [ 127.117473923311806, 37.53331923296885 ], [ 127.117344342237217, 37.533383105390051 ], [ 127.117409562165875, 37.533467797837467 ], [ 127.117536562089569, 37.533402846689384 ] ] ], [ [ [ 127.116105217808993, 37.533410650151275 ], [ 127.116163834205807, 37.533491331264365 ], [ 127.116296025237162, 37.533424358185776 ], [ 127.116240059692515, 37.533353342219506 ], [ 127.116105217808993, 37.533410650151275 ] ] ], [ [ [ 127.112853888691191, 37.533444519828848 ], [ 127.112903879233286, 37.533532022201413 ], [ 127.113043597737501, 37.533473136581136 ], [ 127.112986283660831, 37.533383406716027 ], [ 127.112853888691191, 37.533444519828848 ] ] ], [ [ [ 127.116220808651718, 37.533563607675596 ], [ 127.11627821439312, 37.533636703543088 ], [ 127.116408840236062, 37.533567109970583 ], [ 127.116351888648481, 37.533495103925929 ], [ 127.116220808651718, 37.533563607675596 ] ] ], [ [ [ 127.115964799348475, 37.533705807506884 ], [ 127.115912279174225, 37.533638608260858 ], [ 127.115797029482479, 37.533701492027369 ], [ 127.115846350772145, 37.533763261432078 ], [ 127.115964799348475, 37.533705807506884 ] ] ], [ [ [ 127.116607291961557, 37.534041839234227 ], [ 127.116797745482998, 37.534287606573628 ], [ 127.116946674253839, 37.534244898199248 ], [ 127.116733342211063, 37.533976259185387 ], [ 127.116607291961557, 37.534041839234227 ] ] ], [ [ [ 127.116128583070903, 37.535600500016251 ], [ 127.116050125615359, 37.535501358795258 ], [ 127.115944534236363, 37.535555989236087 ], [ 127.115998093956549, 37.535621394461472 ], [ 127.116128583070903, 37.535600500016251 ] ] ], [ [ [ 127.11713325789502, 37.537919324591059 ], [ 127.117080047196538, 37.537832511984639 ], [ 127.116929814076386, 37.537892421727101 ], [ 127.116981667143989, 37.537979397906369 ], [ 127.11713325789502, 37.537919324591059 ] ] ], [ [ [ 127.116817631145906, 37.537841742357308 ], [ 127.116676582455398, 37.537899840825588 ], [ 127.116756748916998, 37.538019189181185 ], [ 127.116912339767211, 37.538006927917067 ], [ 127.116817631145906, 37.537841742357308 ] ] ], [ [ [ 127.120766127211425, 37.490964735348086 ], [ 127.120830748691333, 37.49099971899453 ], [ 127.120945193043369, 37.490865444515684 ], [ 127.120814592371019, 37.490794847981789 ], [ 127.120749775837098, 37.490921593966149 ], [ 127.120766127211425, 37.490964735348086 ] ] ], [ [ [ 127.119340335088324, 37.495193474587623 ], [ 127.119480223076692, 37.495269379315424 ], [ 127.119565667954944, 37.495169102879416 ], [ 127.119425554047197, 37.49509328857679 ], [ 127.119340335088324, 37.495193474587623 ] ] ], [ [ [ 127.119950346859696, 37.495726886761005 ], [ 127.120037597805734, 37.495624625983332 ], [ 127.119922494973778, 37.495562302168132 ], [ 127.120039205253789, 37.495425323397505 ], [ 127.119911992626626, 37.495356434424849 ], [ 127.119707918014299, 37.495595673786035 ], [ 127.119950346859696, 37.495726886761005 ] ] ], [ [ [ 127.118720899179323, 37.495860109163083 ], [ 127.118862824679695, 37.495936913590469 ], [ 127.118918334993992, 37.495928479152298 ], [ 127.118997234602716, 37.495835868132502 ], [ 127.118773934122643, 37.495714995708255 ], [ 127.118720899179323, 37.495860109163083 ] ] ], [ [ [ 127.120834496380724, 37.496057024141734 ], [ 127.120977328068335, 37.49613319441027 ], [ 127.121093472610738, 37.495996665683691 ], [ 127.120951318411969, 37.495919774069691 ], [ 127.120834496380724, 37.496057024141734 ] ] ], [ [ [ 127.120271900013762, 37.49626500092716 ], [ 127.120433534201581, 37.496075358283598 ], [ 127.120246335067634, 37.495974094082577 ], [ 127.120081763749624, 37.496165811718534 ], [ 127.120271900013762, 37.49626500092716 ] ] ], [ [ [ 127.118388418264203, 37.496428698531695 ], [ 127.118415240405554, 37.49622477595215 ], [ 127.118235744318625, 37.496181489233052 ], [ 127.118196789985888, 37.496241390076896 ], [ 127.118203983533689, 37.49643131353313 ], [ 127.118388418264203, 37.496428698531695 ] ] ], [ [ [ 127.120588954047619, 37.496402345421771 ], [ 127.120636388555795, 37.496350048682402 ], [ 127.120449415342193, 37.496249235080192 ], [ 127.12040559799118, 37.496300627106685 ], [ 127.120588954047619, 37.496402345421771 ] ] ], [ [ [ 127.118579375690999, 37.496258040491831 ], [ 127.118557682272566, 37.496414835786737 ], [ 127.11872677157244, 37.496506299737426 ], [ 127.118825086797557, 37.496390964406409 ], [ 127.118579375690999, 37.496258040491831 ] ] ], [ [ [ 127.120920051816, 37.496595014215686 ], [ 127.120770652456542, 37.496513804920639 ], [ 127.120704170302048, 37.496591808405917 ], [ 127.120853005475055, 37.496673739152783 ], [ 127.120920051816, 37.496595014215686 ] ] ], [ [ [ 127.119887112636007, 37.496716517191025 ], [ 127.119966350554094, 37.496623544798247 ], [ 127.119779376418975, 37.496522009342073 ], [ 127.119700704502364, 37.496615431544349 ], [ 127.119887112636007, 37.496716517191025 ] ] ], [ [ [ 127.119911796827509, 37.49688002373555 ], [ 127.119745644465866, 37.497074895955656 ], [ 127.119932732593227, 37.497176161040848 ], [ 127.120015808679142, 37.497078679781126 ], [ 127.120146872181195, 37.497149456850288 ], [ 127.120229947816256, 37.497051885340355 ], [ 127.119911796827509, 37.49688002373555 ] ] ], [ [ [ 127.118762570118008, 37.497126061282103 ], [ 127.118632793493191, 37.497009510663595 ], [ 127.118497114755201, 37.497168761463399 ], [ 127.118652965668943, 37.49725438212252 ], [ 127.118762570118008, 37.497126061282103 ] ] ], [ [ [ 127.118863146256189, 37.497371123178851 ], [ 127.119003151197489, 37.497447208524449 ], [ 127.119104967052479, 37.497328175402579 ], [ 127.118964736485381, 37.497252360699896 ], [ 127.118863146256189, 37.497371123178851 ] ] ], [ [ [ 127.119425887152701, 37.49789467381045 ], [ 127.119313610874386, 37.497833878304832 ], [ 127.119211907893401, 37.497953001583944 ], [ 127.119332333357733, 37.498018203951638 ], [ 127.119425887152701, 37.49789467381045 ] ] ], [ [ [ 127.121207283540386, 37.49794108592652 ], [ 127.121021208835529, 37.49783937135097 ], [ 127.120915219495103, 37.497963636122073 ], [ 127.121231005457417, 37.498137299381845 ], [ 127.121311484841385, 37.498042883253824 ], [ 127.121179628232412, 37.497972829091417 ], [ 127.121207283540386, 37.49794108592652 ] ] ], [ [ [ 127.120755542920449, 37.499386293796803 ], [ 127.120526122454478, 37.499265521043263 ], [ 127.12054835933364, 37.499239459787127 ], [ 127.120418990675532, 37.499170303282725 ], [ 127.120330833723187, 37.499274006791282 ], [ 127.120341534031951, 37.499318235050652 ], [ 127.12063253227339, 37.499475616725256 ], [ 127.12068804457509, 37.499466911157455 ], [ 127.120755542920449, 37.499386293796803 ] ] ], [ [ [ 127.11794407480788, 37.499462799608686 ], [ 127.118070954004352, 37.499313829566269 ], [ 127.117925062199149, 37.499235316246789 ], [ 127.117869549465041, 37.499243840317476 ], [ 127.117765133487751, 37.499366388791167 ], [ 127.11794407480788, 37.499462799608686 ] ] ], [ [ [ 127.120986409002342, 37.499491207068907 ], [ 127.120841081540519, 37.499414138381837 ], [ 127.120762747330517, 37.499507651005203 ], [ 127.120773561015397, 37.499551879109021 ], [ 127.120884029922337, 37.499611593834892 ], [ 127.120986409002342, 37.499491207068907 ] ] ], [ [ [ 127.119645101879044, 37.500442388252964 ], [ 127.120212778255123, 37.500850872444239 ], [ 127.121097184421629, 37.499814012797721 ], [ 127.11989357539035, 37.499163172428247 ], [ 127.119098336745196, 37.500095598873315 ], [ 127.119645101879044, 37.500442388252964 ] ] ], [ [ [ 127.120298396146239, 37.509401604034331 ], [ 127.12025574778346, 37.509331909754245 ], [ 127.120060405518018, 37.509408969982573 ], [ 127.12010359620902, 37.50947839348887 ], [ 127.120298396146239, 37.509401604034331 ] ] ], [ [ [ 127.119035748874353, 37.509588391154708 ], [ 127.119053778241863, 37.509545575867996 ], [ 127.118948633046983, 37.509376572341083 ], [ 127.118776370800077, 37.509444597532195 ], [ 127.118899317719027, 37.509642226211781 ], [ 127.119035748874353, 37.509588391154708 ] ] ], [ [ [ 127.119091076409319, 37.509839191630235 ], [ 127.119005070678966, 37.509700902112499 ], [ 127.118812778045594, 37.509776740895582 ], [ 127.118794748344186, 37.509819466044611 ], [ 127.11886300844607, 37.509929229764467 ], [ 127.119091076409319, 37.509839191630235 ] ] ], [ [ [ 127.117740559628118, 37.510376071536754 ], [ 127.118069735921679, 37.510905524242624 ], [ 127.118457425025781, 37.510752476218535 ], [ 127.11823903937011, 37.510402024299076 ], [ 127.118044031437933, 37.510479008772215 ], [ 127.11793240254049, 37.510300279998027 ], [ 127.117740559628118, 37.510376071536754 ] ] ], [ [ [ 127.118910932104569, 37.510652520332101 ], [ 127.118844735242334, 37.510546250471847 ], [ 127.118582618605643, 37.510649674638998 ], [ 127.118648837781166, 37.510755926602414 ], [ 127.118910932104569, 37.510652520332101 ] ] ], [ [ [ 127.120441917238068, 37.510916134236091 ], [ 127.120351542076179, 37.510770804331784 ], [ 127.120239864258238, 37.510814885259698 ], [ 127.120330239257243, 37.510960215248588 ], [ 127.120441917238068, 37.510916134236091 ] ] ], [ [ [ 127.119004535543183, 37.510802776584391 ], [ 127.118742497419376, 37.510906210034122 ], [ 127.118837506501407, 37.511058483249727 ], [ 127.119099409454762, 37.510955148835833 ], [ 127.119004535543183, 37.510802776584391 ] ] ], [ [ [ 127.120484762134495, 37.511044843508188 ], [ 127.120712786232815, 37.51095476626341 ], [ 127.120660137003867, 37.510870143715671 ], [ 127.120432147002063, 37.510960202805713 ], [ 127.120484762134495, 37.511044843508188 ] ] ], [ [ [ 127.121275951274626, 37.510999183426918 ], [ 127.1210878738719, 37.511073408840048 ], [ 127.121054653126237, 37.51108652493209 ], [ 127.121097573565194, 37.511155515848955 ], [ 127.121318386047463, 37.511068508125582 ], [ 127.121275951274626, 37.510999183426918 ] ] ], [ [ [ 127.118341881620736, 37.511343229856962 ], [ 127.118535964490988, 37.511266543147421 ], [ 127.118482048046005, 37.511180208993672 ], [ 127.118288180187861, 37.51125685936325 ], [ 127.118341881620736, 37.511343229856962 ] ] ], [ [ [ 127.121898418351876, 37.513896082939723 ], [ 127.121046520718494, 37.512526334522398 ], [ 127.120497863163678, 37.512742938334313 ], [ 127.120334027483253, 37.512479597849627 ], [ 127.120087381002733, 37.512576964077759 ], [ 127.120251216045517, 37.512840313911184 ], [ 127.120008061043279, 37.512936243874989 ], [ 127.120754115018329, 37.514133187412448 ], [ 127.121020271044628, 37.514209322920259 ], [ 127.121898418351876, 37.513896082939723 ] ] ], [ [ [ 127.119495381550962, 37.512810617541192 ], [ 127.119669555250624, 37.513089662210966 ], [ 127.11986612894087, 37.513012520347083 ], [ 127.119691953979924, 37.512733025466972 ], [ 127.119495381550962, 37.512810617541192 ] ] ], [ [ [ 127.119205439298355, 37.512925062997653 ], [ 127.119061643357895, 37.512981770721112 ], [ 127.119146360201782, 37.513117935049898 ], [ 127.119325966746175, 37.513047027853837 ], [ 127.119259075119132, 37.512939425489378 ], [ 127.119205439298355, 37.512925062997653 ] ] ], [ [ [ 127.118221550617193, 37.513313377445513 ], [ 127.118077764523903, 37.513370101978737 ], [ 127.118059733544271, 37.513412826991519 ], [ 127.118164848784545, 37.513582020429588 ], [ 127.118344581932405, 37.513511204704528 ], [ 127.118221550617193, 37.513313377445513 ] ] ], [ [ [ 127.119606153263888, 37.530349680488051 ], [ 127.119827060187504, 37.530407366269642 ], [ 127.119957379443491, 37.530070804629638 ], [ 127.119780932700309, 37.530248107783493 ], [ 127.119606153263888, 37.530349680488051 ] ] ], [ [ [ 127.119221833296095, 37.530492249924784 ], [ 127.119405933557758, 37.530547360286498 ], [ 127.119454925791587, 37.530442678987363 ], [ 127.119395020266325, 37.530406248550015 ], [ 127.119221833296095, 37.530492249924784 ] ] ], [ [ [ 127.119137652977543, 37.530696021409639 ], [ 127.119259852111995, 37.530862871778332 ], [ 127.119326845725993, 37.530715780843039 ], [ 127.119152191080587, 37.530660165405941 ], [ 127.119137652977543, 37.530696021409639 ] ] ], [ [ [ 127.117976101594778, 37.530954171866007 ], [ 127.117753356337232, 37.530769092956504 ], [ 127.117703954596735, 37.530786485691635 ], [ 127.11768664856082, 37.530818010460251 ], [ 127.117915012394064, 37.531000362956384 ], [ 127.117976101594778, 37.530954171866007 ] ] ], [ [ [ 127.119176337588613, 37.531195403596968 ], [ 127.119313245977011, 37.53122599100643 ], [ 127.119346028358805, 37.531122524251629 ], [ 127.11930347342269, 37.531062019934446 ], [ 127.119241798247046, 37.531051638911144 ], [ 127.119176337588613, 37.531195403596968 ] ] ], [ [ [ 127.120351198972244, 37.53106207862848 ], [ 127.119832496689952, 37.531120308019226 ], [ 127.119833284382054, 37.531103287462756 ], [ 127.119649659346663, 37.531106669797239 ], [ 127.119562202486605, 37.531269855083778 ], [ 127.119829880735963, 37.531648761327709 ], [ 127.119831275826144, 37.531636659588436 ], [ 127.119904424084126, 37.531668823833606 ], [ 127.120423259475558, 37.531642200845198 ], [ 127.120587845102165, 37.531624690907073 ], [ 127.120690379819152, 37.531588646862964 ], [ 127.120562750019872, 37.531189545374602 ], [ 127.120376294161247, 37.53121289770791 ], [ 127.120351198972244, 37.53106207862848 ] ] ], [ [ [ 127.118859229972827, 37.531715718444346 ], [ 127.118955560258158, 37.531517404141781 ], [ 127.118812825553462, 37.531472739578156 ], [ 127.118751776256389, 37.531688939510055 ], [ 127.118859229972827, 37.531715718444346 ] ] ], [ [ [ 127.120932430019138, 37.532366166881985 ], [ 127.120724035577496, 37.531693839919889 ], [ 127.119212593247795, 37.531804673306191 ], [ 127.119150539230205, 37.53186321860985 ], [ 127.119364353125519, 37.532364543411113 ], [ 127.119514234936446, 37.532671623465767 ], [ 127.119638642981727, 37.532816090504426 ], [ 127.119647630574164, 37.532962366777156 ], [ 127.119746998426436, 37.533104705363236 ], [ 127.119827986937494, 37.533286237458157 ], [ 127.119925114989996, 37.53342115394608 ], [ 127.121067340098804, 37.533085194201163 ], [ 127.121087929180916, 37.533041331029288 ], [ 127.121101673473703, 37.533054228346174 ], [ 127.121134023456861, 37.5330281929227 ], [ 127.121116921974647, 37.533003018471867 ], [ 127.1211495106256, 37.532949340330468 ], [ 127.120932430019138, 37.532366166881985 ] ] ], [ [ [ 127.118206981920082, 37.532751182562109 ], [ 127.118350686920877, 37.532654976588802 ], [ 127.118240054284811, 37.532556508302235 ], [ 127.118135913667672, 37.532601850051307 ], [ 127.118127504660123, 37.532665414420734 ], [ 127.118206981920082, 37.532751182562109 ] ] ], [ [ [ 127.119283854686714, 37.532917914667912 ], [ 127.119486349931762, 37.532860616637706 ], [ 127.119439093615838, 37.53276097793696 ], [ 127.119243978811241, 37.532813367127133 ], [ 127.119283854686714, 37.532917914667912 ] ] ], [ [ [ 127.119566196192437, 37.533358858177309 ], [ 127.119630075972424, 37.533503304602185 ], [ 127.119776583886107, 37.533462811519854 ], [ 127.119708364647735, 37.53332173923058 ], [ 127.119566196192437, 37.533358858177309 ] ] ], [ [ [ 127.121059944319711, 37.533611949315095 ], [ 127.121337605772013, 37.533545048514334 ], [ 127.121356809167636, 37.533511980602533 ], [ 127.121276984425776, 37.533296562032923 ], [ 127.121083169547248, 37.53322779638799 ], [ 127.120938140099511, 37.533272362086151 ], [ 127.120926155630372, 37.533298827362898 ], [ 127.121035750602076, 37.533602026837002 ], [ 127.121059944319711, 37.533611949315095 ] ] ], [ [ [ 127.120680803564667, 37.53370477435822 ], [ 127.120694662165945, 37.533682821192372 ], [ 127.120663043677794, 37.533607097593098 ], [ 127.120417928444112, 37.53366487302609 ], [ 127.120446124308259, 37.533744204109368 ], [ 127.120480943358672, 37.533755107098251 ], [ 127.120680803564667, 37.53370477435822 ] ] ], [ [ [ 127.118444722998589, 37.534369923990241 ], [ 127.118738100895868, 37.534242692261621 ], [ 127.11857178912966, 37.533941529094115 ], [ 127.118210027750465, 37.534052619136546 ], [ 127.118527634607233, 37.534501711211746 ], [ 127.118444722998589, 37.534369923990241 ] ], [ [ 127.118533198539396, 37.534022098096834 ], [ 127.118407376836259, 37.534073669396783 ], [ 127.118596479447802, 37.533994239745532 ], [ 127.118533198539396, 37.534022098096834 ] ] ], [ [ [ 127.119946569384211, 37.534124420617466 ], [ 127.119846444563038, 37.534198699732848 ], [ 127.11989401995092, 37.534313177280367 ], [ 127.120014701212497, 37.534281007936549 ], [ 127.119946569384211, 37.534124420617466 ] ] ], [ [ [ 127.120332911066939, 37.534346785083976 ], [ 127.12045688234231, 37.53431320642963 ], [ 127.120420324751564, 37.534219350757894 ], [ 127.120286742314462, 37.534249344077907 ], [ 127.120332911066939, 37.534346785083976 ] ] ], [ [ [ 127.118968921541651, 37.534309577911344 ], [ 127.119020088389874, 37.534391931837142 ], [ 127.119139005240726, 37.534345403314994 ], [ 127.119084304077489, 37.534267557923577 ], [ 127.118968921541651, 37.534309577911344 ] ] ], [ [ [ 127.120808699146011, 37.534367091376829 ], [ 127.120715530632708, 37.534390115717621 ], [ 127.120699234040856, 37.534408710639752 ], [ 127.120731719070847, 37.534495497537854 ], [ 127.120847283527141, 37.534468684407507 ], [ 127.120808699146011, 37.534367091376829 ] ] ], [ [ [ 127.120703760784835, 37.534566464231425 ], [ 127.120500425764746, 37.534616725127243 ], [ 127.120543954125054, 37.534682724050406 ], [ 127.120733180057186, 37.534638582756664 ], [ 127.120703760784835, 37.534566464231425 ] ] ], [ [ [ 127.118993148074097, 37.535126700372004 ], [ 127.119037878575455, 37.535151901691364 ], [ 127.119139380990006, 37.535132195040092 ], [ 127.119035601833616, 37.534998825262157 ], [ 127.118930072333441, 37.535040565104936 ], [ 127.118993148074097, 37.535126700372004 ] ] ], [ [ [ 127.120827925795211, 37.535300059142216 ], [ 127.120898670175663, 37.535283814831118 ], [ 127.120869397570559, 37.535196862565897 ], [ 127.120773539056145, 37.535215159455738 ], [ 127.120827925795211, 37.535300059142216 ] ] ], [ [ [ 127.121026521976233, 37.535724334085728 ], [ 127.121073143051348, 37.535827531662733 ], [ 127.121203498743782, 37.535794612503132 ], [ 127.121164355080822, 37.535690695617816 ], [ 127.121026521976233, 37.535724334085728 ] ] ], [ [ [ 127.121158063420083, 37.535994660912614 ], [ 127.121278132179341, 37.535967257157658 ], [ 127.121236587406983, 37.535876064752145 ], [ 127.121117305966308, 37.535907540155158 ], [ 127.121158063420083, 37.535994660912614 ] ] ], [ [ [ 127.118820748051007, 37.53635086144758 ], [ 127.118832970010374, 37.536323540218426 ], [ 127.118797769639528, 37.536272047405753 ], [ 127.1186691225262, 37.53632794653798 ], [ 127.118716514258026, 37.536397645363444 ], [ 127.118820748051007, 37.53635086144758 ] ] ], [ [ [ 127.119421353802522, 37.536670917657652 ], [ 127.119199061001481, 37.53636927078238 ], [ 127.11900018789602, 37.536462586377155 ], [ 127.11920753575653, 37.536758256915135 ], [ 127.119421353802522, 37.536670917657652 ] ] ], [ [ [ 127.118018302732835, 37.536657903162578 ], [ 127.117976306622666, 37.536608858501346 ], [ 127.117897073922919, 37.536646535030215 ], [ 127.117925619438026, 37.536697034566203 ], [ 127.118018302732835, 37.536657903162578 ] ] ], [ [ [ 127.118784858174351, 37.536993476046376 ], [ 127.118733226801652, 37.536926151074262 ], [ 127.118639339234448, 37.536991034600412 ], [ 127.118677693344367, 37.537054930993435 ], [ 127.118784858174351, 37.536993476046376 ] ] ], [ [ [ 127.120478905111355, 37.537116118776403 ], [ 127.120549345856432, 37.537228050187537 ], [ 127.120656237484383, 37.537209039580283 ], [ 127.120614394668706, 37.537086916200522 ], [ 127.120478905111355, 37.537116118776403 ] ] ], [ [ [ 127.117717350524543, 37.537175297346295 ], [ 127.117774505584336, 37.537251816457101 ], [ 127.117873277543595, 37.537205858662794 ], [ 127.117817742987299, 37.537131013849709 ], [ 127.117717350524543, 37.537175297346295 ] ] ], [ [ [ 127.119519663419851, 37.537761624148978 ], [ 127.119570216212054, 37.537811434551159 ], [ 127.119703424690073, 37.537733852006326 ], [ 127.119603236736992, 37.537642141089286 ], [ 127.119250520954083, 37.537723780780226 ], [ 127.119239668629561, 37.537744316207387 ], [ 127.119335300847951, 37.537867557703173 ], [ 127.119519663419851, 37.537761624148978 ] ] ], [ [ [ 127.120179818107061, 37.53795847826278 ], [ 127.120257827324437, 37.537905430509419 ], [ 127.120153352531233, 37.537815165960367 ], [ 127.119999606001642, 37.537919835431374 ], [ 127.12001358915272, 37.53793307500117 ], [ 127.120101765974894, 37.537877314171055 ], [ 127.120179818107061, 37.53795847826278 ] ] ], [ [ [ 127.120074663330371, 37.538117645077648 ], [ 127.120075284640095, 37.538074135529335 ], [ 127.120024397015712, 37.538027560244778 ], [ 127.119881138165738, 37.538117686025934 ], [ 127.119966175559057, 37.53820145613247 ], [ 127.120074663330371, 37.538117645077648 ] ] ], [ [ [ 127.12035135034219, 37.538516524645217 ], [ 127.120287299939605, 37.538453573670445 ], [ 127.120145126868891, 37.538536598853845 ], [ 127.120207017072744, 37.538607291600215 ], [ 127.12035135034219, 37.538516524645217 ] ] ], [ [ [ 127.120925994462553, 37.538612252099178 ], [ 127.1208086574009, 37.538688063045875 ], [ 127.120901111729438, 37.538774410825788 ], [ 127.12095460606939, 37.538723720968548 ], [ 127.12097178346545, 37.538646740829975 ], [ 127.120925994462553, 37.538612252099178 ] ] ], [ [ [ 127.11814582753145, 37.538692308490901 ], [ 127.118219519878068, 37.538764702507777 ], [ 127.118288447544941, 37.538705637396042 ], [ 127.118212611438338, 37.538637119806928 ], [ 127.11814582753145, 37.538692308490901 ] ] ], [ [ [ 127.119910212929767, 37.538723610300693 ], [ 127.119842195978492, 37.538663645347626 ], [ 127.119730426002505, 37.538740359647633 ], [ 127.119801714150185, 37.538801123271163 ], [ 127.119910212929767, 37.538723610300693 ] ] ], [ [ [ 127.118857636048915, 37.538988633540001 ], [ 127.118779217784649, 37.538926326721203 ], [ 127.118725321457035, 37.538967005966811 ], [ 127.118796062797159, 37.539033014513329 ], [ 127.118857636048915, 37.538988633540001 ] ] ], [ [ [ 127.119891618883685, 37.539293722803777 ], [ 127.12003095395653, 37.539446814810532 ], [ 127.120146236121457, 37.539358248659006 ], [ 127.120019596921679, 37.539248535834588 ], [ 127.119951465309668, 37.539288130709842 ], [ 127.119947133043041, 37.539317570471106 ], [ 127.119913999251978, 37.53927922142347 ], [ 127.119996596432571, 37.539228646982643 ], [ 127.119739335854305, 37.539008819409212 ], [ 127.119682590755431, 37.539065161188489 ], [ 127.119688649995098, 37.539090373899732 ], [ 127.119901122248464, 37.53928589266507 ], [ 127.119891618883685, 37.539293722803777 ] ] ], [ [ [ 127.118468164164511, 37.539360967502446 ], [ 127.118544463544524, 37.539450180251023 ], [ 127.118622536570541, 37.539407260679106 ], [ 127.11854554003223, 37.539320868776969 ], [ 127.118468164164511, 37.539360967502446 ] ] ], [ [ [ 127.119311536149993, 37.539490620017332 ], [ 127.119394800140483, 37.539439153351381 ], [ 127.119300334312442, 37.539346643620618 ], [ 127.119217607380648, 37.539408633274853 ], [ 127.119311536149993, 37.539490620017332 ] ] ], [ [ [ 127.123005823487546, 37.486577827237461 ], [ 127.122957921355876, 37.486601843090419 ], [ 127.122875303490787, 37.486763387233154 ], [ 127.123053253795717, 37.486820958441555 ], [ 127.123102283271933, 37.486725041567084 ], [ 127.123064611629658, 37.486712826722602 ], [ 127.12313066073186, 37.486583825613231 ], [ 127.123005823487546, 37.486577827237461 ] ] ], [ [ [ 127.123004224194432, 37.486916875294341 ], [ 127.123161133059867, 37.486967620369633 ], [ 127.123210275562016, 37.486871703336419 ], [ 127.123053253795717, 37.486820958441555 ], [ 127.123004224194432, 37.486916875294341 ] ] ], [ [ [ 127.123576420920031, 37.48765366414208 ], [ 127.12348041671801, 37.487648897880504 ], [ 127.123412414848076, 37.487689693262766 ], [ 127.123524111245189, 37.487748863785235 ], [ 127.123593206679885, 37.487754739016623 ], [ 127.12359906787583, 37.487673913247647 ], [ 127.123576420920031, 37.48765366414208 ] ] ], [ [ [ 127.123038231244834, 37.48794749444405 ], [ 127.123269093918267, 37.488070063088053 ], [ 127.123358118924912, 37.487954463104387 ], [ 127.123128615056615, 37.487832974433367 ], [ 127.123038231244834, 37.48794749444405 ] ] ], [ [ [ 127.12363621613747, 37.488267273527697 ], [ 127.123728857748688, 37.488150858630654 ], [ 127.123481924604633, 37.4880200182766 ], [ 127.123391994854259, 37.488135439085397 ], [ 127.12363621613747, 37.488267273527697 ] ] ], [ [ [ 127.122827127944589, 37.488226751106502 ], [ 127.12292260481658, 37.488114838929363 ], [ 127.122762585183935, 37.488029678537153 ], [ 127.122708445562793, 37.48804279858313 ], [ 127.122659865407954, 37.488137723712775 ], [ 127.122827127944589, 37.488226751106502 ] ] ], [ [ [ 127.123668746850583, 37.488941007706188 ], [ 127.123657933005987, 37.488896779787645 ], [ 127.123558909367048, 37.488844083515055 ], [ 127.123462301216705, 37.488955636960064 ], [ 127.123595615918148, 37.489026858485644 ], [ 127.123668746850583, 37.488941007706188 ] ] ], [ [ [ 127.123877220558555, 37.489337952757104 ], [ 127.124105076996429, 37.489070479990033 ], [ 127.12392751035398, 37.488974617497021 ], [ 127.123788135673806, 37.48913982500185 ], [ 127.123664553873994, 37.489074179833096 ], [ 127.123598871490771, 37.48915137331268 ], [ 127.123609685337627, 37.489195601234726 ], [ 127.123877220558555, 37.489337952757104 ] ] ], [ [ [ 127.122235759594616, 37.490041979685721 ], [ 127.12236713946443, 37.490111934150846 ], [ 127.122434968574538, 37.490032396570662 ], [ 127.122428480548948, 37.490005823716373 ], [ 127.122317120722769, 37.489946561738577 ], [ 127.122235759594616, 37.490041979685721 ] ] ], [ [ [ 127.123297442700405, 37.491449513057731 ], [ 127.121955526148099, 37.490723232278675 ], [ 127.121461852713281, 37.491302626763165 ], [ 127.121472439463474, 37.491346855095784 ], [ 127.122748369356373, 37.492037160017418 ], [ 127.122803876343951, 37.492028723753769 ], [ 127.123297442700405, 37.491449513057731 ] ] ], [ [ [ 127.122673201002783, 37.49261432726756 ], [ 127.122744305020788, 37.492530911886547 ], [ 127.122585745139887, 37.492445119128071 ], [ 127.12251464102637, 37.492528534415044 ], [ 127.122673201002783, 37.49261432726756 ] ] ], [ [ [ 127.12304517751295, 37.492793784710734 ], [ 127.122949807673891, 37.492905516591826 ], [ 127.123061966278229, 37.49296621871715 ], [ 127.123157562328373, 37.492854576613787 ], [ 127.12304517751295, 37.492793784710734 ] ] ], [ [ [ 127.12237456254698, 37.492964761490313 ], [ 127.122298378918799, 37.493054218531718 ], [ 127.122438265605098, 37.493129939586957 ], [ 127.122514449142869, 37.493040482456678 ], [ 127.12237456254698, 37.492964761490313 ] ] ], [ [ [ 127.123334597546901, 37.493592943338932 ], [ 127.123156610401367, 37.493801617943866 ], [ 127.123370518292859, 37.49391735611546 ], [ 127.12342602660047, 37.4939089195599 ], [ 127.123558980360613, 37.493752909434569 ], [ 127.123548392037222, 37.49370868130972 ], [ 127.123334597546901, 37.493592943338932 ] ] ], [ [ [ 127.121165574714553, 37.497669927591325 ], [ 127.121290528703824, 37.497737556075236 ], [ 127.121320440252944, 37.497702476900315 ], [ 127.121422759701389, 37.497688317519348 ], [ 127.12147603564793, 37.497625644031032 ], [ 127.121289735913493, 37.497524380600488 ], [ 127.121165574714553, 37.497669927591325 ] ] ], [ [ [ 127.121946040295043, 37.497851316518087 ], [ 127.122062823345274, 37.497914483558212 ], [ 127.122164318272979, 37.497795412099656 ], [ 127.122047625704354, 37.497732191006286 ], [ 127.121946040295043, 37.497851316518087 ] ] ], [ [ [ 127.121201862584826, 37.498299869047628 ], [ 127.121553979116527, 37.498490883893169 ], [ 127.121668320769203, 37.498356789182388 ], [ 127.121315075735694, 37.498167037215332 ], [ 127.121201862584826, 37.498299869047628 ] ] ], [ [ [ 127.121907569010972, 37.498682797178851 ], [ 127.122071132053904, 37.498777865926435 ], [ 127.122192815424398, 37.498638537431844 ], [ 127.12202281255108, 37.498547169513103 ], [ 127.121907569010972, 37.498682797178851 ] ] ], [ [ [ 127.121239149245056, 37.498705010296938 ], [ 127.121414719233996, 37.4987987793575 ], [ 127.121544733386983, 37.49864928882225 ], [ 127.121320740900146, 37.498527791282335 ], [ 127.121268592458435, 37.498588841751378 ], [ 127.121239149245056, 37.498705010296938 ] ] ], [ [ [ 127.122485184145091, 37.498803481547611 ], [ 127.122581811631719, 37.498695172653598 ], [ 127.122441122510381, 37.498619272469178 ], [ 127.122346526701023, 37.498725236575716 ], [ 127.122485184145091, 37.498803481547611 ] ] ], [ [ [ 127.121697646268558, 37.498732205428254 ], [ 127.121669576409062, 37.498717007105178 ], [ 127.121621073009962, 37.498794362092696 ], [ 127.121514000059292, 37.498736356495073 ], [ 127.121454989945846, 37.498820299374309 ], [ 127.121508412558128, 37.498848806778128 ], [ 127.121626359268404, 37.498846975028293 ], [ 127.121697646268558, 37.498732205428254 ] ] ], [ [ [ 127.1239088640951, 37.499237467752323 ], [ 127.124016188560262, 37.499170952936872 ], [ 127.124133430331554, 37.499291024494475 ], [ 127.12421870633969, 37.499226784873365 ], [ 127.12422304317866, 37.499181820550127 ], [ 127.12399388383146, 37.498946987860371 ], [ 127.123828152780803, 37.499049783276412 ], [ 127.123900423308356, 37.499123860600697 ], [ 127.123739435531164, 37.49922304698233 ], [ 127.123904067486208, 37.499416591195086 ], [ 127.123960280099226, 37.499421488439467 ], [ 127.124034148552497, 37.499365820259591 ], [ 127.1239088640951, 37.499237467752323 ] ] ], [ [ [ 127.122870602228616, 37.499164116345227 ], [ 127.122854167994859, 37.499141518165551 ], [ 127.122991579818432, 37.499078307068189 ], [ 127.122923802202848, 37.498984763003826 ], [ 127.122786164027644, 37.499047794055954 ], [ 127.122733120757218, 37.498974507220694 ], [ 127.122575323856637, 37.499159643992996 ], [ 127.122678622554503, 37.499260540017346 ], [ 127.122870602228616, 37.499164116345227 ] ] ], [ [ [ 127.122085484619973, 37.49919402245299 ], [ 127.122208970634205, 37.49905009701957 ], [ 127.122044468821954, 37.49893430646155 ], [ 127.121905858810436, 37.499096807705939 ], [ 127.122085484619973, 37.49919402245299 ] ] ], [ [ [ 127.121345213149311, 37.499122515544833 ], [ 127.121244753460701, 37.499240287788041 ], [ 127.121357927403466, 37.499301458950036 ], [ 127.121458409699642, 37.499183740648796 ], [ 127.121345213149311, 37.499122515544833 ] ] ], [ [ [ 127.122207260644686, 37.499463206525377 ], [ 127.122261101903945, 37.499400081624891 ], [ 127.122076608559084, 37.499300349320656 ], [ 127.122000305072191, 37.499389806200291 ], [ 127.122151635001515, 37.499471642623142 ], [ 127.122207260644686, 37.499463206525377 ] ] ], [ [ [ 127.12316244418804, 37.499566841782297 ], [ 127.122978615982987, 37.499313210676455 ], [ 127.122807202556842, 37.499400062826489 ], [ 127.122999042492651, 37.499650081964205 ], [ 127.12316244418804, 37.499566841782297 ] ] ], [ [ [ 127.123857769931675, 37.499458535570589 ], [ 127.123812901126044, 37.499405783523201 ], [ 127.12345819882789, 37.499578060651508 ], [ 127.123539352080456, 37.499690061049833 ], [ 127.123595228251304, 37.499696580611996 ], [ 127.123851623160903, 37.499503321553007 ], [ 127.123857769931675, 37.499458535570589 ] ] ], [ [ [ 127.122416104542566, 37.499515160793834 ], [ 127.122512996759269, 37.499640390467341 ], [ 127.122714684964251, 37.499532694631242 ], [ 127.122613622860314, 37.499416479378823 ], [ 127.122416104542566, 37.499515160793834 ] ] ], [ [ [ 127.123468385600333, 37.499792127334331 ], [ 127.123476568648044, 37.499747609571301 ], [ 127.12342556447723, 37.499677204146025 ], [ 127.123288038397817, 37.499740145560544 ], [ 127.123376105474108, 37.49986168952325 ], [ 127.123468385600333, 37.499792127334331 ] ] ], [ [ [ 127.122491963097815, 37.499991350843587 ], [ 127.122315628688227, 37.499762587613048 ], [ 127.122210988015155, 37.499881986736504 ], [ 127.122060728838107, 37.499763298472885 ], [ 127.121905412080991, 37.499945638702506 ], [ 127.122046273588651, 37.50005721886177 ], [ 127.121928882853155, 37.500195191301017 ], [ 127.12210277045196, 37.500308990217448 ], [ 127.122491963097815, 37.499991350843587 ] ] ], [ [ [ 127.123692371333263, 37.500321502680755 ], [ 127.12361313512794, 37.500206707324523 ], [ 127.123752588407541, 37.500146286337241 ], [ 127.123562375006429, 37.499869606227684 ], [ 127.123506611064855, 37.499862636035246 ], [ 127.123421220781893, 37.499926965354085 ], [ 127.123513720293246, 37.500061749310539 ], [ 127.123335392588444, 37.500139509274256 ], [ 127.123513930108444, 37.500399263028207 ], [ 127.123692371333263, 37.500321502680755 ] ] ], [ [ [ 127.124078493787394, 37.500620414332886 ], [ 127.123948131051975, 37.500430709188166 ], [ 127.123625134259115, 37.500561147614221 ], [ 127.123733844606377, 37.500719160378594 ], [ 127.123912286950798, 37.500641760100947 ], [ 127.123940059461191, 37.500681915842286 ], [ 127.124078493787394, 37.500620414332886 ] ] ], [ [ [ 127.123378699703991, 37.500483826127216 ], [ 127.123198898502196, 37.500560235902732 ], [ 127.123305907803427, 37.500715908218417 ], [ 127.123485709268579, 37.5006394982816 ], [ 127.123378699703991, 37.500483826127216 ] ] ], [ [ [ 127.123240021139793, 37.50088275087748 ], [ 127.123378456559081, 37.500821340288482 ], [ 127.123314182948874, 37.500727973062524 ], [ 127.123175180738926, 37.500788483162658 ], [ 127.123240021139793, 37.50088275087748 ] ] ], [ [ [ 127.123534210506975, 37.501047780550159 ], [ 127.123713899590257, 37.500971460485857 ], [ 127.123571521359153, 37.5007643781002 ], [ 127.123391832772427, 37.5008407880497 ], [ 127.123534210506975, 37.501047780550159 ] ] ], [ [ [ 127.122795942607667, 37.50096862221541 ], [ 127.122856248152019, 37.501056137307771 ], [ 127.123009942153701, 37.500989035190962 ], [ 127.122949749574161, 37.500901520060012 ], [ 127.122795942607667, 37.50096862221541 ] ] ], [ [ [ 127.123927722083579, 37.501229645376256 ], [ 127.123829391134009, 37.501126402742898 ], [ 127.123583269099072, 37.501311812407067 ], [ 127.123578592485231, 37.50135677704192 ], [ 127.123714420708467, 37.501499444814023 ], [ 127.123841974307254, 37.501422187377564 ], [ 127.123757124191016, 37.501333166497446 ], [ 127.123927722083579, 37.501229645376256 ] ] ], [ [ [ 127.123031838407726, 37.501311299686307 ], [ 127.123153131477167, 37.50148768038185 ], [ 127.123209009685937, 37.501494650620671 ], [ 127.123307052569402, 37.501420757848777 ], [ 127.123186099541371, 37.501245007657886 ], [ 127.123031838407726, 37.501311299686307 ] ] ], [ [ [ 127.124122808203012, 37.501716883007035 ], [ 127.124293180426562, 37.501613451698574 ], [ 127.124129256089375, 37.501441261023693 ], [ 127.123958771085981, 37.501544782315307 ], [ 127.123923766027687, 37.501508057871078 ], [ 127.123796098982936, 37.501585135312602 ], [ 127.12387777759119, 37.501670915852742 ], [ 127.12400555793559, 37.501593928306399 ], [ 127.124122808203012, 37.501716883007035 ] ] ], [ [ [ 127.123247415712996, 37.501606334807924 ], [ 127.123338836084514, 37.501702286959841 ], [ 127.123480847586507, 37.50161366243092 ], [ 127.123357364635638, 37.501482154036999 ], [ 127.123252092686869, 37.501561460287384 ], [ 127.123247415712996, 37.501606334807924 ] ] ], [ [ [ 127.123880515750272, 37.502032123103191 ], [ 127.124024903919221, 37.50194457666111 ], [ 127.123927251619875, 37.501842054217164 ], [ 127.123782298370685, 37.501929781325813 ], [ 127.123880515750272, 37.502032123103191 ] ] ], [ [ [ 127.123916931393396, 37.5023093224398 ], [ 127.124060865771213, 37.502220605130439 ], [ 127.123897055197503, 37.502049315031663 ], [ 127.12375232681498, 37.502136501269014 ], [ 127.123916931393396, 37.5023093224398 ] ] ], [ [ [ 127.124099065047915, 37.502619887761355 ], [ 127.124010474599629, 37.502526816473193 ], [ 127.123875363134403, 37.502616966175701 ], [ 127.123994295581838, 37.502730368662085 ], [ 127.124092805074923, 37.502664673849708 ], [ 127.124099065047915, 37.502619887761355 ] ] ], [ [ [ 127.124245442699959, 37.503056359327296 ], [ 127.124129454189998, 37.502945657038651 ], [ 127.123912662040226, 37.503088689994989 ], [ 127.124028539861854, 37.503200924304842 ], [ 127.124245442699959, 37.503056359327296 ] ] ], [ [ [ 127.123564822689048, 37.503110583709244 ], [ 127.12369700117074, 37.503232442178806 ], [ 127.12380421035742, 37.503160972228557 ], [ 127.123673274530447, 37.503038301694573 ], [ 127.123564822689048, 37.503110583709244 ] ] ], [ [ [ 127.122197324980576, 37.507343162767633 ], [ 127.122060470651462, 37.507129856267774 ], [ 127.121925970281978, 37.507184593865325 ], [ 127.122062824329205, 37.507397900519507 ], [ 127.122197324980576, 37.507343162767633 ] ] ], [ [ [ 127.121402265802061, 37.507504529990506 ], [ 127.121522638897147, 37.507455573725338 ], [ 127.121453021846648, 37.507346984171107 ], [ 127.12129704582135, 37.507410572624735 ], [ 127.121348407985138, 37.507490619179947 ], [ 127.121402265802061, 37.507504529990506 ] ] ], [ [ [ 127.122509900795478, 37.507954169562716 ], [ 127.122559579235286, 37.507830952373254 ], [ 127.122517308492078, 37.507778737848135 ], [ 127.122351952413496, 37.507846842282703 ], [ 127.122442319625179, 37.507987035053837 ], [ 127.122509900795478, 37.507954169562716 ] ] ], [ [ [ 127.122493853974831, 37.509434343755629 ], [ 127.121817526236583, 37.508380138261231 ], [ 127.121011072854202, 37.508709054817487 ], [ 127.121686390869897, 37.509759481716451 ], [ 127.122475147402071, 37.509476799861496 ], [ 127.122493853974831, 37.509434343755629 ] ] ], [ [ [ 127.123206708416731, 37.509692738248113 ], [ 127.123263166150664, 37.509565279130634 ], [ 127.123231757072148, 37.509516297271439 ], [ 127.122813017411687, 37.509566192700589 ], [ 127.122815696774666, 37.509614393277687 ], [ 127.122917443844557, 37.509795659407629 ], [ 127.123206708416731, 37.509692738248113 ] ] ], [ [ [ 127.122139285553672, 37.510072612050998 ], [ 127.122036860351614, 37.509890715252453 ], [ 127.121851024269745, 37.509956857664719 ], [ 127.121953449112098, 37.510138754622965 ], [ 127.122139285553672, 37.510072612050998 ] ] ], [ [ [ 127.123872381359092, 37.510214718839379 ], [ 127.123975680080648, 37.510374448609575 ], [ 127.124162289056855, 37.510297309898398 ], [ 127.124079059786695, 37.510168373555544 ], [ 127.123872381359092, 37.510214718839379 ] ] ], [ [ [ 127.122789331890203, 37.510376122981391 ], [ 127.122717345006251, 37.510273663439825 ], [ 127.122389078539541, 37.51039022835662 ], [ 127.122461006350562, 37.510526385431689 ], [ 127.122771191209466, 37.510418848845404 ], [ 127.122789331890203, 37.510376122981391 ] ] ], [ [ [ 127.121381255903202, 37.511171230036986 ], [ 127.121194557139546, 37.511244877581255 ], [ 127.121311276465292, 37.511432427841513 ], [ 127.121496393025083, 37.511359358359613 ], [ 127.121381255903202, 37.511171230036986 ] ] ], [ [ [ 127.123441031291364, 37.51176226604543 ], [ 127.123560706001854, 37.511836744969486 ], [ 127.123733539772942, 37.511771694535476 ], [ 127.123672192060965, 37.511675261270419 ], [ 127.123441031291364, 37.51176226604543 ] ] ], [ [ [ 127.121636088615972, 37.511965523954764 ], [ 127.121856264923679, 37.512319544618009 ], [ 127.122039789359249, 37.512247115623822 ], [ 127.121840038486212, 37.511920681026432 ], [ 127.1217865157208, 37.511906139389559 ], [ 127.121636088615972, 37.511965523954764 ] ] ], [ [ [ 127.122343603654713, 37.512743614643533 ], [ 127.122277158805659, 37.512635022432406 ], [ 127.122096696824727, 37.512706178260238 ], [ 127.122164057213993, 37.512814499337743 ], [ 127.122343603654713, 37.512743614643533 ] ] ], [ [ [ 127.122983509534322, 37.513014671826873 ], [ 127.122755739413549, 37.513103113351882 ], [ 127.122830929214643, 37.513226022143826 ], [ 127.123056204809231, 37.513133618658657 ], [ 127.122983509534322, 37.513014671826873 ] ] ], [ [ [ 127.122335543469163, 37.513090191108205 ], [ 127.122158569071786, 37.513157352045248 ], [ 127.122261356743067, 37.513322561813105 ], [ 127.122314655556607, 37.513337824256539 ], [ 127.122457780070093, 37.513286699441849 ], [ 127.122335543469163, 37.513090191108205 ] ] ], [ [ [ 127.121760548672725, 37.535197661500177 ], [ 127.121946170850691, 37.535156558281443 ], [ 127.121907991413565, 37.53504760409831 ], [ 127.121723627913653, 37.535090300733927 ], [ 127.121739667099448, 37.535136964848945 ], [ 127.121620989371991, 37.535163052211765 ], [ 127.121651212055212, 37.535249273519995 ], [ 127.121780475462742, 37.535255602081158 ], [ 127.121760548672725, 37.535197661500177 ] ] ], [ [ [ 127.121461525758093, 37.535246781358055 ], [ 127.121602794851938, 37.535246899089309 ], [ 127.121567266463103, 37.535146925000774 ], [ 127.121441841524415, 37.535177650145236 ], [ 127.121461525758093, 37.535246781358055 ] ] ], [ [ [ 127.121688054464116, 37.536316164652625 ], [ 127.12158190721577, 37.536339797531348 ], [ 127.121605848578753, 37.53641048309543 ], [ 127.121652710247275, 37.536430140145775 ], [ 127.121719735004618, 37.536415088439306 ], [ 127.121688054464116, 37.536316164652625 ] ] ], [ [ [ 127.121416422231391, 37.537073968311695 ], [ 127.121290590351094, 37.537128209606983 ], [ 127.12133903766231, 37.537198149566024 ], [ 127.121443460700817, 37.537114431464694 ], [ 127.121416422231391, 37.537073968311695 ] ] ], [ [ [ 127.122256462395114, 37.538146500883066 ], [ 127.122020116611836, 37.538248275108906 ], [ 127.1222988261285, 37.538750924329364 ], [ 127.12234895697226, 37.538804139714415 ], [ 127.122816821260031, 37.538615875277884 ], [ 127.122865213900198, 37.538538880818344 ], [ 127.12271315318128, 37.538467290943707 ], [ 127.122673499538237, 37.5383720246585 ], [ 127.122256462395114, 37.538146500883066 ] ] ], [ [ [ 127.125930072814768, 37.480621872267392 ], [ 127.126002085997115, 37.480482141231811 ], [ 127.125735122932952, 37.480395565662157 ], [ 127.125646771952262, 37.480569281447956 ], [ 127.125777339758713, 37.480559773799357 ], [ 127.125930072814768, 37.480621872267392 ] ] ], [ [ [ 127.125349629667809, 37.483022208156655 ], [ 127.12550692316951, 37.483036008717441 ], [ 127.125536870044058, 37.482821809383388 ], [ 127.125379576837361, 37.482807918761225 ], [ 127.125349629667809, 37.483022208156655 ] ] ], [ [ [ 127.124965498831344, 37.482988372078758 ], [ 127.124812615567791, 37.482974926595389 ], [ 127.124750629913038, 37.48309608577474 ], [ 127.124779524612521, 37.483134798671458 ], [ 127.12494360306755, 37.483149223604109 ], [ 127.124965498831344, 37.482988372078758 ] ] ], [ [ [ 127.125462419078289, 37.48449928060414 ], [ 127.125474565296031, 37.484391598286749 ], [ 127.125288671565414, 37.484382693054442 ], [ 127.125280368402699, 37.48448983072732 ], [ 127.125462419078289, 37.48449928060414 ] ] ], [ [ [ 127.124766803860837, 37.486954243352692 ], [ 127.124809650590436, 37.486399903269252 ], [ 127.124697433693015, 37.486298567673998 ], [ 127.124455109189654, 37.486286476352895 ], [ 127.124407389075984, 37.486904432008046 ], [ 127.124444757256128, 37.486938270745711 ], [ 127.124766803860837, 37.486954243352692 ] ] ], [ [ [ 127.124957006142679, 37.486691673515082 ], [ 127.125317498025026, 37.486709406451531 ], [ 127.125347175635113, 37.486330865120166 ], [ 127.12510609482085, 37.486318863930961 ], [ 127.124978927533959, 37.486408376112799 ], [ 127.124957006142679, 37.486691673515082 ] ] ], [ [ [ 127.125397215112329, 37.486848617540225 ], [ 127.125554280379845, 37.486856291460718 ], [ 127.125566352649756, 37.486703739440692 ], [ 127.125448977978479, 37.48669800611161 ], [ 127.125406626578567, 37.486727873635822 ], [ 127.125397215112329, 37.486848617540225 ] ] ], [ [ [ 127.124727053357432, 37.48746650343201 ], [ 127.124522723678325, 37.48745878752846 ], [ 127.124514209793347, 37.487576196713562 ], [ 127.1247176417437, 37.487587877968188 ], [ 127.124727053357432, 37.48746650343201 ] ] ], [ [ [ 127.124692288710236, 37.487916769449022 ], [ 127.124707899619168, 37.487714568746526 ], [ 127.124505032528532, 37.48770279678763 ], [ 127.124490437820938, 37.487904455806387 ], [ 127.124692288710236, 37.487916769449022 ] ] ], [ [ [ 127.125006555807119, 37.488287202935197 ], [ 127.124931602830216, 37.48850135885715 ], [ 127.125103980047854, 37.48853568697691 ], [ 127.12515114230635, 37.488405443133566 ], [ 127.125195148110961, 37.488212492969254 ], [ 127.125023148926999, 37.488201320286471 ], [ 127.125028046498272, 37.488085536658268 ], [ 127.124849719386475, 37.488076622837482 ], [ 127.124824332573198, 37.488247118547058 ], [ 127.125006555807119, 37.488287202935197 ] ] ], [ [ [ 127.124462352452852, 37.488291644768175 ], [ 127.124470313104737, 37.488181534277295 ], [ 127.124300580965098, 37.488173691883524 ], [ 127.124256820995853, 37.488310959659486 ], [ 127.124275095280495, 37.488353648076391 ], [ 127.124553718291452, 37.488501212368156 ], [ 127.124630426812701, 37.48832264435773 ], [ 127.124462352452852, 37.488291644768175 ] ] ], [ [ [ 127.124601685466033, 37.488723168807887 ], [ 127.124509040223131, 37.488836971481369 ], [ 127.124638959707539, 37.488905852764965 ], [ 127.124733302242888, 37.48879285912097 ], [ 127.124601685466033, 37.488723168807887 ] ] ], [ [ [ 127.125388114724785, 37.489075268608119 ], [ 127.125412603131664, 37.489046050534213 ], [ 127.125290377377738, 37.488980675943829 ], [ 127.125242865969184, 37.489036407502127 ], [ 127.125332610512956, 37.4890838862854 ], [ 127.125388114724785, 37.489075268608119 ] ] ], [ [ [ 127.125639532490368, 37.489117360758065 ], [ 127.125717389364283, 37.489025755369184 ], [ 127.12560944625919, 37.48896835796355 ], [ 127.125553942152152, 37.488976975744791 ], [ 127.125497176913711, 37.489043529118746 ], [ 127.125639532490368, 37.489117360758065 ] ] ], [ [ [ 127.125083084729752, 37.489373368477537 ], [ 127.125175734216228, 37.489262268359752 ], [ 127.125067994757799, 37.489204897278562 ], [ 127.124975118889196, 37.489315907449594 ], [ 127.125083084729752, 37.489373368477537 ] ] ], [ [ [ 127.124585591040415, 37.489389114621858 ], [ 127.124698649539468, 37.489449363795401 ], [ 127.124811162666916, 37.489315267756304 ], [ 127.124732395211637, 37.489273273231078 ], [ 127.124676890777181, 37.489281890600459 ], [ 127.124585591040415, 37.489389114621858 ] ] ], [ [ [ 127.124994175455029, 37.491619563594618 ], [ 127.124912804754246, 37.491715064456862 ], [ 127.125043863476392, 37.49178583616672 ], [ 127.125125121159144, 37.49169042543361 ], [ 127.124994175455029, 37.491619563594618 ] ] ], [ [ [ 127.12488631307059, 37.491970705680203 ], [ 127.125017259138687, 37.492041477533824 ], [ 127.125093438642736, 37.491952108831072 ], [ 127.124962492510917, 37.491881246960858 ], [ 127.12488631307059, 37.491970705680203 ] ] ], [ [ [ 127.124487888496233, 37.495247334446063 ], [ 127.124592542075973, 37.495348677955519 ], [ 127.124692539718581, 37.495231353776013 ], [ 127.124534309960538, 37.495144842534359 ], [ 127.12448532699635, 37.495202377262864 ], [ 127.124487888496233, 37.495247334446063 ] ] ], [ [ [ 127.124872116356045, 37.495645896232247 ], [ 127.124972565244363, 37.495527940651314 ], [ 127.124822259875913, 37.495447278012648 ], [ 127.124781854558123, 37.495494712720365 ], [ 127.124781815514766, 37.495539762707914 ], [ 127.124872116356045, 37.495645896232247 ] ] ], [ [ [ 127.125608069136604, 37.496269878140083 ], [ 127.125464663662612, 37.496191641779895 ], [ 127.125326648688755, 37.496296032057515 ], [ 127.125378712190368, 37.496391933858384 ], [ 127.125434024962715, 37.496401066043354 ], [ 127.125608069136604, 37.496269878140083 ] ] ], [ [ [ 127.125058180411216, 37.498693239751127 ], [ 127.125135979831583, 37.498759291655674 ], [ 127.125245425299937, 37.498677096127068 ], [ 127.125219891825836, 37.498623153058062 ], [ 127.125164688891928, 37.49861302956419 ], [ 127.125058180411216, 37.498693239751127 ] ] ], [ [ [ 127.124967823211236, 37.498761359586027 ], [ 127.124862669867738, 37.498840667180495 ], [ 127.125025289692758, 37.498978530241722 ], [ 127.12522068748504, 37.498831282864437 ], [ 127.125139377181512, 37.498762171295731 ], [ 127.12504890718273, 37.498830471509564 ], [ 127.124967823211236, 37.498761359586027 ] ] ], [ [ [ 127.125336538888916, 37.499067313183296 ], [ 127.12524877572632, 37.498994244062843 ], [ 127.125357206161027, 37.498913581194181 ], [ 127.125320777973499, 37.498836493909636 ], [ 127.125287633610654, 37.498830491948553 ], [ 127.124933658407869, 37.499097287488873 ], [ 127.125019496231801, 37.499168737057907 ], [ 127.125072354682288, 37.499128407161322 ], [ 127.125158195644744, 37.499201658622589 ], [ 127.125336538888916, 37.499067313183296 ] ] ], [ [ [ 127.125306238051351, 37.499139785206502 ], [ 127.125211362549038, 37.499211243650898 ], [ 127.125286899854686, 37.499276667119311 ], [ 127.125383131223856, 37.499204486394788 ], [ 127.125306238051351, 37.499139785206502 ] ] ], [ [ [ 127.124666532273139, 37.499433098031659 ], [ 127.124564878215054, 37.499509248211055 ], [ 127.12461475586305, 37.499581726615702 ], [ 127.124648349897313, 37.499585926299297 ], [ 127.124816303647975, 37.499459341066427 ], [ 127.124727863042466, 37.49938690296969 ], [ 127.124815739363456, 37.499322480007393 ], [ 127.124903386437651, 37.499393747570025 ], [ 127.12507709965594, 37.499262831155391 ], [ 127.124990581662459, 37.499190481341969 ], [ 127.12493128456282, 37.499235322919645 ], [ 127.124846575840095, 37.499162790910532 ], [ 127.124582278297652, 37.499362006958819 ], [ 127.124666532273139, 37.499433098031659 ] ] ], [ [ [ 127.12446829689668, 37.499368702924443 ], [ 127.124501890827403, 37.499372902650009 ], [ 127.124605351205616, 37.499294948644447 ], [ 127.12444295748989, 37.49915699467747 ], [ 127.124389758975511, 37.499197054346673 ], [ 127.124380898005356, 37.499241572881736 ], [ 127.12446829689668, 37.499368702924443 ] ] ], [ [ [ 127.125114679843989, 37.499284145506408 ], [ 127.124824178546433, 37.499503031266229 ], [ 127.124901637709172, 37.499568092572524 ], [ 127.125092969688495, 37.499423012062216 ], [ 127.125172237066693, 37.499487260401921 ], [ 127.125268581308987, 37.499414719255554 ], [ 127.125114679843989, 37.499284145506408 ] ] ], [ [ [ 127.125398767774428, 37.499565229733463 ], [ 127.12549612834556, 37.499491876438377 ], [ 127.125386959726583, 37.499399908922726 ], [ 127.125285081312299, 37.499476690655747 ], [ 127.125398767774428, 37.499565229733463 ] ] ], [ [ [ 127.124901637709172, 37.499568092572524 ], [ 127.124710657574724, 37.499721281387657 ], [ 127.124740017548433, 37.499763958086987 ], [ 127.124795894617748, 37.499770927579299 ], [ 127.124979661259076, 37.499632432438752 ], [ 127.124901637709172, 37.499568092572524 ] ] ], [ [ [ 127.125088500149374, 37.499798913230023 ], [ 127.124979670696902, 37.499706854888174 ], [ 127.12488106685386, 37.499781110052069 ], [ 127.124990460993047, 37.499872717394283 ], [ 127.125088500149374, 37.499798913230023 ] ] ], [ [ [ 127.124750240252752, 37.499928830107685 ], [ 127.124694363069906, 37.499921860594206 ], [ 127.124575201995938, 37.50001163410235 ], [ 127.124692861482856, 37.500109269794947 ], [ 127.124812361391463, 37.500019225516517 ], [ 127.124750240252752, 37.499928830107685 ] ] ], [ [ [ 127.125438431317605, 37.499957482786193 ], [ 127.125345587972731, 37.500027407500447 ], [ 127.125540031207024, 37.500190644612282 ], [ 127.12546062841281, 37.500250374023942 ], [ 127.125616454830762, 37.500380855177184 ], [ 127.125835009480596, 37.500216193224617 ], [ 127.125679747872312, 37.500085351363118 ], [ 127.125632761632346, 37.50012080996563 ], [ 127.125438431317605, 37.499957482786193 ] ] ], [ [ [ 127.124364777666443, 37.500170248589441 ], [ 127.124066251440482, 37.50039526758875 ], [ 127.12405750322776, 37.500439785973754 ], [ 127.124225728344669, 37.500684592763349 ], [ 127.124431184832972, 37.500529857997414 ], [ 127.124290659749917, 37.500412342766197 ], [ 127.124374005421089, 37.500349537637639 ], [ 127.124407438562486, 37.500324365015018 ], [ 127.124549669401603, 37.500440716044999 ], [ 127.124732195639112, 37.500303123593667 ], [ 127.12458657640525, 37.500189389205381 ], [ 127.124481985364966, 37.500268245358562 ], [ 127.124364777666443, 37.500170248589441 ] ] ], [ [ [ 127.125194521186231, 37.500450764602732 ], [ 127.125309955036386, 37.500363877576518 ], [ 127.12511562479186, 37.500200549872737 ], [ 127.125001320520411, 37.500286624632416 ], [ 127.125194521186231, 37.500450764602732 ] ] ], [ [ [ 127.124658304026326, 37.50110247608729 ], [ 127.124771593456458, 37.501017213627378 ], [ 127.124615540852602, 37.500886641509652 ], [ 127.124489939859814, 37.500981196918232 ], [ 127.124601978940746, 37.501098750592071 ], [ 127.124658304026326, 37.50110247608729 ] ] ], [ [ [ 127.12556257477614, 37.501444720220448 ], [ 127.125439338463949, 37.501327629710978 ], [ 127.125332133604971, 37.501399191259722 ], [ 127.125455821486327, 37.501515830906918 ], [ 127.12556257477614, 37.501444720220448 ] ] ], [ [ [ 127.125196008984901, 37.50148997424786 ], [ 127.125072546246187, 37.501372433094311 ], [ 127.124974152250459, 37.501438038515786 ], [ 127.124967779657922, 37.501482734677005 ], [ 127.125060674780258, 37.501580215652574 ], [ 127.125196008984901, 37.50148997424786 ] ] ], [ [ [ 127.12453970191423, 37.502154514816311 ], [ 127.124710187941318, 37.50205126299501 ], [ 127.124628168100955, 37.501965122993319 ], [ 127.124457682303827, 37.502068464797269 ], [ 127.12453970191423, 37.502154514816311 ] ] ], [ [ [ 127.12500235683558, 37.502358108148727 ], [ 127.124882384879299, 37.50223209378553 ], [ 127.124624817046637, 37.502403822369381 ], [ 127.124618557405356, 37.502448608486667 ], [ 127.124777953527101, 37.502616027886766 ], [ 127.124907430491788, 37.502538767307279 ], [ 127.124832209199255, 37.502460999634103 ], [ 127.12500235683558, 37.502358108148727 ] ] ], [ [ [ 127.125007578414284, 37.502644529910754 ], [ 127.125102511589219, 37.502742549301317 ], [ 127.125270963848507, 37.502640109706292 ], [ 127.125177387245344, 37.502541818730123 ], [ 127.125007578414284, 37.502644529910754 ] ] ], [ [ [ 127.124728274320447, 37.502734470825992 ], [ 127.124734647160111, 37.502689774686807 ], [ 127.124648661552328, 37.502599494255392 ], [ 127.124540437176478, 37.50267159673335 ], [ 127.124656312922326, 37.502782388840821 ], [ 127.124728274320447, 37.502734470825992 ] ] ], [ [ [ 127.124237792302239, 37.502873464722065 ], [ 127.124346243150896, 37.502801182088376 ], [ 127.12421541735992, 37.50267680013765 ], [ 127.124106966564412, 37.502749082652663 ], [ 127.124237792302239, 37.502873464722065 ] ] ], [ [ [ 127.125406278874763, 37.50322174215448 ], [ 127.125662379148707, 37.503051004529837 ], [ 127.125457891010029, 37.502836331268838 ], [ 127.125159509975347, 37.503016663291532 ], [ 127.125350063022069, 37.503216665407265 ], [ 127.125406278874763, 37.50322174215448 ] ] ], [ [ [ 127.124388810155423, 37.503242176239588 ], [ 127.124598143163681, 37.503102483876887 ], [ 127.124468560598686, 37.502978191018052 ], [ 127.124259227547213, 37.503117793054308 ], [ 127.124388810155423, 37.503242176239588 ] ] ], [ [ [ 127.12518746295541, 37.503165298664427 ], [ 127.125094339067431, 37.503067547756402 ], [ 127.125038236444141, 37.503062470742115 ], [ 127.124941647619053, 37.503126812834893 ], [ 127.125065117354566, 37.503246966974295 ], [ 127.12518746295541, 37.503165298664427 ] ] ], [ [ [ 127.125082734521371, 37.503437419469229 ], [ 127.12519118551613, 37.503365226166451 ], [ 127.125065117354566, 37.503246966974295 ], [ 127.124958022936937, 37.503318798346164 ], [ 127.125082734521371, 37.503437419469229 ] ] ], [ [ [ 127.124566912504818, 37.503781328093218 ], [ 127.124852953730624, 37.503590648997665 ], [ 127.124728127087025, 37.503470766358255 ], [ 127.124441860106927, 37.503661625589814 ], [ 127.124566912504818, 37.503781328093218 ] ] ], [ [ [ 127.125577493161714, 37.509777578810954 ], [ 127.125523745895222, 37.509763579695331 ], [ 127.125411059318168, 37.509810459665204 ], [ 127.125524693563449, 37.509994594260341 ], [ 127.125675023797086, 37.509935601268687 ], [ 127.125577493161714, 37.509777578810954 ] ] ], [ [ [ 127.125029782153177, 37.510219010440743 ], [ 127.125192321894176, 37.510156040913039 ], [ 127.125139700890102, 37.510070681506598 ], [ 127.124976821978393, 37.510133651317176 ], [ 127.125029782153177, 37.510219010440743 ] ] ], [ [ [ 127.125444269808412, 37.510400847959829 ], [ 127.125638230883695, 37.510324780401248 ], [ 127.125581980982062, 37.510234019027628 ], [ 127.12538824629199, 37.510310086257519 ], [ 127.125444269808412, 37.510400847959829 ] ] ], [ [ [ 127.124828718358586, 37.510652960281007 ], [ 127.124989444937881, 37.510587199839513 ], [ 127.124935443022949, 37.510487515945293 ], [ 127.124766691977072, 37.510556798573745 ], [ 127.124828718358586, 37.510652960281007 ] ] ], [ [ [ 127.124162321730736, 37.510662934302026 ], [ 127.124255756347594, 37.510807267013412 ], [ 127.124441460387004, 37.510729588208619 ], [ 127.124347571616227, 37.510584355118006 ], [ 127.124162321730736, 37.510662934302026 ] ] ], [ [ [ 127.125410041511472, 37.51083705632243 ], [ 127.125488180364471, 37.510963744561572 ], [ 127.125651058557537, 37.510899512659414 ], [ 127.125572919496804, 37.510772824527002 ], [ 127.125410041511472, 37.51083705632243 ] ] ], [ [ [ 127.12596339033739, 37.511405724281481 ], [ 127.125807337173924, 37.511152708560566 ], [ 127.125644685373331, 37.511217300836442 ], [ 127.125799830737989, 37.511468786030846 ], [ 127.12596339033739, 37.511405724281481 ] ] ], [ [ [ 127.124023869123732, 37.512385512944469 ], [ 127.124113337147406, 37.512523903262569 ], [ 127.124264121271338, 37.512462028428139 ], [ 127.124174766298268, 37.51232372820516 ], [ 127.124023869123732, 37.512385512944469 ] ] ], [ [ [ 127.127350604226848, 37.477794431136893 ], [ 127.127077544238574, 37.477728146594337 ], [ 127.126803501340973, 37.478278255686249 ], [ 127.12708071421433, 37.478345716753687 ], [ 127.127350604226848, 37.477794431136893 ] ] ], [ [ [ 127.126821331145308, 37.479206448520962 ], [ 127.126923029001603, 37.478768363823967 ], [ 127.127050756664872, 37.478414675202259 ], [ 127.126769471900346, 37.478346227280042 ], [ 127.126259246181107, 37.479364087791126 ], [ 127.126691561109894, 37.47948941040427 ], [ 127.126785093329048, 37.479441738410848 ], [ 127.126821331145308, 37.479206448520962 ] ] ], [ [ [ 127.126568521899273, 37.480351979142107 ], [ 127.126215725518847, 37.480320546641217 ], [ 127.126163999753146, 37.480421873758289 ], [ 127.126186115098434, 37.480463296483904 ], [ 127.126548636266094, 37.48049534948295 ], [ 127.126568521899273, 37.480351979142107 ] ] ], [ [ [ 127.127241875618722, 37.479931668307714 ], [ 127.126992691529011, 37.479862015477345 ], [ 127.12699667259794, 37.479944002369507 ], [ 127.127092169427115, 37.480056706282177 ], [ 127.127217752414779, 37.480446706298444 ], [ 127.127364753128745, 37.480663150517415 ], [ 127.127712580686349, 37.480898481456357 ], [ 127.127756586199013, 37.480913481169416 ], [ 127.128115028345391, 37.480938596007206 ], [ 127.128230764659719, 37.480916667721708 ], [ 127.128333681772517, 37.480869074548991 ], [ 127.128435724897344, 37.480772738062051 ], [ 127.12863759271815, 37.480405543271786 ], [ 127.12859815484488, 37.480350444418384 ], [ 127.12802830470342, 37.480129860106018 ], [ 127.127385593881314, 37.479944219420972 ], [ 127.127241875618722, 37.479931668307714 ] ] ], [ [ [ 127.127131532163276, 37.480472927024735 ], [ 127.127099707372551, 37.480372409114956 ], [ 127.126859305878298, 37.480349688840171 ], [ 127.126817409638392, 37.48064967658334 ], [ 127.127017328261942, 37.480667304239205 ], [ 127.127035440505537, 37.480680890118563 ], [ 127.127183893972898, 37.480549636652221 ], [ 127.127131532163276, 37.480472927024735 ] ] ], [ [ [ 127.126635071081964, 37.480733302509975 ], [ 127.126656857883518, 37.480577496330298 ], [ 127.126374846206545, 37.480552476528445 ], [ 127.126354740777387, 37.480699901569714 ], [ 127.126218596959816, 37.480687791712299 ], [ 127.126150697983263, 37.480717776590353 ], [ 127.126280878684312, 37.480883333323924 ], [ 127.126329162337029, 37.48088760713761 ], [ 127.126353623823448, 37.480708101860692 ], [ 127.126635071081964, 37.480733302509975 ] ] ], [ [ [ 127.126775402563794, 37.480951196116003 ], [ 127.126978827285342, 37.480969090419087 ], [ 127.127006400777248, 37.480758407065387 ], [ 127.126977194538085, 37.480736363550506 ], [ 127.126807466955142, 37.480721316721571 ], [ 127.126775402563794, 37.480951196116003 ] ] ], [ [ [ 127.126425915325612, 37.481007698453006 ], [ 127.126594738852646, 37.481022656685724 ], [ 127.126610157421439, 37.480912447922172 ], [ 127.126440994960447, 37.48089749006936 ], [ 127.126425915325612, 37.481007698453006 ] ] ], [ [ [ 127.127403447807581, 37.481151812327035 ], [ 127.127413230604645, 37.481072784105351 ], [ 127.127192424273829, 37.481052566436176 ], [ 127.127182034182937, 37.481126910080015 ], [ 127.127403447807581, 37.481151812327035 ] ] ], [ [ [ 127.129217032179952, 37.480678102037572 ], [ 127.128767882857161, 37.480432703367285 ], [ 127.128713867106356, 37.480448348847212 ], [ 127.12850669123641, 37.48081879307388 ], [ 127.12839799102629, 37.480923065580008 ], [ 127.128326937849522, 37.480959452201994 ], [ 127.128331388625327, 37.481586093685884 ], [ 127.128534530186087, 37.481702645224225 ], [ 127.128679568630147, 37.481824935261542 ], [ 127.129743514061914, 37.481053880055605 ], [ 127.129495248170386, 37.480863227071445 ], [ 127.129217032179952, 37.480678102037572 ] ] ], [ [ [ 127.126668928951489, 37.481714186568325 ], [ 127.126623904092455, 37.482037333213441 ], [ 127.1268537923022, 37.482057722506582 ], [ 127.126876358412886, 37.481894707486873 ], [ 127.126848428246731, 37.48189230441298 ], [ 127.126870995825456, 37.481730190389236 ], [ 127.126668928951489, 37.481714186568325 ] ] ], [ [ [ 127.128282436540758, 37.481922670094391 ], [ 127.128332207597708, 37.481869998229456 ], [ 127.128132459700581, 37.481754614011528 ], [ 127.128114515300112, 37.481907803410387 ], [ 127.128282436540758, 37.481922670094391 ] ] ], [ [ [ 127.128213180845819, 37.481952837807256 ], [ 127.12809580550919, 37.481942421893116 ], [ 127.128079049806814, 37.4820630838733 ], [ 127.128196425177819, 37.482073409703602 ], [ 127.128213180845819, 37.481952837807256 ] ] ], [ [ [ 127.127865373285886, 37.48267329018168 ], [ 127.128028886152876, 37.482687801536329 ], [ 127.128043854803366, 37.482580025802392 ], [ 127.127880342168439, 37.482565514467751 ], [ 127.127865373285886, 37.48267329018168 ] ] ], [ [ [ 127.126646781084645, 37.48273846791831 ], [ 127.126729442040485, 37.482745768558559 ], [ 127.126759382904808, 37.482530127311563 ], [ 127.126557762394356, 37.482511870328864 ], [ 127.126540891631834, 37.482632892603263 ], [ 127.126646781084645, 37.48273846791831 ] ] ], [ [ [ 127.129318401849446, 37.483108082209213 ], [ 127.129066692550538, 37.482890492194997 ], [ 127.128933098107126, 37.483117238039185 ], [ 127.129150380097713, 37.483235214836576 ], [ 127.129318401849446, 37.483108082209213 ] ] ], [ [ [ 127.126297990619875, 37.483151044664012 ], [ 127.126314078690143, 37.483034978765922 ], [ 127.126011025360555, 37.483008268433323 ], [ 127.125994823764032, 37.483124334410583 ], [ 127.126297990619875, 37.483151044664012 ] ] ], [ [ [ 127.127753188799844, 37.483396823653578 ], [ 127.127774189568527, 37.483245162783192 ], [ 127.127628203049753, 37.483232254174979 ], [ 127.127607201989449, 37.483383915020312 ], [ 127.127753188799844, 37.483396823653578 ] ] ], [ [ [ 127.12863743420867, 37.483448764387219 ], [ 127.128708685672692, 37.48332795360691 ], [ 127.128504236276356, 37.483309883195247 ], [ 127.128483349876902, 37.48346145396971 ], [ 127.12858817560921, 37.48347071169043 ], [ 127.12863743420867, 37.483448764387219 ] ] ], [ [ [ 127.128721473180221, 37.483534719515077 ], [ 127.128924722519258, 37.483711276871347 ], [ 127.129070393417436, 37.483604351120796 ], [ 127.128986036818773, 37.483531370995784 ], [ 127.129108783899042, 37.483441228537096 ], [ 127.128836367547507, 37.48328087395339 ], [ 127.128713030870117, 37.483490129066574 ], [ 127.128721473180221, 37.483534719515077 ] ] ], [ [ [ 127.12601603349728, 37.483641666717986 ], [ 127.126226928596552, 37.483660185131122 ], [ 127.126271845902608, 37.483338750739776 ], [ 127.126063778577659, 37.483320409624653 ], [ 127.12601603349728, 37.483641666717986 ] ] ], [ [ [ 127.127418782657074, 37.483553053582362 ], [ 127.127405041201598, 37.483651637705044 ], [ 127.127584726509596, 37.48366748393984 ], [ 127.127598580946866, 37.483568989776209 ], [ 127.127418782657074, 37.483553053582362 ] ] ], [ [ [ 127.127232913158679, 37.484232335716214 ], [ 127.127248554847569, 37.484120504891251 ], [ 127.127057447203029, 37.484103589083041 ], [ 127.127041916639328, 37.484214428664473 ], [ 127.127232913158679, 37.484232335716214 ] ] ], [ [ [ 127.129122590363664, 37.484113531341137 ], [ 127.129101924796586, 37.484261380832294 ], [ 127.129214441410156, 37.484271386530956 ], [ 127.129235332994497, 37.484123599846257 ], [ 127.129122590363664, 37.484113531341137 ] ] ], [ [ [ 127.127026833918748, 37.484322654864222 ], [ 127.127010744118977, 37.484437189134056 ], [ 127.12716227396858, 37.484450633206691 ], [ 127.127206435291853, 37.484422475018867 ], [ 127.12721805502845, 37.48433948050014 ], [ 127.127026833918748, 37.484322654864222 ] ] ], [ [ [ 127.128056414103852, 37.484529868066083 ], [ 127.12810526552822, 37.484534140541477 ], [ 127.128149178213107, 37.48450622553851 ], [ 127.128164731987638, 37.484396674224222 ], [ 127.12805232814506, 37.484386523245355 ], [ 127.128035235225653, 37.484508717231627 ], [ 127.128056414103852, 37.484529868066083 ] ] ], [ [ [ 127.125867032997689, 37.484812223480759 ], [ 127.126090581831122, 37.484822980208577 ], [ 127.126093832701486, 37.484669896782599 ], [ 127.125878651455736, 37.484659311453719 ], [ 127.125867032997689, 37.484812223480759 ] ] ], [ [ [ 127.125964381242483, 37.485152248694817 ], [ 127.125952310919374, 37.485305341393328 ], [ 127.126153698592006, 37.485315130236131 ], [ 127.126121443014313, 37.48515992186978 ], [ 127.125964381242483, 37.485152248694817 ] ] ], [ [ [ 127.12855880729343, 37.485824607267809 ], [ 127.128402412540439, 37.485811170215989 ], [ 127.128386991809634, 37.485919126621567 ], [ 127.128543499242099, 37.485932203172105 ], [ 127.12855880729343, 37.485824607267809 ] ] ], [ [ [ 127.12903149757831, 37.485865273797224 ], [ 127.129016414494089, 37.485971788318288 ], [ 127.129149966263299, 37.485982996733384 ], [ 127.129180474043267, 37.485970980469581 ], [ 127.129246922497245, 37.485883872019159 ], [ 127.12903149757831, 37.485865273797224 ] ] ], [ [ [ 127.1293499546655, 37.486099279878658 ], [ 127.129548250068538, 37.485951931816622 ], [ 127.129431278791216, 37.485850695965482 ], [ 127.129374978747535, 37.485855081704166 ], [ 127.12926374233777, 37.486000713582804 ], [ 127.129267067006964, 37.486027559798849 ], [ 127.1293499546655, 37.486099279878658 ] ] ], [ [ [ 127.128715334502616, 37.485982834730656 ], [ 127.128691444459719, 37.486163601117589 ], [ 127.128859902542487, 37.486222615401417 ], [ 127.128889822580618, 37.485997513264543 ], [ 127.128715334502616, 37.485982834730656 ] ] ], [ [ [ 127.126935639936406, 37.487125493711197 ], [ 127.12687686272514, 37.487001398257974 ], [ 127.126685984753905, 37.487058724037425 ], [ 127.12674464847538, 37.487182729604847 ], [ 127.126935639936406, 37.487125493711197 ] ] ], [ [ [ 127.129187560469958, 37.487544029137609 ], [ 127.129063419824405, 37.487483435804037 ], [ 127.128985717215727, 37.487536047965996 ], [ 127.129101238700187, 37.487647917594437 ], [ 127.129191481349736, 37.487588984806749 ], [ 127.129187560469958, 37.487544029137609 ] ] ], [ [ [ 127.126697885827625, 37.487753652856966 ], [ 127.126731520228759, 37.487717397012545 ], [ 127.126679891684617, 37.487608520800151 ], [ 127.126497947285742, 37.487599613297441 ], [ 127.126486766622989, 37.487743334643909 ], [ 127.126697885827625, 37.487753652856966 ] ] ], [ [ [ 127.127015161833455, 37.487754307383042 ], [ 127.127097769058381, 37.487928833430004 ], [ 127.127288536156883, 37.487871687310459 ], [ 127.127205928249964, 37.487696981196159 ], [ 127.127015161833455, 37.487754307383042 ] ] ], [ [ [ 127.127622183151871, 37.488193979800258 ], [ 127.127811367837865, 37.488137014727862 ], [ 127.127668617398257, 37.487835242106094 ], [ 127.127479206315542, 37.48789166659364 ], [ 127.127622183151871, 37.488193979800258 ] ] ], [ [ [ 127.126751726730959, 37.488171749938296 ], [ 127.126818333930558, 37.488312235325466 ], [ 127.126988645607156, 37.488260607484534 ], [ 127.126963114597814, 37.488206754792166 ], [ 127.126917615464635, 37.488180043389953 ], [ 127.126751726730959, 37.488171749938296 ] ] ], [ [ [ 127.127184385824123, 37.488674228755912 ], [ 127.127135592094632, 37.488570935946086 ], [ 127.126965619029662, 37.48862256363703 ], [ 127.127014525329145, 37.488725676196722 ], [ 127.127184385824123, 37.488674228755912 ] ] ], [ [ [ 127.127157159961712, 37.489026368486911 ], [ 127.127209243977262, 37.489136144978573 ], [ 127.127378766050555, 37.489084697621344 ], [ 127.127327021794073, 37.48897537134178 ], [ 127.127157159961712, 37.489026368486911 ] ] ], [ [ [ 127.126084300082852, 37.489483860917304 ], [ 127.126139691131186, 37.489475062806697 ], [ 127.126194422916114, 37.489409772674726 ], [ 127.126024662874016, 37.489318770502777 ], [ 127.125947927014607, 37.489411293928782 ], [ 127.126084300082852, 37.489483860917304 ] ] ], [ [ [ 127.127842926565677, 37.489755717444865 ], [ 127.127934746647838, 37.489691377950258 ], [ 127.127891514399749, 37.48960150441831 ], [ 127.127742336740084, 37.489648245575303 ], [ 127.127788067664426, 37.489744783889321 ], [ 127.127842926565677, 37.489755717444865 ] ] ], [ [ [ 127.12650106072897, 37.490215032620753 ], [ 127.126398813507066, 37.490333802401764 ], [ 127.126631047548798, 37.490457354067722 ], [ 127.126731370660167, 37.490337595027903 ], [ 127.12650106072897, 37.490215032620753 ] ] ], [ [ [ 127.12679677893243, 37.494566096026766 ], [ 127.126800470455507, 37.494474370406742 ], [ 127.126761177497386, 37.49444197610007 ], [ 127.12664651431956, 37.494442097596668 ], [ 127.126641733592677, 37.494558872140189 ], [ 127.12679677893243, 37.494566096026766 ] ] ], [ [ [ 127.12662448345236, 37.494860725087918 ], [ 127.126627135382194, 37.494755755892768 ], [ 127.126457396252448, 37.494752782019354 ], [ 127.126453270734459, 37.494855770571348 ], [ 127.12662448345236, 37.494860725087918 ] ] ], [ [ [ 127.126769622429535, 37.495232954190172 ], [ 127.126772554347383, 37.495160330564978 ], [ 127.126605181036624, 37.495152579101955 ], [ 127.126599372103612, 37.495263137825503 ], [ 127.126728739060496, 37.495264172090025 ], [ 127.126769622429535, 37.495232954190172 ] ] ], [ [ [ 127.126223189766534, 37.496035196008961 ], [ 127.126228844504396, 37.495899544662485 ], [ 127.125987167590495, 37.495894483633471 ], [ 127.125983052527062, 37.495997382038603 ], [ 127.126021781302157, 37.496030227689126 ], [ 127.126223189766534, 37.496035196008961 ] ] ], [ [ [ 127.125806107513554, 37.496219754632463 ], [ 127.125930446035767, 37.496324319822939 ], [ 127.126021816127576, 37.49625556745967 ], [ 127.125897364509854, 37.496151002483188 ], [ 127.125806107513554, 37.496219754632463 ] ] ], [ [ [ 127.127876517248069, 37.497077021085232 ], [ 127.12782055082198, 37.497083117621763 ], [ 127.127743186371177, 37.497141494918338 ], [ 127.127991193405251, 37.497350441567548 ], [ 127.128217187982997, 37.497180090876867 ], [ 127.128195970626862, 37.497138307291564 ], [ 127.128025781767519, 37.497140111451777 ], [ 127.127876517248069, 37.497077021085232 ] ] ], [ [ [ 127.127669589785896, 37.497691993583921 ], [ 127.127564553736107, 37.497771213369418 ], [ 127.127673269089982, 37.497862458583363 ], [ 127.12755818062837, 37.497949077283003 ], [ 127.127698265933745, 37.498067048655535 ], [ 127.127931051115851, 37.497891564596387 ], [ 127.127669589785896, 37.497691993583921 ] ] ], [ [ [ 127.127197476342104, 37.498444470131368 ], [ 127.127304094960479, 37.498364077697353 ], [ 127.127163897537599, 37.498246646581713 ], [ 127.127056939979113, 37.498327219450658 ], [ 127.127197476342104, 37.498444470131368 ] ] ], [ [ [ 127.126967296720892, 37.498617976777744 ], [ 127.127082386589237, 37.498531178461192 ], [ 127.126941963328917, 37.49841392752522 ], [ 127.12682698641288, 37.498500635487062 ], [ 127.126967296720892, 37.498617976777744 ] ] ], [ [ [ 127.126805594243095, 37.498739810191758 ], [ 127.126552569918871, 37.498533893769164 ], [ 127.126462790275824, 37.498601572647679 ], [ 127.12645008476801, 37.498645554808355 ], [ 127.126576395416606, 37.498912567200279 ], [ 127.126805594243095, 37.498739810191758 ] ] ], [ [ [ 127.127589937728189, 37.500089815534466 ], [ 127.127714873432325, 37.500006339808436 ], [ 127.127594479853826, 37.499899069363231 ], [ 127.127560663126005, 37.49989712325106 ], [ 127.127458997464998, 37.499964986741666 ], [ 127.127589937728189, 37.500089815534466 ] ] ], [ [ [ 127.12585153656623, 37.500430523301148 ], [ 127.12603668387041, 37.500306441050213 ], [ 127.125988486041678, 37.500225131703949 ], [ 127.12593283245981, 37.500216811043906 ], [ 127.125762055114862, 37.500345473113001 ], [ 127.12585153656623, 37.500430523301148 ] ] ], [ [ [ 127.126029248326091, 37.500664055057626 ], [ 127.126159157415373, 37.500577422247758 ], [ 127.126171297971794, 37.50053344072861 ], [ 127.126096789530607, 37.500407830078508 ], [ 127.125898875844101, 37.500539674447396 ], [ 127.126029248326091, 37.500664055057626 ] ] ], [ [ [ 127.126386770213571, 37.500895144123838 ], [ 127.126396535202957, 37.500850804695617 ], [ 127.126317417587686, 37.50074213782873 ], [ 127.126204114154163, 37.500817671008676 ], [ 127.126080764187193, 37.500700220876425 ], [ 127.125948934364189, 37.500788117018942 ], [ 127.126072171329881, 37.500905657506046 ], [ 127.126145598392768, 37.50085665587148 ], [ 127.126268948119545, 37.500973745533635 ], [ 127.126386770213571, 37.500895144123838 ] ] ], [ [ [ 127.127957625203308, 37.500848873923495 ], [ 127.12803215664978, 37.500918981881966 ], [ 127.128132693553667, 37.500851930016616 ], [ 127.128057029967749, 37.500781102534965 ], [ 127.127957848192423, 37.500846981588843 ], [ 127.127885128142708, 37.500777952842711 ], [ 127.12780458599218, 37.500831918653802 ], [ 127.127800786158986, 37.500858772458791 ], [ 127.127855845373034, 37.500916647767674 ], [ 127.127957625203308, 37.500848873923495 ] ] ], [ [ [ 127.126554613562419, 37.501041468887074 ], [ 127.126475749922548, 37.500949740625309 ], [ 127.126419760231485, 37.500943673046848 ], [ 127.126270194886615, 37.501043391368626 ], [ 127.126386522571352, 37.501153911033093 ], [ 127.126554613562419, 37.501041468887074 ] ] ], [ [ [ 127.126074765272023, 37.501173701699024 ], [ 127.125979535504868, 37.501237232327519 ], [ 127.126095523792074, 37.501347752632569 ], [ 127.126049659785039, 37.501378344820921 ], [ 127.126187169628309, 37.501509294999416 ], [ 127.126299909268724, 37.501434122838567 ], [ 127.126162399217421, 37.501303082690093 ], [ 127.126191205363085, 37.501283861035688 ], [ 127.126074765272023, 37.501173701699024 ] ] ], [ [ [ 127.126386522571352, 37.501153911033093 ], [ 127.126253788638223, 37.501242439163576 ], [ 127.126390846375372, 37.501373479685085 ], [ 127.126524032288714, 37.501284680624906 ], [ 127.126386522571352, 37.501153911033093 ] ] ], [ [ [ 127.125866795837851, 37.501312404185207 ], [ 127.125771565568925, 37.501375844545592 ], [ 127.125887440973372, 37.501486545370675 ], [ 127.125800005402326, 37.501544931957277 ], [ 127.125937514967262, 37.501675792323255 ], [ 127.126074429761744, 37.501584467052126 ], [ 127.125937033067402, 37.501453516624856 ], [ 127.125982897166409, 37.501422924480451 ], [ 127.125866795837851, 37.501312404185207 ] ] ], [ [ [ 127.128709721437758, 37.503544212627617 ], [ 127.128625202883214, 37.503455465224398 ], [ 127.128569099735273, 37.503450389888194 ], [ 127.128434217986992, 37.503540364341063 ], [ 127.128550664917469, 37.503650341095621 ], [ 127.128709721437758, 37.503544212627617 ] ] ], [ [ [ 127.128054287890578, 37.503981359746774 ], [ 127.128175832579686, 37.504096286888775 ], [ 127.128314895561516, 37.504003605257921 ], [ 127.128193463600127, 37.503888497936842 ], [ 127.128054287890578, 37.503981359746774 ] ] ], [ [ [ 127.12849561322443, 37.505802162484024 ], [ 127.129442279671551, 37.505229818721126 ], [ 127.128346685156259, 37.504076371738833 ], [ 127.12743243264778, 37.504685883483049 ], [ 127.12849561322443, 37.505802162484024 ] ] ], [ [ [ 127.12898563397043, 37.506316554704078 ], [ 127.129166177503237, 37.506206528190887 ], [ 127.12905944564892, 37.506092757417576 ], [ 127.128877772326049, 37.506203415685818 ], [ 127.12898563397043, 37.506316554704078 ] ] ], [ [ [ 127.128851047468856, 37.506782875803687 ], [ 127.12896075085267, 37.506648328725511 ], [ 127.128831135309696, 37.50657909170171 ], [ 127.128686462944472, 37.506701062349769 ], [ 127.128851047468856, 37.506782875803687 ] ] ], [ [ [ 127.128987724658941, 37.506681456319122 ], [ 127.129103851736105, 37.506733048193773 ], [ 127.1291226997877, 37.506709872208397 ], [ 127.129121522950228, 37.506682933663889 ], [ 127.12906657191877, 37.506625239088265 ], [ 127.129032757176859, 37.506626266690503 ], [ 127.128987724658941, 37.506681456319122 ] ] ], [ [ [ 127.128355416210354, 37.506697093469661 ], [ 127.128383439824376, 37.506749231114476 ], [ 127.128511244152861, 37.506750805686984 ], [ 127.128448882186916, 37.506657709601448 ], [ 127.128394798703226, 37.506644523042127 ], [ 127.128372195172588, 37.506654097887001 ], [ 127.128355416210354, 37.506697093469661 ] ] ], [ [ [ 127.129173143942793, 37.506910379676889 ], [ 127.129274366588049, 37.506843416261944 ], [ 127.129180892736002, 37.506745218523719 ], [ 127.129147077941667, 37.506746246158762 ], [ 127.129085228839642, 37.506822086825828 ], [ 127.129173143942793, 37.506910379676889 ] ] ], [ [ [ 127.128825087831899, 37.506880752074323 ], [ 127.128932750606097, 37.506942894903275 ], [ 127.128991439630141, 37.506870841915507 ], [ 127.128880955413109, 37.506812216070124 ], [ 127.128825087831899, 37.506880752074323 ] ] ], [ [ [ 127.127848992292186, 37.50698469382619 ], [ 127.127904556449025, 37.507071040018111 ], [ 127.128092619787836, 37.506991731114447 ], [ 127.128039203439485, 37.506904842111332 ], [ 127.127848992292186, 37.50698469382619 ] ] ], [ [ [ 127.128186619233801, 37.507334730061672 ], [ 127.128115171695356, 37.507353367191151 ], [ 127.128102320641958, 37.507378428681527 ], [ 127.128170812691437, 37.507484853122932 ], [ 127.128259874343044, 37.507448717720195 ], [ 127.128186619233801, 37.507334730061672 ] ] ], [ [ [ 127.126120918828533, 37.511661080819131 ], [ 127.1257958372574, 37.511788914271754 ], [ 127.12588656650513, 37.511936041597323 ], [ 127.125940315547268, 37.511950130639278 ], [ 127.126191580233964, 37.511847062025268 ], [ 127.126209266732232, 37.511804246027303 ], [ 127.126120918828533, 37.511661080819131 ] ] ], [ [ [ 127.140491881130856, 37.478206204185312 ], [ 127.140796657259074, 37.478194222418239 ], [ 127.140776028014756, 37.477860966286258 ], [ 127.140471140181234, 37.477872948131051 ], [ 127.140491881130856, 37.478206204185312 ] ] ], [ [ [ 127.131416606114882, 37.481462548669562 ], [ 127.131956526346684, 37.481234270906072 ], [ 127.131829002002874, 37.481043399384873 ], [ 127.131325006747389, 37.481254788391396 ], [ 127.131361622118575, 37.481376113003613 ], [ 127.131416606114882, 37.481462548669562 ] ] ], [ [ [ 127.130019303294361, 37.483253464352103 ], [ 127.131029536963709, 37.482802041155566 ], [ 127.130820326215385, 37.482382403880223 ], [ 127.13073525167087, 37.482286630451597 ], [ 127.130610631184695, 37.482074220550366 ], [ 127.130556226340147, 37.482061305563683 ], [ 127.130195722491607, 37.48222207688103 ], [ 127.130003387719526, 37.482278418540943 ], [ 127.129415794196731, 37.48253746309247 ], [ 127.129446148142435, 37.482568694963177 ], [ 127.129605376387829, 37.482656279946262 ], [ 127.129517732792806, 37.482777018938194 ], [ 127.129842395135185, 37.482943982641061 ], [ 127.129979600518652, 37.482979062681785 ], [ 127.130048107422411, 37.483105668893934 ], [ 127.130002242764164, 37.483194467354025 ], [ 127.130019303294361, 37.483253464352103 ] ] ], [ [ [ 127.129928691466461, 37.483159318180306 ], [ 127.129879387042237, 37.483154145948525 ], [ 127.129792778135908, 37.483218841761904 ], [ 127.12994835757938, 37.483353462472785 ], [ 127.129987592868886, 37.483354771320663 ], [ 127.129956611681109, 37.483287680444917 ], [ 127.129928691466461, 37.483159318180306 ] ] ], [ [ [ 127.130307989103187, 37.484196047271389 ], [ 127.13039936842452, 37.484275235687065 ], [ 127.130597660051379, 37.484129687828577 ], [ 127.130591051008267, 37.484099871927377 ], [ 127.13054128650063, 37.484024782825593 ], [ 127.130307989103187, 37.484196047271389 ] ] ], [ [ [ 127.129993545499147, 37.484189992492361 ], [ 127.129822309671567, 37.484289649028703 ], [ 127.129926483274104, 37.484379545822414 ], [ 127.129965667582951, 37.48435076131215 ], [ 127.130003600462629, 37.484383516490993 ], [ 127.13011934711426, 37.484298876711449 ], [ 127.129993545499147, 37.484189992492361 ] ] ], [ [ [ 127.130634055115806, 37.484254256449489 ], [ 127.130494031310391, 37.484357033348367 ], [ 127.130660371682239, 37.484501011752009 ], [ 127.130709605837083, 37.484464827806278 ], [ 127.130712159945531, 37.484437885096106 ], [ 127.130634055115806, 37.484254256449489 ] ] ], [ [ [ 127.131197069984978, 37.484618815403174 ], [ 127.131127498519746, 37.484532395685562 ], [ 127.130922668746749, 37.484623801450965 ], [ 127.130980032066446, 37.48477753940503 ], [ 127.131358011364867, 37.485104638333461 ], [ 127.131523601096177, 37.484983145546074 ], [ 127.131655079249668, 37.484999074656727 ], [ 127.131197069984978, 37.484618815403174 ] ] ], [ [ [ 127.130314818203189, 37.485144523110563 ], [ 127.130476857115525, 37.485284812339131 ], [ 127.130551951178688, 37.485229499026232 ], [ 127.130553374552917, 37.485202467457746 ], [ 127.13042383404148, 37.485090344196543 ], [ 127.130389912400744, 37.485089299999267 ], [ 127.130314818203189, 37.485144523110563 ] ] ], [ [ [ 127.131388698247491, 37.485131184121805 ], [ 127.131830659762215, 37.485513532597288 ], [ 127.132074346694665, 37.485334685299797 ], [ 127.132071360094642, 37.485307748686729 ], [ 127.131636030348432, 37.485033243554327 ], [ 127.131524431227874, 37.48503156439908 ], [ 127.131388698247491, 37.485131184121805 ] ] ], [ [ [ 127.132509938683413, 37.485109854072661 ], [ 127.132253630292766, 37.485311781851323 ], [ 127.132259893369351, 37.485337273233533 ], [ 127.132450380977986, 37.485449957652413 ], [ 127.132713368562946, 37.485252797337907 ], [ 127.132562199078762, 37.485123491329901 ], [ 127.132509938683413, 37.485109854072661 ] ] ], [ [ [ 127.130679518344607, 37.485311620986216 ], [ 127.130616446325348, 37.485256999189211 ], [ 127.130582524606794, 37.4852559550474 ], [ 127.130509350188106, 37.485309824683043 ], [ 127.130588163042063, 37.485378755249826 ], [ 127.130679518344607, 37.485311620986216 ] ] ], [ [ [ 127.130588163042063, 37.485378755249826 ], [ 127.13049907014468, 37.485446607772808 ], [ 127.130579923291336, 37.485518419317458 ], [ 127.130670262258263, 37.485451916872911 ], [ 127.130588163042063, 37.485378755249826 ] ] ], [ [ [ 127.134165773576584, 37.485418671683277 ], [ 127.134045621614447, 37.48550413125006 ], [ 127.133766647017524, 37.485289645333772 ], [ 127.133451364717061, 37.485516689507293 ], [ 127.134033073279411, 37.486017445224974 ], [ 127.134147501554381, 37.486019659433822 ], [ 127.134555294648592, 37.48574115227489 ], [ 127.134165773576584, 37.485418671683277 ] ] ], [ [ [ 127.12973161984533, 37.485804599616003 ], [ 127.129878423852503, 37.485697401375546 ], [ 127.129779003898747, 37.485611373702596 ], [ 127.129632086696432, 37.48571848184379 ], [ 127.12973161984533, 37.485804599616003 ] ] ], [ [ [ 127.133090947500989, 37.485539346115551 ], [ 127.132818250975873, 37.485744987453863 ], [ 127.133022035317794, 37.485895317979363 ], [ 127.133280168358482, 37.485702306422851 ], [ 127.133090947500989, 37.485539346115551 ] ] ], [ [ [ 127.133187566639549, 37.486411136500877 ], [ 127.133066492290794, 37.486294501728288 ], [ 127.132877774408811, 37.486419410127624 ], [ 127.133007094427953, 37.486531350713818 ], [ 127.133187566639549, 37.486411136500877 ] ] ], [ [ [ 127.13123191397041, 37.486788476187414 ], [ 127.131312313095592, 37.486858035210766 ], [ 127.131445677978078, 37.486760220207209 ], [ 127.131365278678686, 37.486690571173618 ], [ 127.13123191397041, 37.486788476187414 ] ] ], [ [ [ 127.133761707068189, 37.487298070571505 ], [ 127.133630665717376, 37.487173158350458 ], [ 127.133526651016652, 37.487242561519253 ], [ 127.133657692316191, 37.487367473854285 ], [ 127.133761707068189, 37.487298070571505 ] ] ], [ [ [ 127.131638835055057, 37.487432784469547 ], [ 127.131758663181131, 37.487352823831657 ], [ 127.131643027941166, 37.487242578723993 ], [ 127.131523086797941, 37.487322539370432 ], [ 127.131638835055057, 37.487432784469547 ] ] ], [ [ [ 127.13440590574568, 37.487302546558858 ], [ 127.13428260556897, 37.487252616595491 ], [ 127.134246474395283, 37.487255900789918 ], [ 127.134200848300168, 37.487286405839889 ], [ 127.13418735726583, 37.487330119494729 ], [ 127.134416765300571, 37.487771261614022 ], [ 127.13477204907241, 37.487653641346824 ], [ 127.134607309761677, 37.487337035399356 ], [ 127.13458087950481, 37.487320955286059 ], [ 127.13440590574568, 37.487302546558858 ] ] ], [ [ [ 127.131997016706904, 37.488004614607206 ], [ 127.131851367523595, 37.487866201556798 ], [ 127.131701722686643, 37.487966107239913 ], [ 127.131847258561933, 37.488104430497479 ], [ 127.131997016706904, 37.488004614607206 ] ] ], [ [ [ 127.132149259016387, 37.487903083879118 ], [ 127.131997016706904, 37.488004614607206 ], [ 127.132098721978693, 37.488101089448833 ], [ 127.132250851275231, 37.487999558716382 ], [ 127.132149259016387, 37.487903083879118 ] ] ], [ [ [ 127.133044530417649, 37.488433446391532 ], [ 127.13334796313255, 37.488231049967659 ], [ 127.133130900174194, 37.488024359291202 ], [ 127.13282750148565, 37.48822667403676 ], [ 127.133044530417649, 37.488433446391532 ] ] ], [ [ [ 127.132827411123756, 37.488226728197205 ], [ 127.132251757873462, 37.488610651938302 ], [ 127.132248104868879, 37.488655615876667 ], [ 127.132450015764249, 37.488830006079127 ], [ 127.133044530417649, 37.488433446391532 ], [ 127.132827411123756, 37.488226728197205 ] ] ], [ [ [ 127.138136263927606, 37.494196281552014 ], [ 127.138178838722808, 37.493979181645287 ], [ 127.137848693405999, 37.49369394636139 ], [ 127.137352663538479, 37.493345921135237 ], [ 127.137352743988927, 37.493265461817543 ], [ 127.131429650153066, 37.488147597810162 ], [ 127.13117451746156, 37.488317806661314 ], [ 127.138069146395409, 37.494286909545501 ], [ 127.138136263927606, 37.494196281552014 ] ] ], [ [ [ 127.132283591023523, 37.492316572415106 ], [ 127.131999583494107, 37.492535739155279 ], [ 127.132191864292324, 37.492693832223758 ], [ 127.132248404247164, 37.492694490474825 ], [ 127.132475045575276, 37.492519535709825 ], [ 127.132475871541189, 37.492474484827689 ], [ 127.132283591023523, 37.492316572415106 ] ] ], [ [ [ 127.135856269229379, 37.492637284300187 ], [ 127.1357344091128, 37.492531825681077 ], [ 127.13558477788736, 37.492641647182658 ], [ 127.135707091088719, 37.492747555939161 ], [ 127.135856269229379, 37.492637284300187 ] ] ], [ [ [ 127.136309985500915, 37.493482715691727 ], [ 127.136443015718157, 37.493384535135931 ], [ 127.136363284274694, 37.493315519527833 ], [ 127.136230140834684, 37.493413610024163 ], [ 127.136309985500915, 37.493482715691727 ] ] ], [ [ [ 127.133047467483337, 37.493500718717193 ], [ 127.133174184632708, 37.493604372681297 ], [ 127.133312283971136, 37.493492675012838 ], [ 127.133182630734979, 37.49339127696495 ], [ 127.133047467483337, 37.493500718717193 ] ] ], [ [ [ 127.134422525005519, 37.493766686536944 ], [ 127.134536240252714, 37.493678981446685 ], [ 127.13443352763484, 37.493594403125293 ], [ 127.134376987943114, 37.493594286519745 ], [ 127.134294332645297, 37.493661233575772 ], [ 127.134422525005519, 37.493766686536944 ] ] ], [ [ [ 127.13196125531941, 37.494099195308991 ], [ 127.132056447281798, 37.494022054747347 ], [ 127.131911281349886, 37.493908238663856 ], [ 127.131816089381942, 37.49398537911005 ], [ 127.13196125531941, 37.494099195308991 ] ] ], [ [ [ 127.133933691743295, 37.494347839230564 ], [ 127.133797345415417, 37.494235637386531 ], [ 127.133636425201445, 37.49435979491718 ], [ 127.133772431957425, 37.494471817124868 ], [ 127.133933691743295, 37.494347839230564 ] ] ], [ [ [ 127.132346550515592, 37.494506831751963 ], [ 127.132193570012731, 37.494386897885533 ], [ 127.132098264335937, 37.494463858478987 ], [ 127.132251245315246, 37.494584062766421 ], [ 127.132346550515592, 37.494506831751963 ] ] ], [ [ [ 127.131546207889002, 37.494203808324656 ], [ 127.131106377118115, 37.494560006001549 ], [ 127.131106794193443, 37.494605055495263 ], [ 127.131324316906401, 37.4947755560137 ], [ 127.13138085670812, 37.494775223579808 ], [ 127.131820460958522, 37.4944188449442 ], [ 127.131546207889002, 37.494203808324656 ] ] ], [ [ [ 127.134267085283739, 37.494622269794498 ], [ 127.13417286495654, 37.494544619410831 ], [ 127.134011718543519, 37.494668777700106 ], [ 127.134106051941131, 37.494746428083765 ], [ 127.134267085283739, 37.494622269794498 ] ] ], [ [ [ 127.134741991713568, 37.495750326448366 ], [ 127.134584237987255, 37.495620580202917 ], [ 127.134453694126933, 37.495721548932053 ], [ 127.134611334438929, 37.495851115277539 ], [ 127.134741991713568, 37.495750326448366 ] ] ], [ [ [ 127.13520183574721, 37.495842790088965 ], [ 127.135022507185511, 37.495981115983454 ], [ 127.135095779134573, 37.496041490179223 ], [ 127.134965347835347, 37.496142189039567 ], [ 127.135054361328145, 37.496215429759481 ], [ 127.135184905877765, 37.496114820773819 ], [ 127.135117183010649, 37.49605903545298 ], [ 127.135296511583164, 37.495920709416616 ], [ 127.13520183574721, 37.495842790088965 ] ] ], [ [ [ 127.13370441667665, 37.49655851649625 ], [ 127.13380593958999, 37.496479655575087 ], [ 127.133644562367977, 37.496347119052231 ], [ 127.133542812980295, 37.496425799889813 ], [ 127.13370441667665, 37.49655851649625 ] ] ], [ [ [ 127.138746949188743, 37.49706876884914 ], [ 127.13772346651929, 37.496843081802481 ], [ 127.137640224038819, 37.497334492267505 ], [ 127.13757776677636, 37.498250429159341 ], [ 127.137597633458583, 37.498292663102575 ], [ 127.137812478026078, 37.498468921022614 ], [ 127.137889607519554, 37.498409276023907 ], [ 127.139163244583003, 37.498133895473124 ], [ 127.139289757137263, 37.498240426216448 ], [ 127.140328267225982, 37.49759085211204 ], [ 127.140372920650051, 37.497460515257274 ], [ 127.14010662898653, 37.496922211009569 ], [ 127.139849447868883, 37.496477779502371 ], [ 127.138746949188743, 37.49706876884914 ] ] ], [ [ [ 127.138455711104953, 37.499706509211357 ], [ 127.138323378000308, 37.499571602899969 ], [ 127.138225668138872, 37.4996326234848 ], [ 127.138358001340535, 37.499767620004036 ], [ 127.138455711104953, 37.499706509211357 ] ] ], [ [ [ 127.140529684045234, 37.49967183129074 ], [ 127.140460570228413, 37.49960163473849 ], [ 127.140309320122554, 37.499696056932649 ], [ 127.140389990554439, 37.49977795296396 ], [ 127.140519475215498, 37.499716172411752 ], [ 127.140529684045234, 37.49967183129074 ] ] ], [ [ [ 127.137823107211247, 37.499774995843509 ], [ 127.137879208713201, 37.49978033709121 ], [ 127.13798380938124, 37.499714893943491 ], [ 127.137880255628048, 37.499609776928139 ], [ 127.137744240968203, 37.499694906983109 ], [ 127.137823107211247, 37.499774995843509 ] ] ], [ [ [ 127.137654090807217, 37.500425801467145 ], [ 127.137521079172245, 37.500290804955519 ], [ 127.137409021755161, 37.500360851355744 ], [ 127.137517334291744, 37.500470738581946 ], [ 127.137573662471226, 37.500476079712755 ], [ 127.137654090807217, 37.500425801467145 ] ] ], [ [ [ 127.13817335124736, 37.500835246163653 ], [ 127.138547352798426, 37.500656865842132 ], [ 127.138557789264382, 37.500612614733335 ], [ 127.138444829626167, 37.500497958561638 ], [ 127.138388614294158, 37.500492527615769 ], [ 127.138046343010245, 37.500706460196007 ], [ 127.13817335124736, 37.500835246163653 ] ] ], [ [ [ 127.139999783369703, 37.500851769994277 ], [ 127.139930908939533, 37.500789051149468 ], [ 127.139875142649757, 37.500781998588977 ], [ 127.139758762390542, 37.50083745610624 ], [ 127.13987215596029, 37.500940757930401 ], [ 127.139999783369703, 37.500851769994277 ] ] ], [ [ [ 127.138697999336969, 37.501342981162146 ], [ 127.138848661714405, 37.501480478598346 ], [ 127.138950086962936, 37.501409362017355 ], [ 127.138839865924879, 37.501309028921419 ], [ 127.138783986258943, 37.501301975978492 ], [ 127.138697999336969, 37.501342981162146 ] ] ], [ [ [ 127.140786378879696, 37.501307741380117 ], [ 127.140658638374333, 37.501396640192389 ], [ 127.140751416735682, 37.501481224683808 ], [ 127.140879270532409, 37.501392415738614 ], [ 127.140786378879696, 37.501307741380117 ] ] ], [ [ [ 127.134818815559512, 37.501562940639303 ], [ 127.134983353887719, 37.501684930183409 ], [ 127.135110500861671, 37.501576216223491 ], [ 127.134945849475642, 37.501454226981842 ], [ 127.134818815559512, 37.501562940639303 ] ] ], [ [ [ 127.13342708480468, 37.501672712656728 ], [ 127.133554366068424, 37.501767445548587 ], [ 127.133638379301615, 37.501695542088243 ], [ 127.133511098054313, 37.501600809285726 ], [ 127.13342708480468, 37.501672712656728 ] ] ], [ [ [ 127.135069799941149, 37.501900351182428 ], [ 127.135064790746256, 37.501945226538538 ], [ 127.135167478407951, 37.50207242140732 ], [ 127.135221718641745, 37.502047852891153 ], [ 127.135233885265421, 37.501957919535684 ], [ 127.135109998952615, 37.501865797513091 ], [ 127.135069799941149, 37.501900351182428 ] ] ], [ [ [ 127.133168692035767, 37.502070881555049 ], [ 127.133233735720864, 37.502144330477499 ], [ 127.133406610469336, 37.502055749716703 ], [ 127.133341457877549, 37.501984733704198 ], [ 127.133168692035767, 37.502070881555049 ] ] ], [ [ [ 127.139288100392292, 37.502201486013647 ], [ 127.139380425014082, 37.502285621600876 ], [ 127.139465474092432, 37.502226236667127 ], [ 127.1393731496144, 37.502142191245163 ], [ 127.139288100392292, 37.502201486013647 ] ] ], [ [ [ 127.133275428118921, 37.502444226159625 ], [ 127.133400826808867, 37.502432463364549 ], [ 127.13336544747537, 37.502314382042897 ], [ 127.133194552994681, 37.502371786008723 ], [ 127.133225855799154, 37.502422657489994 ], [ 127.133275428118921, 37.502444226159625 ] ] ], [ [ [ 127.133952624571208, 37.502700163207422 ], [ 127.133973401457112, 37.502553907977259 ], [ 127.133810373995729, 37.502519222038423 ], [ 127.133757730637711, 37.502680199179544 ], [ 127.133952624571208, 37.502700163207422 ] ] ], [ [ [ 127.139335132070215, 37.502685807541084 ], [ 127.139425297978605, 37.502764179218893 ], [ 127.139541857901293, 37.502681691904861 ], [ 127.139452145002991, 37.502603680185096 ], [ 127.139335132070215, 37.502685807541084 ] ] ], [ [ [ 127.140337643564393, 37.502656072135984 ], [ 127.140259936533681, 37.502710493583393 ], [ 127.140009760230953, 37.502885941079995 ], [ 127.140069346731266, 37.502939840971152 ], [ 127.140250845787023, 37.502992696729017 ], [ 127.140509608568152, 37.502812733634833 ], [ 127.140337643564393, 37.502656072135984 ] ] ], [ [ [ 127.13467547123652, 37.503759194211732 ], [ 127.134841618109064, 37.503701973673252 ], [ 127.134792145459912, 37.503609947541825 ], [ 127.134625885339275, 37.503666987939575 ], [ 127.13467547123652, 37.503759194211732 ] ] ], [ [ [ 127.140862118381165, 37.503846933898799 ], [ 127.140709285305022, 37.503884955966861 ], [ 127.140742083302072, 37.503946185148394 ], [ 127.140772865875633, 37.503957411335257 ], [ 127.140894045395981, 37.503926274115543 ], [ 127.140862118381165, 37.503846933898799 ] ] ], [ [ [ 127.13509377886183, 37.503997306124113 ], [ 127.135180921019966, 37.503967114241881 ], [ 127.135106824619228, 37.503829255328682 ], [ 127.134909482406002, 37.503897053138587 ], [ 127.134937963501372, 37.503950089731767 ], [ 127.13509377886183, 37.503997306124113 ] ] ], [ [ [ 127.134107036475712, 37.504002111808646 ], [ 127.134050982125245, 37.503897118392892 ], [ 127.133850133483776, 37.503965278766003 ], [ 127.133906187445405, 37.504070182176704 ], [ 127.134107036475712, 37.504002111808646 ] ] ], [ [ [ 127.137591348695352, 37.503990401216903 ], [ 127.137659995266077, 37.504113938984744 ], [ 127.137765333445685, 37.504077507343617 ], [ 127.137789008955139, 37.504036574748987 ], [ 127.137747422063143, 37.503929674307635 ], [ 127.137591348695352, 37.503990401216903 ] ] ], [ [ [ 127.137348293276631, 37.504419105235144 ], [ 127.137285879391897, 37.504302317610616 ], [ 127.137215239119811, 37.504326725705646 ], [ 127.137182960814229, 37.504363703674464 ], [ 127.13717513810191, 37.504478139334701 ], [ 127.137348293276631, 37.504419105235144 ] ] ], [ [ [ 127.13457267782826, 37.504529212415513 ], [ 127.134718481522754, 37.504478862547913 ], [ 127.134638485489333, 37.50433028813444 ], [ 127.134493360439706, 37.504380547040768 ], [ 127.13457267782826, 37.504529212415513 ] ] ], [ [ [ 127.134840959237238, 37.504412681271752 ], [ 127.134921747266489, 37.504561164551518 ], [ 127.135098407317969, 37.504500417895883 ], [ 127.13501761820288, 37.50435148423805 ], [ 127.134840959237238, 37.504412681271752 ] ] ], [ [ [ 127.134438827052662, 37.504623607429998 ], [ 127.134280647054879, 37.504327267034157 ], [ 127.134008365034404, 37.504420195260373 ], [ 127.134152470900474, 37.504688620898591 ], [ 127.134189883023225, 37.5046758748244 ], [ 127.134208855392245, 37.50471134380502 ], [ 127.134432820328101, 37.50463560646449 ], [ 127.134438827052662, 37.504623607429998 ] ] ], [ [ [ 127.134621404360772, 37.504965240280974 ], [ 127.134463772796892, 37.504915232226729 ], [ 127.134425456793267, 37.50492852000253 ], [ 127.134465682341897, 37.504971632515087 ], [ 127.134331024606539, 37.505057919332678 ], [ 127.134396391675907, 37.505120284943409 ], [ 127.134521318397077, 37.505031306016299 ], [ 127.134585226225795, 37.505099799947793 ], [ 127.134676779015592, 37.505068702476343 ], [ 127.134621404360772, 37.504965240280974 ] ] ], [ [ [ 127.135160130330888, 37.505627315605018 ], [ 127.135394103170029, 37.505549925315179 ], [ 127.135317281804632, 37.505407204275244 ], [ 127.135085123532278, 37.505487205255093 ], [ 127.135160130330888, 37.505627315605018 ] ] ], [ [ [ 127.134552148456066, 37.505961911429004 ], [ 127.134623243855032, 37.505873984112249 ], [ 127.134566781034962, 37.505794940158033 ], [ 127.134486651727499, 37.505826925680843 ], [ 127.134476631775073, 37.505852705480486 ], [ 127.134552148456066, 37.505961911429004 ] ] ], [ [ [ 127.133336022576529, 37.505904890076181 ], [ 127.133290330342192, 37.505840069249402 ], [ 127.13323681003196, 37.505825712980531 ], [ 127.133104566486494, 37.50587154092063 ], [ 127.133178036576481, 37.505975704443756 ], [ 127.133336022576529, 37.505904890076181 ] ] ], [ [ [ 127.135416245082567, 37.506105815527874 ], [ 127.135545799666559, 37.50613801441213 ], [ 127.135666592885997, 37.506077420391051 ], [ 127.1355553855023, 37.505869596461764 ], [ 127.135330683888526, 37.505945895369294 ], [ 127.135416245082567, 37.506105815527874 ] ] ], [ [ [ 127.130549770000272, 37.506046990127309 ], [ 127.130328338600791, 37.506186796256245 ], [ 127.130412629089747, 37.506271488157161 ], [ 127.130665467743526, 37.5061119157007 ], [ 127.130605988475722, 37.506052154492785 ], [ 127.130549770000272, 37.506046990127309 ] ] ], [ [ [ 127.131147119427169, 37.506485842603233 ], [ 127.131006860005073, 37.506344810167469 ], [ 127.130858749574713, 37.506438315734655 ], [ 127.130999121836879, 37.506579258120709 ], [ 127.131147119427169, 37.506485842603233 ] ] ], [ [ [ 127.130144008494284, 37.506659660242128 ], [ 127.130316974953757, 37.506550451124639 ], [ 127.130183175621085, 37.506416438446081 ], [ 127.130010322218624, 37.506525557147398 ], [ 127.130144008494284, 37.506659660242128 ] ] ], [ [ [ 127.129763331103263, 37.507460519963495 ], [ 127.129658776615557, 37.507298814349582 ], [ 127.129496862113243, 37.507258445003437 ], [ 127.129291734934185, 37.507345613270886 ], [ 127.129449020299361, 37.507589433046029 ], [ 127.129763331103263, 37.507460519963495 ] ] ], [ [ [ 127.130284922096649, 37.50797234956493 ], [ 127.130591434417127, 37.507846506177515 ], [ 127.130608664907371, 37.507803599892732 ], [ 127.13047167505475, 37.507591654815471 ], [ 127.13012956193873, 37.507732042713606 ], [ 127.130284922096649, 37.50797234956493 ] ] ], [ [ [ 127.132205565067494, 37.508596072829512 ], [ 127.131769732957068, 37.507921887696789 ], [ 127.130655574703994, 37.50837892527548 ], [ 127.130614243802057, 37.508481864296456 ], [ 127.131006192346476, 37.509088247676296 ], [ 127.132205565067494, 37.508596072829512 ] ] ], [ [ [ 127.129871564341599, 37.508713689185846 ], [ 127.129756281350424, 37.508760936525796 ], [ 127.129739050153574, 37.508803842680514 ], [ 127.129810607137628, 37.508914677700339 ], [ 127.129961379286954, 37.508852795577297 ], [ 127.129871564341599, 37.508713689185846 ] ] ], [ [ [ 127.130583598007817, 37.509075834905161 ], [ 127.130681806790165, 37.509227996021032 ], [ 127.130858687121759, 37.509155452444169 ], [ 127.13076036497425, 37.509003291597708 ], [ 127.130583598007817, 37.509075834905161 ] ] ], [ [ [ 127.130585266378816, 37.510044855062858 ], [ 127.130717730281575, 37.509990470259652 ], [ 127.130629727183504, 37.50985424568141 ], [ 127.130461773951495, 37.509923175177413 ], [ 127.130531405198511, 37.510031038550935 ], [ 127.130585266378816, 37.510044855062858 ] ] ], [ [ [ 127.134904780637939, 37.518606996432204 ], [ 127.13332227588252, 37.51931326107416 ], [ 127.133555111353672, 37.519784852200317 ], [ 127.133867535695131, 37.52061242691029 ], [ 127.134460395651544, 37.520803402759057 ], [ 127.135938045479108, 37.520152203104125 ], [ 127.134904780637939, 37.518606996432204 ] ] ], [ [ [ 127.14568833452023, 37.477478095870353 ], [ 127.145377005482842, 37.477490368531285 ], [ 127.145409096161387, 37.478012279610738 ], [ 127.14600315774679, 37.477988939570231 ], [ 127.145988229318462, 37.477751363741341 ], [ 127.145706065096391, 37.477762430306107 ], [ 127.14568833452023, 37.477478095870353 ] ] ], [ [ [ 127.145633452135044, 37.479335577142457 ], [ 127.145567942376957, 37.478249590043241 ], [ 127.144986653008431, 37.478272461888949 ], [ 127.144851273825196, 37.478304791934001 ], [ 127.144520836694383, 37.478318076618919 ], [ 127.144444877201991, 37.478384842625388 ], [ 127.144506577376845, 37.479378662520574 ], [ 127.145633452135044, 37.479335577142457 ] ] ], [ [ [ 127.146410126358106, 37.485467829510469 ], [ 127.146624859138214, 37.485711556859592 ], [ 127.146973316091987, 37.485995033568386 ], [ 127.147590664860289, 37.485414388212234 ], [ 127.147289720051262, 37.484852265382465 ], [ 127.147558787848112, 37.48477940258978 ], [ 127.147416373237775, 37.484513423013183 ], [ 127.146579562927755, 37.484739973742712 ], [ 127.146461639326276, 37.484800485486517 ], [ 127.146158555194063, 37.484882487531443 ], [ 127.146112469908971, 37.48496480527124 ], [ 127.146319195634504, 37.48533765634145 ], [ 127.146410126358106, 37.485467829510469 ] ] ], [ [ [ 127.142387368535125, 37.489549250603282 ], [ 127.142452431661908, 37.489694233959511 ], [ 127.142771347081819, 37.489600329347468 ], [ 127.142707986799991, 37.48945921842877 ], [ 127.142387368535125, 37.489549250603282 ] ] ], [ [ [ 127.142443129296637, 37.490400358452455 ], [ 127.14263208850673, 37.490346793742248 ], [ 127.142474254969287, 37.489995231906875 ], [ 127.142471116357271, 37.490070018619399 ], [ 127.142442365231588, 37.490174208470087 ], [ 127.142443129296637, 37.490400358452455 ] ] ], [ [ [ 127.156697036844861, 37.490852458272158 ], [ 127.15679124574153, 37.490942893941934 ], [ 127.156897159778978, 37.490870350394182 ], [ 127.156808383355383, 37.490787755372011 ], [ 127.156697036844861, 37.490852458272158 ] ] ], [ [ [ 127.143159220379061, 37.491156945394415 ], [ 127.143277849754611, 37.490930679284752 ], [ 127.142366693895482, 37.490931769014104 ], [ 127.14230833967504, 37.490981970176286 ], [ 127.142041389448465, 37.491384944633303 ], [ 127.14204553275593, 37.491411618297796 ], [ 127.142797065522146, 37.491308458589153 ], [ 127.142945376714835, 37.49134515905498 ], [ 127.143085469835398, 37.491263288649087 ], [ 127.143159220379061, 37.491156945394415 ] ] ], [ [ [ 127.146153748147483, 37.491520681962854 ], [ 127.146251926712097, 37.491459392886782 ], [ 127.146274015705131, 37.491362526413468 ], [ 127.146128251850243, 37.491351775791784 ], [ 127.14611243974403, 37.491472817379268 ], [ 127.146153748147483, 37.491520681962854 ] ] ], [ [ [ 127.14564114433982, 37.491310294322155 ], [ 127.145311129080611, 37.49149087828517 ], [ 127.145296892507432, 37.491537900747659 ], [ 127.145486029850289, 37.491724015111458 ], [ 127.14581359744065, 37.491593303969779 ], [ 127.145771713369427, 37.491463557149061 ], [ 127.145920229489008, 37.491429579238073 ], [ 127.145879009681963, 37.491333637136897 ], [ 127.14564114433982, 37.491310294322155 ] ] ], [ [ [ 127.145249316669023, 37.491558987959834 ], [ 127.145143093583869, 37.491582822429081 ], [ 127.145180472690427, 37.491657595969357 ], [ 127.145155020472302, 37.491658221574916 ], [ 127.145149238102917, 37.491768240622875 ], [ 127.145361091665478, 37.491670756047277 ], [ 127.145249316669023, 37.491558987959834 ] ] ], [ [ [ 127.147234997532436, 37.492036526959346 ], [ 127.14735563842035, 37.492030431510628 ], [ 127.14734764575249, 37.491932502755915 ], [ 127.147227004846329, 37.491938508096545 ], [ 127.147234997532436, 37.492036526959346 ] ] ], [ [ [ 127.145148608215621, 37.492266043492933 ], [ 127.145078907578892, 37.492183326375439 ], [ 127.145016326590181, 37.49221655917362 ], [ 127.1450200219181, 37.492256739251921 ], [ 127.145066002856453, 37.492311932668109 ], [ 127.145148608215621, 37.492266043492933 ] ] ], [ [ [ 127.147470929810936, 37.49235509936603 ], [ 127.147469620047829, 37.492379337862694 ], [ 127.147552215551656, 37.492346529529421 ], [ 127.147585882700611, 37.492389285373115 ], [ 127.147683600084235, 37.492340870965343 ], [ 127.147629742280515, 37.492277426148476 ], [ 127.147470929810936, 37.49235509936603 ] ] ], [ [ [ 127.143511642684985, 37.492704394141612 ], [ 127.143590785738965, 37.492662618774986 ], [ 127.143529484142519, 37.492583782964246 ], [ 127.143450080480022, 37.492625252263672 ], [ 127.143511642684985, 37.492704394141612 ] ] ], [ [ [ 127.156756081184071, 37.493030951659655 ], [ 127.156743133774484, 37.4930801451967 ], [ 127.156824117729769, 37.493155335255175 ], [ 127.156919624421064, 37.493095671657741 ], [ 127.156828013981396, 37.493016414108041 ], [ 127.156756081184071, 37.493030951659655 ] ] ], [ [ [ 127.142278502890591, 37.493237621430247 ], [ 127.142361759279879, 37.493193733650983 ], [ 127.14229591462859, 37.49311587570147 ], [ 127.142211414597327, 37.493159855015783 ], [ 127.142278502890591, 37.493237621430247 ] ] ], [ [ [ 127.146862842318143, 37.493724340507498 ], [ 127.146771720858638, 37.493729002616341 ], [ 127.146771630493305, 37.493688178462413 ], [ 127.14660434289803, 37.493694862197415 ], [ 127.146604535698444, 37.49367761683957 ], [ 127.146587539221059, 37.493677259290912 ], [ 127.146585592430768, 37.493436595829664 ], [ 127.146240651886743, 37.493451470891557 ], [ 127.146201781969083, 37.493484179714287 ], [ 127.146201956233938, 37.49357452267472 ], [ 127.146190324998372, 37.493582763039157 ], [ 127.146629955518861, 37.493946299560285 ], [ 127.14731400750091, 37.493457755645039 ], [ 127.147287427429063, 37.493407828045648 ], [ 127.147130645771739, 37.493414643722716 ], [ 127.147122286500164, 37.493465650571004 ], [ 127.147135634852077, 37.493468256026844 ], [ 127.147139555463937, 37.493513193026509 ], [ 127.14709528769302, 37.493566965142868 ], [ 127.147007357910667, 37.493602140337579 ], [ 127.146929566245134, 37.493698904291847 ], [ 127.146862842318143, 37.493724340507498 ] ] ], [ [ [ 127.15266858281565, 37.494250320760727 ], [ 127.15279402738858, 37.494314473503579 ], [ 127.15284626753288, 37.49425141777246 ], [ 127.152711861515684, 37.49419010568932 ], [ 127.15266858281565, 37.494250320760727 ] ] ], [ [ [ 127.141286000720328, 37.494347316887087 ], [ 127.141342057858452, 37.494427962043702 ], [ 127.141539297680254, 37.49432177096935 ], [ 127.141482051147094, 37.494246154888309 ], [ 127.141286000720328, 37.494347316887087 ] ] ], [ [ [ 127.148507074580252, 37.494286547885395 ], [ 127.148098965771112, 37.494574275348391 ], [ 127.148316270996531, 37.494769981799188 ], [ 127.148743373898313, 37.49446888613393 ], [ 127.148507074580252, 37.494286547885395 ] ] ], [ [ [ 127.154329899687312, 37.494901182532658 ], [ 127.154361420569657, 37.494826061532478 ], [ 127.154263296251514, 37.494801834438348 ], [ 127.154234484463416, 37.494874618324161 ], [ 127.154329899687312, 37.494901182532658 ] ] ], [ [ [ 127.154421232730101, 37.494927733927156 ], [ 127.154456613004939, 37.494848742622466 ], [ 127.154377712605708, 37.494824634896311 ], [ 127.154337237995492, 37.49490641685351 ], [ 127.154421232730101, 37.494927733927156 ] ] ], [ [ [ 127.15455969854689, 37.494971181001794 ], [ 127.154608556236241, 37.494907975711122 ], [ 127.154520112565208, 37.494867662468671 ], [ 127.154475834108553, 37.494936168677327 ], [ 127.15455969854689, 37.494971181001794 ] ] ], [ [ [ 127.141915206181466, 37.49506293705732 ], [ 127.142141143861551, 37.494943105799564 ], [ 127.142053422184162, 37.494837973510528 ], [ 127.141827484679567, 37.494957804602329 ], [ 127.141915206181466, 37.49506293705732 ] ] ], [ [ [ 127.143711964992477, 37.495093143079529 ], [ 127.143635939764224, 37.495021145639519 ], [ 127.143518712896778, 37.495130938153167 ], [ 127.143481286371937, 37.49519844091256 ], [ 127.143505866030665, 37.495220098416219 ], [ 127.143549991291124, 37.495202656100432 ], [ 127.143711964992477, 37.495093143079529 ] ] ], [ [ [ 127.153335131587752, 37.495311338229484 ], [ 127.153353007430781, 37.495276662847544 ], [ 127.153460939185663, 37.495319087266282 ], [ 127.153522197821729, 37.495258875813988 ], [ 127.153168960092046, 37.495133271031115 ], [ 127.153141572122223, 37.495178175919534 ], [ 127.153335131587752, 37.495311338229484 ] ] ], [ [ [ 127.152940664190609, 37.495583279328926 ], [ 127.153103894522616, 37.495257052645165 ], [ 127.152689788483144, 37.494970047516588 ], [ 127.152667043097424, 37.494990114830472 ], [ 127.152387742155724, 37.494803577651759 ], [ 127.152419439268343, 37.494775759378101 ], [ 127.152357520199502, 37.494732734666485 ], [ 127.152298757367433, 37.494785941574975 ], [ 127.152159211318136, 37.49470492157527 ], [ 127.151490596444503, 37.495398991634431 ], [ 127.151516443972369, 37.49545406390078 ], [ 127.152313995767457, 37.495925271018606 ], [ 127.152572888645551, 37.495797070565708 ], [ 127.152595359772675, 37.495814746455636 ], [ 127.152658568588706, 37.495823891835727 ], [ 127.152793577619775, 37.495745431271601 ], [ 127.15288342403845, 37.495785951232911 ], [ 127.152940664190609, 37.495583279328926 ] ] ], [ [ [ 127.155235977062318, 37.495323071051146 ], [ 127.155223152401007, 37.495355586758656 ], [ 127.155314611311852, 37.495376920513692 ], [ 127.15531929223819, 37.495338000287774 ], [ 127.155235977062318, 37.495323071051146 ] ] ], [ [ [ 127.15120198047785, 37.495434181251916 ], [ 127.151264628669466, 37.495253397561193 ], [ 127.151163002701082, 37.495236560521327 ], [ 127.151022865943446, 37.495528418250814 ], [ 127.151132937336357, 37.495572517945256 ], [ 127.15120198047785, 37.495434181251916 ] ] ], [ [ [ 127.153453501847281, 37.495482664131075 ], [ 127.153392423905942, 37.495487031416353 ], [ 127.153314649005623, 37.495561031280722 ], [ 127.153407119899526, 37.495590834598993 ], [ 127.153453501847281, 37.495482664131075 ] ] ], [ [ [ 127.150289904603142, 37.495574726804577 ], [ 127.150210233226858, 37.495537904177127 ], [ 127.15016679924085, 37.495543995525004 ], [ 127.150000436085904, 37.495648288094145 ], [ 127.15011240400402, 37.495730913058246 ], [ 127.150289904603142, 37.495574726804577 ] ] ], [ [ [ 127.151366113363324, 37.495573060354737 ], [ 127.151308804106804, 37.495652664181613 ], [ 127.151429140788736, 37.495729249604715 ], [ 127.151509075159979, 37.495642724358987 ], [ 127.151389407210132, 37.495572544268363 ], [ 127.151366113363324, 37.495573060354737 ] ] ], [ [ [ 127.153725600628263, 37.495745234307265 ], [ 127.153735676020446, 37.495733976863647 ], [ 127.153720978922493, 37.495724598382971 ], [ 127.1537212741178, 37.495669456886517 ], [ 127.153638454668211, 37.495614620655807 ], [ 127.15359626785893, 37.49571144222098 ], [ 127.153725600628263, 37.495745234307265 ] ] ], [ [ [ 127.150845800611677, 37.495771767665261 ], [ 127.150919260378913, 37.495806606510378 ], [ 127.150967439789653, 37.495804121887844 ], [ 127.15102933695178, 37.49576803966707 ], [ 127.151055869413781, 37.495718685421011 ], [ 127.15092732073235, 37.495686186857398 ], [ 127.150845800611677, 37.495771767665261 ] ] ], [ [ [ 127.154238898620704, 37.495915094893029 ], [ 127.154263099342685, 37.49591007207475 ], [ 127.154310387385834, 37.495797566302471 ], [ 127.154212607798499, 37.495771095239 ], [ 127.154146920061862, 37.495855297348697 ], [ 127.154238898620704, 37.495915094893029 ] ] ], [ [ [ 127.157463191381481, 37.495771624603528 ], [ 127.157403399781643, 37.495948749729003 ], [ 127.157724450294751, 37.496007521284497 ], [ 127.157775869923043, 37.495828875374542 ], [ 127.157463191381481, 37.495771624603528 ] ] ], [ [ [ 127.144401708613444, 37.495902903459069 ], [ 127.144419559634343, 37.495918243896277 ], [ 127.144332517326333, 37.495976193262827 ], [ 127.144350699360729, 37.495993146097717 ], [ 127.144332587824636, 37.496007277632117 ], [ 127.144370883223019, 37.496039919565497 ], [ 127.14447954330933, 37.495962257193028 ], [ 127.1444095333772, 37.49589074853305 ], [ 127.144401708613444, 37.495902903459069 ] ] ], [ [ [ 127.151318684694118, 37.495979651089208 ], [ 127.151251685649513, 37.495929856738627 ], [ 127.151172901526195, 37.495992413786503 ], [ 127.151326314266257, 37.496113773076779 ], [ 127.15136076627708, 37.496060678588613 ], [ 127.151318684694118, 37.495979651089208 ] ] ], [ [ [ 127.155915374540811, 37.496016927138839 ], [ 127.155864425069893, 37.496096551883944 ], [ 127.155971592414616, 37.496134433966802 ], [ 127.156016093703983, 37.496059142401684 ], [ 127.155915374540811, 37.496016927138839 ] ] ], [ [ [ 127.151407973394512, 37.496380752509026 ], [ 127.151504901441783, 37.496456502582376 ], [ 127.151593645494984, 37.496386841807769 ], [ 127.15149864646115, 37.496308737751271 ], [ 127.151407973394512, 37.496380752509026 ] ] ], [ [ [ 127.157104491971026, 37.496315489747893 ], [ 127.157038818926495, 37.496329091194028 ], [ 127.156853978076541, 37.496462411846323 ], [ 127.157915564873747, 37.496660672545232 ], [ 127.157969455210917, 37.496473824214149 ], [ 127.157104491971026, 37.496315489747893 ] ] ], [ [ [ 127.153516957176095, 37.496562104950165 ], [ 127.153407160393627, 37.496459577380307 ], [ 127.153319446107758, 37.496523210511732 ], [ 127.153432413950839, 37.496622499499942 ], [ 127.153516957176095, 37.496562104950165 ] ] ], [ [ [ 127.148580318133085, 37.496651938773532 ], [ 127.148246017312545, 37.496881514397487 ], [ 127.148420287267314, 37.497047072545293 ], [ 127.148232075831586, 37.497165670593141 ], [ 127.14882553502018, 37.497087049812329 ], [ 127.148994694154908, 37.497102498125869 ], [ 127.14885316522701, 37.49687596547318 ], [ 127.149028266865557, 37.496837004039129 ], [ 127.149134762392023, 37.49677033228329 ], [ 127.148845491574846, 37.496515710781502 ], [ 127.148682332809059, 37.496635665849347 ], [ 127.148602281170682, 37.496676130272824 ], [ 127.148692604092773, 37.496775650205684 ], [ 127.148580318133085, 37.496651938773532 ] ] ], [ [ [ 127.15333712415493, 37.496681168872023 ], [ 127.153171683657447, 37.496771048723666 ], [ 127.153438824245256, 37.496839460699555 ], [ 127.153484234473709, 37.496781558196126 ], [ 127.15333712415493, 37.496681168872023 ] ] ], [ [ [ 127.151367576889385, 37.496769674714933 ], [ 127.15125868929664, 37.496855002182166 ], [ 127.151198585823863, 37.496900632828385 ], [ 127.151457207167098, 37.496894169085529 ], [ 127.151428962919923, 37.496873599092957 ], [ 127.151460213570459, 37.496842447957555 ], [ 127.151367576889385, 37.496769674714933 ] ] ], [ [ [ 127.152449260071151, 37.496906186585015 ], [ 127.152588486097741, 37.496983332323744 ], [ 127.152693809724639, 37.4969538610885 ], [ 127.152606802226302, 37.49680197395157 ], [ 127.152449260071151, 37.496906186585015 ] ] ], [ [ [ 127.144005346356792, 37.497118739176166 ], [ 127.144132331640236, 37.497037036579506 ], [ 127.143984825569532, 37.496900587130135 ], [ 127.143933486928333, 37.496901360816572 ], [ 127.143748535109509, 37.497030948993071 ], [ 127.143743862498312, 37.497083437782294 ], [ 127.143821995538019, 37.497150657294775 ], [ 127.143837160226965, 37.497138781887323 ], [ 127.14381751410032, 37.497119118734737 ], [ 127.143924029266927, 37.497042270367899 ], [ 127.144005346356792, 37.497118739176166 ] ] ], [ [ [ 127.149943463624453, 37.497104517524157 ], [ 127.150030418035442, 37.497192165497495 ], [ 127.150147283189256, 37.497159825858311 ], [ 127.150106132671127, 37.49705752419667 ], [ 127.149943463624453, 37.497104517524157 ] ] ], [ [ [ 127.144414137274097, 37.497037002403978 ], [ 127.144305699864546, 37.497113682345905 ], [ 127.144477271080831, 37.49726780689123 ], [ 127.144584878085823, 37.497164827653329 ], [ 127.144390550081198, 37.496990647526957 ], [ 127.144375280696806, 37.49700092836482 ], [ 127.144414137274097, 37.497037002403978 ] ] ], [ [ [ 127.143691088992199, 37.497108828370379 ], [ 127.143633087474413, 37.497108510726193 ], [ 127.143465891917998, 37.497227751653014 ], [ 127.143459499261454, 37.497279737936893 ], [ 127.143535960923828, 37.497348185002302 ], [ 127.14376906614217, 37.49718330114316 ], [ 127.143691088992199, 37.497108828370379 ] ] ], [ [ [ 127.143892644090485, 37.497510584139192 ], [ 127.144018629333772, 37.497413989370074 ], [ 127.143935875738137, 37.497337522306751 ], [ 127.143808608011682, 37.497431667817651 ], [ 127.143892644090485, 37.497510584139192 ] ] ], [ [ [ 127.151346180931554, 37.497482643893115 ], [ 127.151320446511434, 37.497388242885769 ], [ 127.151177081016996, 37.497463540820178 ], [ 127.151261897106423, 37.497549748991496 ], [ 127.151346180931554, 37.497482643893115 ] ] ], [ [ [ 127.141664851060455, 37.497729199195398 ], [ 127.141801054373872, 37.497634342607242 ], [ 127.141688795865477, 37.497532032325978 ], [ 127.141583087290911, 37.497606399971609 ], [ 127.141579439459491, 37.497651364119328 ], [ 127.141664851060455, 37.497729199195398 ] ] ], [ [ [ 127.144369329243929, 37.497527623235946 ], [ 127.144144479013491, 37.497680361855309 ], [ 127.144158701719789, 37.497702356075528 ], [ 127.144222870678789, 37.497746292355025 ], [ 127.144247435311001, 37.497706024091251 ], [ 127.144296349362733, 37.497690684053786 ], [ 127.144382243394702, 37.497723448638837 ], [ 127.14441509589912, 37.497676629069069 ], [ 127.144392836574468, 37.497668501954792 ], [ 127.144460430107657, 37.497557119854889 ], [ 127.144408304124852, 37.497524746967862 ], [ 127.144369329243929, 37.497527623235946 ] ] ], [ [ [ 127.145332638332434, 37.497702176244189 ], [ 127.145263715646152, 37.497662291834608 ], [ 127.145189869813962, 37.497750174946518 ], [ 127.145254953399444, 37.497787162854628 ], [ 127.145332638332434, 37.497702176244189 ] ] ], [ [ [ 127.149624102631932, 37.497917763026024 ], [ 127.149713841289881, 37.497874681881939 ], [ 127.149659166332654, 37.497824087316438 ], [ 127.149575909112556, 37.497885171253607 ], [ 127.149624102631932, 37.497917763026024 ] ] ], [ [ [ 127.152666867117588, 37.497899150976835 ], [ 127.152640031643699, 37.497927062194236 ], [ 127.152707917482061, 37.497994685359423 ], [ 127.152843598291042, 37.497916584303383 ], [ 127.152787454865887, 37.497873471354708 ], [ 127.152666867117588, 37.497899150976835 ] ] ], [ [ [ 127.152237661874594, 37.498129471901485 ], [ 127.152454605312471, 37.49800007287137 ], [ 127.152381435188943, 37.497913886733485 ], [ 127.152207383382688, 37.498014209775654 ], [ 127.15218515013612, 37.498075821364878 ], [ 127.152237661874594, 37.498129471901485 ] ] ], [ [ [ 127.153557071591152, 37.49790271191614 ], [ 127.153510734176464, 37.4978828594775 ], [ 127.153335208563078, 37.497891194151045 ], [ 127.153310533602919, 37.498003075784467 ], [ 127.153184151004339, 37.498065506088977 ], [ 127.153218102227896, 37.498229065762374 ], [ 127.153248204373583, 37.498301070924917 ], [ 127.153427017382512, 37.498284992578512 ], [ 127.153512805734294, 37.498319111161159 ], [ 127.153575556591974, 37.498324391351559 ], [ 127.153671000952272, 37.498229492463729 ], [ 127.15375494900934, 37.498103514862287 ], [ 127.153707107215894, 37.498016711258707 ], [ 127.153578471321623, 37.497876780673415 ], [ 127.153557071591152, 37.49790271191614 ] ] ], [ [ [ 127.144196742302569, 37.498177217378363 ], [ 127.144265457758607, 37.498126101824298 ], [ 127.144206955236697, 37.498070905257819 ], [ 127.144084826890989, 37.498150457684602 ], [ 127.144196742302569, 37.498177217378363 ] ] ], [ [ [ 127.1434817006744, 37.498159464142724 ], [ 127.143385308858683, 37.498232551788725 ], [ 127.143384321928394, 37.498242878414892 ], [ 127.143469546196002, 37.498268193208212 ], [ 127.1434817006744, 37.498159464142724 ] ] ], [ [ [ 127.144101433685179, 37.498248673492704 ], [ 127.144056067420649, 37.498339936297143 ], [ 127.144330767861959, 37.498436506917884 ], [ 127.14438152905818, 37.498345769074888 ], [ 127.144101433685179, 37.498248673492704 ] ] ], [ [ [ 127.143330222131553, 37.498428549022996 ], [ 127.143427876159507, 37.498520333589575 ], [ 127.143535735719738, 37.498447493416798 ], [ 127.143535669347358, 37.498412444662129 ], [ 127.143401978722295, 37.498400441819321 ], [ 127.143330222131553, 37.498428549022996 ] ] ], [ [ [ 127.155726510893103, 37.498539158331191 ], [ 127.155968933071577, 37.49857704397234 ], [ 127.156195995579054, 37.498460067641652 ], [ 127.156184237904682, 37.498406834042392 ], [ 127.155846114586751, 37.498354027225282 ], [ 127.155726510893103, 37.498539158331191 ] ] ], [ [ [ 127.140671076506976, 37.498653176433379 ], [ 127.140796613454114, 37.498780790060323 ], [ 127.140969661141867, 37.498672556227945 ], [ 127.140892017029927, 37.49851497314733 ], [ 127.140671076506976, 37.498653176433379 ] ] ], [ [ [ 127.149953641752603, 37.498636021707547 ], [ 127.14984365757762, 37.498683687499827 ], [ 127.14988778070942, 37.498756342650104 ], [ 127.150000138706289, 37.498708133234913 ], [ 127.149953641752603, 37.498636021707547 ] ] ], [ [ [ 127.148161970732772, 37.499424830641502 ], [ 127.148289650259557, 37.499542162240012 ], [ 127.148405845731276, 37.499454350711297 ], [ 127.148277824089845, 37.499335578064652 ], [ 127.148161970732772, 37.499424830641502 ] ] ], [ [ [ 127.149396245035391, 37.499442411299775 ], [ 127.149332225549941, 37.499442158047778 ], [ 127.149326282295846, 37.499324287901025 ], [ 127.149216513800326, 37.499327146198929 ], [ 127.14927278204695, 37.49923894921227 ], [ 127.149183866692098, 37.499195704352729 ], [ 127.149073618213166, 37.499178678088718 ], [ 127.148624135374448, 37.499487046622058 ], [ 127.148614951642671, 37.499544190346491 ], [ 127.14899311653366, 37.499911650452013 ], [ 127.149070517715842, 37.499919140208945 ], [ 127.149161733691926, 37.499861092074056 ], [ 127.149156704583319, 37.499811083957752 ], [ 127.149186300780016, 37.499690979966928 ], [ 127.149193199286202, 37.499472821688649 ], [ 127.149399980690319, 37.499467256151249 ], [ 127.149396245035391, 37.499442411299775 ] ] ], [ [ [ 127.1502036561415, 37.499464400367096 ], [ 127.15029619328206, 37.499708193054651 ], [ 127.15043532819395, 37.499680996822562 ], [ 127.1502036561415, 37.499464400367096 ] ] ], [ [ [ 127.146475913745718, 37.49970090499626 ], [ 127.146416056681076, 37.499566549509439 ], [ 127.146266942838054, 37.499650615226919 ], [ 127.146254814215467, 37.499694598793859 ], [ 127.146296201576646, 37.499751671360315 ], [ 127.146475913745718, 37.49970090499626 ] ] ], [ [ [ 127.143561797205109, 37.500325592765904 ], [ 127.143644833068478, 37.500400275734222 ], [ 127.143753972588542, 37.50034509340481 ], [ 127.143676881020369, 37.500244364516639 ], [ 127.143561797205109, 37.500325592765904 ] ] ], [ [ [ 127.150328317397324, 37.500498201691379 ], [ 127.150208921757155, 37.500386204811363 ], [ 127.150098233424785, 37.500456396663218 ], [ 127.150173121969544, 37.500530968152425 ], [ 127.150309853449343, 37.500522786151052 ], [ 127.150328317397324, 37.500498201691379 ] ] ], [ [ [ 127.148755192151825, 37.500788383979689 ], [ 127.148607565396887, 37.500650354796726 ], [ 127.148504225012715, 37.500720040455846 ], [ 127.148569538543825, 37.50086637133446 ], [ 127.148624183641729, 37.500877926175605 ], [ 127.148755192151825, 37.500788383979689 ] ] ], [ [ [ 127.147662296652882, 37.501544957413216 ], [ 127.147840845504248, 37.501591768485611 ], [ 127.147916205033169, 37.501444740402043 ], [ 127.147712636827919, 37.501378480833253 ], [ 127.147662296652882, 37.501544957413216 ] ] ], [ [ [ 127.149208171376557, 37.501447709379249 ], [ 127.14931330711083, 37.501600206920777 ], [ 127.149467655562404, 37.501532348790356 ], [ 127.149383043340947, 37.501407396231166 ], [ 127.14932873488128, 37.501394760123965 ], [ 127.149208171376557, 37.501447709379249 ] ] ], [ [ [ 127.144511902589642, 37.501534666997117 ], [ 127.144442239607102, 37.501416540380482 ], [ 127.144322448448847, 37.501461194537946 ], [ 127.144391885274842, 37.501579411597774 ], [ 127.144511902589642, 37.501534666997117 ] ] ], [ [ [ 127.147979021667538, 37.501465187271911 ], [ 127.147899031658667, 37.501621159030506 ], [ 127.148042070186619, 37.501783701905289 ], [ 127.148179552001125, 37.501706856399181 ], [ 127.148009688743926, 37.501475150324055 ], [ 127.147979021667538, 37.501465187271911 ] ] ], [ [ [ 127.141013809800171, 37.503803236696697 ], [ 127.14116776896384, 37.503762780209954 ], [ 127.141129028581034, 37.503668671757801 ], [ 127.14097665173189, 37.503708495628366 ], [ 127.141013809800171, 37.503803236696697 ] ] ], [ [ [ 127.141169309870264, 37.503982892078156 ], [ 127.141197369060123, 37.504049893117596 ], [ 127.141404436107521, 37.503984235688876 ], [ 127.141381600775119, 37.503928851381076 ], [ 127.141169309870264, 37.503982892078156 ] ] ] ] } },
{ "type": "Feature", "properties": { "zoning_code": "제3종일반주거지역", "zoning_name": "제3종일반주거지역", "remark": "건축물대장 지역코드명 기반 보강" }, "geometry": { "type": "MultiPolygon", "coordinates": [ [ [ [ 127.086005739834533, 37.502266627423133 ], [ 127.085861323083094, 37.50209735196767 ], [ 127.085668979842211, 37.502150729118277 ], [ 127.08584247705619, 37.502354438223612 ], [ 127.086005739834533, 37.502266627423133 ] ] ], [ [ [ 127.087115999376493, 37.502445424140937 ], [ 127.086799319658951, 37.502635682689856 ], [ 127.086925326074038, 37.5027833733687 ], [ 127.087252934220572, 37.502605963799205 ], [ 127.087115999376493, 37.502445424140937 ] ] ], [ [ [ 127.091187436067145, 37.50310625930981 ], [ 127.091004954055677, 37.503158187045997 ], [ 127.09107141542097, 37.503306639173395 ], [ 127.091253988157348, 37.503254657206909 ], [ 127.091187436067145, 37.50310625930981 ] ] ], [ [ [ 127.093131582697353, 37.503063258648609 ], [ 127.092934624656749, 37.503113930183204 ], [ 127.093066737919699, 37.503408364116737 ], [ 127.093261530679371, 37.5033528917265 ], [ 127.093131582697353, 37.503063258648609 ] ] ], [ [ [ 127.092727087728832, 37.503170294854634 ], [ 127.09257793490967, 37.503212594643642 ], [ 127.09269768640948, 37.503479648175869 ], [ 127.092748828272349, 37.50349889004827 ], [ 127.092860300272321, 37.503467178882254 ], [ 127.092727087728832, 37.503170294854634 ] ] ], [ [ [ 127.090599685092144, 37.503273559795737 ], [ 127.090134789322335, 37.503405941688541 ], [ 127.090201339618886, 37.503554358193284 ], [ 127.090666224913122, 37.503422003079386 ], [ 127.090599685092144, 37.503273559795737 ] ] ], [ [ [ 127.091977761670421, 37.503383596637832 ], [ 127.091570197945259, 37.503499605168059 ], [ 127.091636841780954, 37.503648137918695 ], [ 127.092044406220296, 37.503532138170549 ], [ 127.091977761670421, 37.503383596637832 ] ] ], [ [ [ 127.092107263633707, 37.503681718713537 ], [ 127.092364803466239, 37.503608422981557 ], [ 127.09232022904159, 37.503502364743603 ], [ 127.09206272352283, 37.503575714413167 ], [ 127.092107263633707, 37.503681718713537 ] ] ], [ [ [ 127.089732310129918, 37.503520489458353 ], [ 127.089428120919351, 37.503607022807152 ], [ 127.089494737959441, 37.503755529755608 ], [ 127.089798882404253, 37.503668951220753 ], [ 127.089732310129918, 37.503520489458353 ] ] ], [ [ [ 127.086235426045363, 37.504515380983271 ], [ 127.085928153533501, 37.504602781488238 ], [ 127.085994572433293, 37.504751434689467 ], [ 127.086295333318333, 37.504665939792247 ], [ 127.086235426045363, 37.504515380983271 ] ] ], [ [ [ 127.084986681738968, 37.504870488177232 ], [ 127.085053245895793, 37.505019015659343 ], [ 127.085264555685384, 37.504958949695961 ], [ 127.085198002453197, 37.504810404303853 ], [ 127.084986681738968, 37.504870488177232 ] ] ], [ [ [ 127.084581319517696, 37.505153200655272 ], [ 127.084443817910312, 37.50485761682026 ], [ 127.084052616897992, 37.504968866680109 ], [ 127.084119167784962, 37.5051172144966 ], [ 127.084293507678879, 37.505067627689037 ], [ 127.084360059329356, 37.505216155566067 ], [ 127.084581319517696, 37.505153200655272 ] ] ], [ [ [ 127.086517326717185, 37.505272557213942 ], [ 127.086541483294639, 37.505231904833266 ], [ 127.086488306569123, 37.505113281693085 ], [ 127.086315788277091, 37.505162338842439 ], [ 127.086382445894657, 37.505310946589525 ], [ 127.086517326717185, 37.505272557213942 ] ] ], [ [ [ 127.083829629603173, 37.505199533527758 ], [ 127.083588243666085, 37.505268168289945 ], [ 127.083654782858346, 37.505416759638301 ], [ 127.083896169202475, 37.505348115731444 ], [ 127.083829629603173, 37.505199533527758 ] ] ], [ [ [ 127.083283045479376, 37.505355127986604 ], [ 127.08294072815653, 37.505452473957639 ], [ 127.083007277383416, 37.505600921499976 ], [ 127.083349516109394, 37.505503557372826 ], [ 127.083283045479376, 37.505355127986604 ] ] ], [ [ [ 127.078907196574647, 37.505881303053044 ], [ 127.07866580387433, 37.505697089789727 ], [ 127.078803439048002, 37.505583293915365 ], [ 127.078688668430061, 37.505495701867915 ], [ 127.078551146432162, 37.505609587636222 ], [ 127.078480178894395, 37.505555393830079 ], [ 127.078342995853873, 37.505669369234042 ], [ 127.078770500252048, 37.505995611997356 ], [ 127.078907196574647, 37.505881303053044 ] ] ], [ [ [ 127.079269078473203, 37.506157482493059 ], [ 127.079055369502882, 37.5059943621862 ], [ 127.079193366896035, 37.505880908004734 ], [ 127.079110627277515, 37.505817802443111 ], [ 127.078972663776312, 37.505931229477014 ], [ 127.079025623950827, 37.505971658545683 ], [ 127.078889006933807, 37.506086084703 ], [ 127.079132699163992, 37.506272070951688 ], [ 127.079269078473203, 37.506157482493059 ] ] ], [ [ [ 127.081493592241941, 37.506031371445431 ], [ 127.081426039280359, 37.505883130968456 ], [ 127.081226934677261, 37.505939740013254 ], [ 127.081293469723349, 37.506088269609457 ], [ 127.081493592241941, 37.506031371445431 ] ] ], [ [ [ 127.080833145525787, 37.506051854910183 ], [ 127.080899555455687, 37.506200357779768 ], [ 127.081186850591124, 37.506118524982249 ], [ 127.081120327125049, 37.505970076408666 ], [ 127.080833145525787, 37.506051854910183 ] ] ], [ [ [ 127.089902990898963, 37.506273360511834 ], [ 127.09015740709745, 37.50657155323362 ], [ 127.090349926371047, 37.506516700053069 ], [ 127.090246637242458, 37.506395620543536 ], [ 127.090412132763305, 37.506308721052584 ], [ 127.090076784670629, 37.505915597389581 ], [ 127.090023046768778, 37.505901582099888 ], [ 127.089863949248965, 37.505946886218354 ], [ 127.09006658414232, 37.506184462711786 ], [ 127.089902990898963, 37.506273360511834 ] ] ], [ [ [ 127.079914114904611, 37.506313496400729 ], [ 127.08000888559414, 37.506286538691626 ], [ 127.079948560008006, 37.506136112158451 ], [ 127.079847898846694, 37.506164758591282 ], [ 127.079914114904611, 37.506313496400729 ] ] ], [ [ [ 127.089430078819532, 37.506279984335691 ], [ 127.089299259623957, 37.506126650743589 ], [ 127.089062895764897, 37.506193995511957 ], [ 127.089229332735442, 37.506388992079586 ], [ 127.089430078819532, 37.506279984335691 ] ] ], [ [ [ 127.089316781307431, 37.506708510931311 ], [ 127.089480342287487, 37.506619631992791 ], [ 127.089380905012305, 37.506503026817214 ], [ 127.08921734426302, 37.506591986709374 ], [ 127.089316781307431, 37.506708510931311 ] ] ], [ [ [ 127.092819653433921, 37.506782025884561 ], [ 127.092612042334252, 37.506813694041554 ], [ 127.092684927108692, 37.507123752116257 ], [ 127.092892550345624, 37.507092083823061 ], [ 127.092819653433921, 37.506782025884561 ] ] ], [ [ [ 127.089707644701207, 37.506886067672191 ], [ 127.089947180253716, 37.50716672950356 ], [ 127.090151128554837, 37.507125085727751 ], [ 127.089871669733711, 37.506797548247128 ], [ 127.089707644701207, 37.506886067672191 ] ] ], [ [ [ 127.091125265168671, 37.507200800450484 ], [ 127.091105804277632, 37.507203761472248 ], [ 127.091150221593267, 37.507357735260513 ], [ 127.091784934149558, 37.50726102544575 ], [ 127.091561360860439, 37.506999059889488 ], [ 127.091508997875081, 37.506981845690049 ], [ 127.091107319965516, 37.507042995356421 ], [ 127.091125265168671, 37.507200800450484 ] ] ], [ [ [ 127.079782018079044, 37.50726868640961 ], [ 127.079739987438558, 37.507450265230581 ], [ 127.079935205117508, 37.507478796530535 ], [ 127.07999166732327, 37.507232867827739 ], [ 127.079796880145011, 37.507204435444081 ], [ 127.079817934985087, 37.50711369104598 ], [ 127.079679027590231, 37.507093240293116 ], [ 127.079642884207601, 37.507248235764941 ], [ 127.079782018079044, 37.50726868640961 ] ] ], [ [ [ 127.093672086921558, 37.507247846373687 ], [ 127.093714660663935, 37.507425066363346 ], [ 127.094011469364261, 37.507379811505288 ], [ 127.093968951440559, 37.507202546528056 ], [ 127.093672086921558, 37.507247846373687 ] ] ], [ [ [ 127.089702714581833, 37.507406136065725 ], [ 127.089745434963916, 37.507571698470812 ], [ 127.089917090049298, 37.507545531319963 ], [ 127.089891986858319, 37.50736749500458 ], [ 127.089702714581833, 37.507406136065725 ] ] ], [ [ [ 127.089178961187301, 37.507513104864998 ], [ 127.088551535171234, 37.507656016472048 ], [ 127.087839327528414, 37.507858605719484 ], [ 127.087928589523301, 37.508057507691447 ], [ 127.088587791585141, 37.507808798900292 ], [ 127.089224479845029, 37.507654617760736 ], [ 127.089178961187301, 37.507513104864998 ] ] ], [ [ [ 127.086928454027131, 37.508170048805702 ], [ 127.086599900790048, 37.508473561572345 ], [ 127.086584566622193, 37.508535471124411 ], [ 127.086874002839636, 37.50872248956037 ], [ 127.087345466041512, 37.50837517393343 ], [ 127.087673016216925, 37.50818599637465 ], [ 127.087582416569475, 37.507983968727636 ], [ 127.087430345691587, 37.508027237192024 ], [ 127.087347004717856, 37.507842151838886 ], [ 127.087201943944564, 37.507883423712677 ], [ 127.087284945417593, 37.508068608523224 ], [ 127.087047284632277, 37.508136265531022 ], [ 127.086964272329922, 37.507951053533276 ], [ 127.086845453321402, 37.507984863746941 ], [ 127.086928454027131, 37.508170048805702 ] ] ], [ [ [ 127.079310267432007, 37.508674013262663 ], [ 127.079450015180811, 37.508695013496279 ], [ 127.079506495228202, 37.508452959351757 ], [ 127.079366680250715, 37.508432148437628 ], [ 127.079310267432007, 37.508674013262663 ] ] ], [ [ [ 127.081141962541182, 37.509526604760424 ], [ 127.08098754120013, 37.509503616191118 ], [ 127.08094085660835, 37.509529055706452 ], [ 127.080884886101003, 37.509768037748302 ], [ 127.081078787313004, 37.509796919417553 ], [ 127.081141962541182, 37.509526604760424 ] ] ], [ [ [ 127.080652738060067, 37.509604212027398 ], [ 127.080626964859164, 37.509714241032754 ], [ 127.080821668962074, 37.509743212686409 ], [ 127.08084744188703, 37.509633183639458 ], [ 127.080652738060067, 37.509604212027398 ] ] ], [ [ [ 127.082160931276746, 37.510063511439604 ], [ 127.082240731321178, 37.509721798862188 ], [ 127.082208796245055, 37.509684699601934 ], [ 127.082053367567653, 37.509661650045089 ], [ 127.081966226021464, 37.510034722195726 ], [ 127.082160931276746, 37.510063511439604 ] ] ], [ [ [ 127.081707616434642, 37.509983991701496 ], [ 127.081732047897788, 37.509879279259707 ], [ 127.081537513045561, 37.509850588301973 ], [ 127.081513081319869, 37.50995530070432 ], [ 127.081707616434642, 37.509983991701496 ] ] ], [ [ [ 127.083317044008439, 37.510052264967655 ], [ 127.083459932050175, 37.510076582955264 ], [ 127.083502936796464, 37.509903201292339 ], [ 127.083484148114479, 37.509880527225832 ], [ 127.08336465465085, 37.50986023853627 ], [ 127.083317044008439, 37.510052264967655 ] ] ], [ [ [ 127.080849306208236, 37.50991996974949 ], [ 127.080824861806875, 37.510024321618431 ], [ 127.081018888073146, 37.51005320330048 ], [ 127.081043320903319, 37.509948851399827 ], [ 127.080849306208236, 37.50991996974949 ] ] ], [ [ [ 127.08362216625541, 37.510209006962583 ], [ 127.083665271803994, 37.510034994476655 ], [ 127.083522349952702, 37.510010775870406 ], [ 127.083479164903466, 37.510184779350247 ], [ 127.08362216625541, 37.510209006962583 ] ] ], [ [ [ 127.084232365633952, 37.510027120477872 ], [ 127.084188326518856, 37.510204647711859 ], [ 127.084332583989067, 37.510229233983722 ], [ 127.084381318437394, 37.51003291761598 ], [ 127.084260319922137, 37.510012369599764 ], [ 127.084232365633952, 37.510027120477872 ] ] ], [ [ [ 127.080749965927126, 37.510517938021593 ], [ 127.080904943469278, 37.510540899492888 ], [ 127.080938721605705, 37.51039626677769 ], [ 127.080744490989531, 37.510367475202806 ], [ 127.080717918048578, 37.510480748339091 ], [ 127.080749965927126, 37.510517938021593 ] ] ], [ [ [ 127.08262127622389, 37.510409359313577 ], [ 127.082545845494764, 37.510732418474774 ], [ 127.082578911648596, 37.510768976262725 ], [ 127.082701758314414, 37.510782569032067 ], [ 127.082783041542115, 37.510433394857003 ], [ 127.08262127622389, 37.510409359313577 ] ] ], [ [ [ 127.084109525072407, 37.510336428589319 ], [ 127.083820953604672, 37.510287435564308 ], [ 127.083708459310103, 37.510740535142254 ], [ 127.083745368930153, 37.510774657237533 ], [ 127.083981816249434, 37.510765707692102 ], [ 127.084007403798978, 37.510748075337744 ], [ 127.084109525072407, 37.510336428589319 ] ] ], [ [ [ 127.082300855374982, 37.510622844845436 ], [ 127.082495517043895, 37.510651633563995 ], [ 127.082527063013274, 37.510516552496355 ], [ 127.082332413003385, 37.510487772830963 ], [ 127.082300855374982, 37.510622844845436 ] ] ], [ [ [ 127.084317655941732, 37.51075299396026 ], [ 127.084360490203167, 37.510723591429915 ], [ 127.08437859669759, 37.510650525902328 ], [ 127.084234157513549, 37.510626011895816 ], [ 127.084201615168439, 37.510757391015602 ], [ 127.084317655941732, 37.51075299396026 ] ] ], [ [ [ 127.082850901846484, 37.511994865744498 ], [ 127.082232459218901, 37.51201826535641 ], [ 127.082244322493239, 37.512216296321277 ], [ 127.082862314322853, 37.512192896957743 ], [ 127.082850901846484, 37.511994865744498 ] ] ], [ [ [ 127.09640239880396, 37.499532890242406 ], [ 127.096204845812906, 37.499542139818764 ], [ 127.096212105555651, 37.499640252739496 ], [ 127.096409647484023, 37.499630994149939 ], [ 127.09640239880396, 37.499532890242406 ] ] ], [ [ [ 127.096646939493823, 37.500156355725686 ], [ 127.096615985701689, 37.499736154960516 ], [ 127.09634465777691, 37.499748860898357 ], [ 127.096375836163475, 37.5001690074943 ], [ 127.096646939493823, 37.500156355725686 ] ] ], [ [ [ 127.097144082475182, 37.500372464283586 ], [ 127.096944913861108, 37.500357939057217 ], [ 127.096955962027266, 37.500508486963845 ], [ 127.097153426870634, 37.500499137093193 ], [ 127.097144082475182, 37.500372464283586 ] ] ], [ [ [ 127.097006905748316, 37.501198790716387 ], [ 127.097204157531067, 37.501189440933267 ], [ 127.097172506468823, 37.500757347776549 ], [ 127.096975063565992, 37.500766697661312 ], [ 127.097006905748316, 37.501198790716387 ] ] ], [ [ [ 127.096516495122714, 37.501078722620079 ], [ 127.096529116307053, 37.501248550646608 ], [ 127.09672675290382, 37.501239291450929 ], [ 127.096714210436602, 37.501069463382059 ], [ 127.096516495122714, 37.501078722620079 ] ] ], [ [ [ 127.097016825683212, 37.501333481938282 ], [ 127.097028690628179, 37.501494660931733 ], [ 127.097227636142165, 37.501509222233082 ], [ 127.097214055200851, 37.50132413215664 ], [ 127.097016825683212, 37.501333481938282 ] ] ], [ [ [ 127.096356492052877, 37.501595033077471 ], [ 127.09636980427635, 37.501774951731193 ], [ 127.096764933102293, 37.501756343558917 ], [ 127.096749306528508, 37.501544711677951 ], [ 127.096393995614804, 37.501561305630823 ], [ 127.096356492052877, 37.501595033077471 ] ] ], [ [ [ 127.095172734810703, 37.502383539944418 ], [ 127.095133733770751, 37.502142553858931 ], [ 127.094955570329063, 37.502171013279607 ], [ 127.09491532460541, 37.502010550303694 ], [ 127.094777040923319, 37.502032634893396 ], [ 127.094817173304932, 37.502193125035447 ], [ 127.094841811132952, 37.502189177223059 ], [ 127.094898411178335, 37.502414210837337 ], [ 127.095172734810703, 37.502383539944418 ] ] ], [ [ [ 127.097077597468569, 37.502156314443354 ], [ 127.097272646903278, 37.502306713293187 ], [ 127.097652092369628, 37.502323343890694 ], [ 127.09767099408316, 37.502158905362734 ], [ 127.097273551962402, 37.502129846629444 ], [ 127.097258718584143, 37.501929476664259 ], [ 127.097061544025948, 37.501938826475893 ], [ 127.097077597468569, 37.502156314443354 ] ] ], [ [ [ 127.096363498367808, 37.502306095203004 ], [ 127.096608223577149, 37.502301213282038 ], [ 127.096700824997939, 37.50222227434417 ], [ 127.096506489554017, 37.502071991102994 ], [ 127.096348962010154, 37.502079361684217 ], [ 127.096363498367808, 37.502306095203004 ] ] ], [ [ [ 127.098823133116525, 37.50212695865595 ], [ 127.098822820448774, 37.502260757132746 ], [ 127.09896322878339, 37.502281643665413 ], [ 127.099001580771684, 37.502118252057542 ], [ 127.098866636126431, 37.502098180975864 ], [ 127.098823133116525, 37.50212695865595 ] ] ], [ [ [ 127.095748539230243, 37.50233469846264 ], [ 127.096180636062527, 37.502312188459754 ], [ 127.096165651096854, 37.502087996092591 ], [ 127.095732648044248, 37.502108299318088 ], [ 127.095748539230243, 37.50233469846264 ] ] ], [ [ [ 127.097877056170788, 37.502200805068092 ], [ 127.097861442426165, 37.502336147717813 ], [ 127.098066271886196, 37.502351297463534 ], [ 127.098087358355798, 37.50217161219657 ], [ 127.098008298523453, 37.502164955350793 ], [ 127.098001924221322, 37.502212073748439 ], [ 127.097877056170788, 37.502200805068092 ] ] ], [ [ [ 127.094167237588138, 37.502296935975878 ], [ 127.093914865708555, 37.502337318147241 ], [ 127.093931511945371, 37.502391617293078 ], [ 127.093706478009665, 37.502435230233381 ], [ 127.093755837051816, 37.502596028874898 ], [ 127.094440238632771, 37.502476740979304 ], [ 127.094345997830544, 37.502101468260157 ], [ 127.094127095209686, 37.502136427603062 ], [ 127.094167237588138, 37.502296935975878 ] ] ], [ [ [ 127.099886806004832, 37.502418992233856 ], [ 127.099668370915055, 37.502386503726903 ], [ 127.099628569899508, 37.50255642898226 ], [ 127.09984349932742, 37.502597335801156 ], [ 127.099886806004832, 37.502418992233856 ] ] ], [ [ [ 127.0964286968278, 37.502619473043964 ], [ 127.096131163140797, 37.502629766847058 ], [ 127.09614333727265, 37.502777403646633 ], [ 127.096440412511654, 37.502761848352634 ], [ 127.0964286968278, 37.502619473043964 ] ] ], [ [ [ 127.098243464267071, 37.502684062292438 ], [ 127.097312404420322, 37.502620949190849 ], [ 127.097125662411614, 37.502777874128704 ], [ 127.097144625952353, 37.50301563215541 ], [ 127.097536424872061, 37.50299702409864 ], [ 127.097524272282897, 37.502833052338104 ], [ 127.098213089116541, 37.502895740603947 ], [ 127.098243464267071, 37.502684062292438 ] ] ], [ [ [ 127.09663525319381, 37.502854431364078 ], [ 127.096649794302067, 37.502887999851531 ], [ 127.096850295194216, 37.502877747045005 ], [ 127.096840067851872, 37.502750264076901 ], [ 127.096797368322015, 37.50271806081296 ], [ 127.09663525319381, 37.502854431364078 ] ] ], [ [ [ 127.094795673314763, 37.502746715241891 ], [ 127.094823914870162, 37.50289396106907 ], [ 127.095070074092092, 37.50285844726821 ], [ 127.095037880690484, 37.50271670972581 ], [ 127.094795673314763, 37.502746715241891 ] ] ], [ [ [ 127.094593961851615, 37.502774751216833 ], [ 127.093844529694962, 37.5029035423089 ], [ 127.093895270537843, 37.503028804437541 ], [ 127.094622306103133, 37.502923042168511 ], [ 127.094593961851615, 37.502774751216833 ] ] ], [ [ [ 127.100224933910397, 37.50300661140804 ], [ 127.099875487525679, 37.50292923684141 ], [ 127.09983195883207, 37.503111004366218 ], [ 127.100190650980664, 37.503166567186213 ], [ 127.100224933910397, 37.50300661140804 ] ] ], [ [ [ 127.103045803415256, 37.503330291932301 ], [ 127.103134846259806, 37.503358416607874 ], [ 127.103221173073948, 37.503185071411522 ], [ 127.103132096572807, 37.503157018908844 ], [ 127.103045803415256, 37.503330291932301 ] ] ], [ [ [ 127.103861200656439, 37.503349130993875 ], [ 127.103920107879333, 37.503230787931486 ], [ 127.103716813865944, 37.503166551634543 ], [ 127.103655684947725, 37.503289680816778 ], [ 127.103861200656439, 37.503349130993875 ] ] ], [ [ [ 127.101051947490973, 37.503489933599745 ], [ 127.101125600607958, 37.503341477165698 ], [ 127.101277775359861, 37.503389371947847 ], [ 127.101318966660997, 37.503306319208576 ], [ 127.100959275566908, 37.503197917128482 ], [ 127.100846573795167, 37.503425315698486 ], [ 127.101051947490973, 37.503489933599745 ] ] ], [ [ [ 127.096920106873554, 37.503748325007329 ], [ 127.096722395946713, 37.503757674685822 ], [ 127.096731336779015, 37.503869571416068 ], [ 127.096929070733253, 37.503860311803841 ], [ 127.096920106873554, 37.503748325007329 ] ] ], [ [ [ 127.097606832547214, 37.503946888959717 ], [ 127.097593113855979, 37.503761294557869 ], [ 127.097399486374499, 37.503771182647192 ], [ 127.097413747787755, 37.503957046930303 ], [ 127.097606832547214, 37.503946888959717 ] ] ], [ [ [ 127.103478305428069, 37.504185326786036 ], [ 127.103622337120584, 37.504230702773455 ], [ 127.10370691566547, 37.504060899680333 ], [ 127.103562895422982, 37.504015424674918 ], [ 127.103478305428069, 37.504185326786036 ] ] ], [ [ [ 127.104209262184398, 37.504219327998854 ], [ 127.104013998729158, 37.504157833288019 ], [ 127.103838403773935, 37.504436844311684 ], [ 127.104014595134814, 37.504511384285522 ], [ 127.104209262184398, 37.504219327998854 ] ] ], [ [ [ 127.096769717863154, 37.504347790123219 ], [ 127.096818903496455, 37.504962140816481 ], [ 127.097016503687286, 37.504952160367772 ], [ 127.096966339763924, 37.504325737176636 ], [ 127.096769717863154, 37.504347790123219 ] ] ], [ [ [ 127.097276330973529, 37.504660116877957 ], [ 127.097293110518692, 37.504869585246333 ], [ 127.097483546234244, 37.504864385112612 ], [ 127.09746739949351, 37.504654916257422 ], [ 127.097276330973529, 37.504660116877957 ] ] ], [ [ [ 127.097029915249664, 37.505119554894982 ], [ 127.09683230330991, 37.505129535375524 ], [ 127.096825247070882, 37.505041333395852 ], [ 127.096627544718089, 37.505051223507131 ], [ 127.096644241086878, 37.50525889002629 ], [ 127.096841876012547, 37.505248909841775 ], [ 127.096845909850813, 37.505299362455084 ], [ 127.097043510926611, 37.505289381960594 ], [ 127.097029915249664, 37.505119554894982 ] ] ], [ [ [ 127.097528869941243, 37.505452078070491 ], [ 127.097500588596674, 37.505084304803383 ], [ 127.097310924486266, 37.505091937032759 ], [ 127.097340908713576, 37.505465466338784 ], [ 127.097528869941243, 37.505452078070491 ] ] ], [ [ [ 127.098410808080729, 37.505730027540238 ], [ 127.098703583630964, 37.505756627759361 ], [ 127.098703723861107, 37.50562923559724 ], [ 127.098664546873565, 37.505594219014867 ], [ 127.098433236082343, 37.50557316348376 ], [ 127.098410808080729, 37.505730027540238 ] ] ], [ [ [ 127.096672647703684, 37.505612779015848 ], [ 127.096686035199696, 37.505779542884625 ], [ 127.096882581779909, 37.505757544201309 ], [ 127.096870159266075, 37.505602888983233 ], [ 127.096672647703684, 37.505612779015848 ] ] ], [ [ [ 127.098123586412314, 37.505844329062626 ], [ 127.098143652120498, 37.505705640116673 ], [ 127.097802454201698, 37.505674491908486 ], [ 127.097810571605933, 37.505786650479919 ], [ 127.097849745286041, 37.505819324753503 ], [ 127.098123586412314, 37.505844329062626 ] ] ], [ [ [ 127.098816493446535, 37.50589971233731 ], [ 127.098852503584084, 37.505934461177425 ], [ 127.098994005985801, 37.505956454982055 ], [ 127.099023799322438, 37.505802549024438 ], [ 127.09881673281663, 37.505770428001739 ], [ 127.098816493446535, 37.50589971233731 ] ] ], [ [ [ 127.096916357870114, 37.506179400019199 ], [ 127.09711409789189, 37.506170140092671 ], [ 127.097086458786094, 37.505825711097685 ], [ 127.096889810323063, 37.505847728222221 ], [ 127.096916357870114, 37.506179400019199 ] ] ], [ [ [ 127.100044645352483, 37.506177282829782 ], [ 127.100434621400055, 37.506342353037809 ], [ 127.100521282173446, 37.506200472449535 ], [ 127.100442058021002, 37.506166949632274 ], [ 127.100533233708077, 37.506026984374913 ], [ 127.100401208838207, 37.505971088955221 ], [ 127.100309998995385, 37.506111018100768 ], [ 127.100075925786598, 37.50601194171503 ], [ 127.100044645352483, 37.506177282829782 ] ] ], [ [ [ 127.101313969297223, 37.506536165829459 ], [ 127.101406852641446, 37.506396991342463 ], [ 127.101099402873714, 37.506266768460812 ], [ 127.101046607284246, 37.506282760609096 ], [ 127.100991513989584, 37.506399693413549 ], [ 127.101313969297223, 37.506536165829459 ] ] ], [ [ [ 127.095932429491725, 37.506467969098715 ], [ 127.095957169305535, 37.506624722881284 ], [ 127.096434918941895, 37.506551899788128 ], [ 127.096397287467809, 37.50639713865344 ], [ 127.095932429491725, 37.506467969098715 ] ] ], [ [ [ 127.094832982191903, 37.506635617324044 ], [ 127.09450483186248, 37.506685629161275 ], [ 127.094542007293725, 37.506840481352043 ], [ 127.095208711806166, 37.506738772455186 ], [ 127.095126092561642, 37.506430354442017 ], [ 127.094787325434311, 37.506482015292846 ], [ 127.094832982191903, 37.506635617324044 ] ] ], [ [ [ 127.101402077498193, 37.506573464737173 ], [ 127.101313629853266, 37.5067144825139 ], [ 127.101458489351714, 37.506775799062375 ], [ 127.101547083968342, 37.506634889174009 ], [ 127.101402077498193, 37.506573464737173 ] ] ], [ [ [ 127.094226181396067, 37.506888653683646 ], [ 127.094376009369242, 37.506865821860387 ], [ 127.0943388342681, 37.506710969617586 ], [ 127.09415869049424, 37.506738411249188 ], [ 127.094226181396067, 37.506888653683646 ] ] ], [ [ [ 127.101980521831933, 37.506996713297355 ], [ 127.102155687590283, 37.507070824402149 ], [ 127.102271751087741, 37.506886399431082 ], [ 127.10209449766981, 37.50681553386385 ], [ 127.101980521831933, 37.506996713297355 ] ] ], [ [ [ 127.10309139641484, 37.507432855166819 ], [ 127.103268338783636, 37.507222770524073 ], [ 127.103254594453787, 37.507179083992227 ], [ 127.102712526989578, 37.506949714176343 ], [ 127.102619882994532, 37.507088961550743 ], [ 127.102527054738189, 37.507049730447036 ], [ 127.102438484047937, 37.507190604999217 ], [ 127.103036557803577, 37.507443804373402 ], [ 127.10309139641484, 37.507432855166819 ] ] ], [ [ [ 127.103820334064821, 37.507596910428575 ], [ 127.103727317929739, 37.507736032838039 ], [ 127.104040108115299, 37.507868298480467 ], [ 127.104095174199557, 37.507858159508686 ], [ 127.104190487657078, 37.507753470929877 ], [ 127.103820334064821, 37.507596910428575 ] ] ], [ [ [ 127.100632742203445, 37.517989198378729 ], [ 127.100514602547136, 37.518142187404379 ], [ 127.100665982499635, 37.518216689904015 ], [ 127.100784291315151, 37.518063457318021 ], [ 127.100632742203445, 37.517989198378729 ] ] ], [ [ [ 127.110860428853471, 37.500514455951972 ], [ 127.111021163109839, 37.500607560396929 ], [ 127.111099645586833, 37.500521280110249 ], [ 127.110938866261705, 37.50042822987227 ], [ 127.110860428853471, 37.500514455951972 ] ] ], [ [ [ 127.110609477624422, 37.500790330350576 ], [ 127.110452634975232, 37.500962736930049 ], [ 127.110613313248692, 37.501055914054007 ], [ 127.110770200853253, 37.500883435142619 ], [ 127.110609477624422, 37.500790330350576 ] ] ], [ [ [ 127.111201546371476, 37.501546773775807 ], [ 127.111226833515317, 37.501593151698444 ], [ 127.111336154408136, 37.501644316918679 ], [ 127.111390422666162, 37.501479383804138 ], [ 127.111234532357372, 37.501444479858144 ], [ 127.111201546371476, 37.501546773775807 ] ] ], [ [ [ 127.110046118149498, 37.501679449668714 ], [ 127.109885902015222, 37.501585649671043 ], [ 127.109922146750691, 37.501545882400585 ], [ 127.109641440534062, 37.501457472419716 ], [ 127.109520910581836, 37.501710312646132 ], [ 127.10974085992234, 37.501779587323433 ], [ 127.110012301132627, 37.501716628882228 ], [ 127.110046118149498, 37.501679449668714 ] ] ], [ [ [ 127.110844268907798, 37.501569756039679 ], [ 127.110719164323513, 37.50170727395917 ], [ 127.11076853626416, 37.50173578995107 ], [ 127.110892658438729, 37.501599318047361 ], [ 127.110844268907798, 37.501569756039679 ] ] ], [ [ [ 127.110781433254999, 37.501940728056383 ], [ 127.110643334346662, 37.501861108362675 ], [ 127.110598960501619, 37.501909983438857 ], [ 127.110559447020506, 37.501887134565827 ], [ 127.110569722709371, 37.501915263250524 ], [ 127.110724901700891, 37.502004859310169 ], [ 127.110781433254999, 37.501940728056383 ] ] ], [ [ [ 127.110203543194189, 37.502273891584068 ], [ 127.110079249246624, 37.502410525087051 ], [ 127.110239081880522, 37.502503640402537 ], [ 127.110363488651629, 37.502366916529894 ], [ 127.110203543194189, 37.502273891584068 ] ] ], [ [ [ 127.11085271183714, 37.502435030715972 ], [ 127.110949062678046, 37.50250990453624 ], [ 127.111030965761444, 37.502449011276468 ], [ 127.111102644204237, 37.502356502414706 ], [ 127.110977277443141, 37.502314992532206 ], [ 127.11085271183714, 37.502435030715972 ] ] ], [ [ [ 127.109235358340158, 37.502570594010379 ], [ 127.109413536384437, 37.502374635538509 ], [ 127.109254325720684, 37.502280590508086 ], [ 127.109075582796891, 37.502477089856157 ], [ 127.109235358340158, 37.502570594010379 ] ] ], [ [ [ 127.110925760310906, 37.502738779600136 ], [ 127.111008275514934, 37.502632205195312 ], [ 127.11086990048382, 37.502589175560061 ], [ 127.110757288142452, 37.502515136622378 ], [ 127.110635687290127, 37.502590203023921 ], [ 127.110661170983434, 37.502616218323993 ], [ 127.110925760310906, 37.502738779600136 ] ] ], [ [ [ 127.109667928796355, 37.502862671742754 ], [ 127.109827761755852, 37.50295569750719 ], [ 127.109940856097836, 37.502831409221663 ], [ 127.109780966769463, 37.50273841969976 ], [ 127.109667928796355, 37.502862671742754 ] ] ], [ [ [ 127.108700027704373, 37.503158982069181 ], [ 127.108768545065843, 37.503083668540548 ], [ 127.108608520924349, 37.502990668547682 ], [ 127.108540003473792, 37.503065972974831 ], [ 127.108700027704373, 37.503158982069181 ] ] ], [ [ [ 127.109454486908149, 37.503097306606762 ], [ 127.10938300057559, 37.503175893865851 ], [ 127.109543748778634, 37.503268135305568 ], [ 127.109580434779005, 37.503227818138498 ], [ 127.1095735786718, 37.503178900225073 ], [ 127.109454486908149, 37.503097306606762 ] ] ], [ [ [ 127.10817236116209, 37.503257722461932 ], [ 127.108074808285153, 37.503227041416125 ], [ 127.107980525268943, 37.503404424782019 ], [ 127.108151153261687, 37.503462475351505 ], [ 127.10842768675073, 37.50315849903663 ], [ 127.108249247114244, 37.503102293956765 ], [ 127.10817236116209, 37.503257722461932 ] ] ], [ [ [ 127.108920034041972, 37.503984087255574 ], [ 127.108714976436104, 37.504209522942332 ], [ 127.108808929033657, 37.504275949302901 ], [ 127.109050100405568, 37.504076059914681 ], [ 127.108920034041972, 37.503984087255574 ] ] ], [ [ [ 127.107866799226215, 37.504074959685219 ], [ 127.10770674011502, 37.503981931488717 ], [ 127.107509029887112, 37.504199258510234 ], [ 127.107688838898596, 37.504270636267471 ], [ 127.107866799226215, 37.504074959685219 ] ] ], [ [ [ 127.105534146440661, 37.504104246723401 ], [ 127.10544154344926, 37.504283086177857 ], [ 127.10567485719389, 37.504363429897175 ], [ 127.105818047905402, 37.50419329429802 ], [ 127.105534146440661, 37.504104246723401 ] ] ], [ [ [ 127.105816719638895, 37.506327848859499 ], [ 127.106178000427647, 37.505930784114092 ], [ 127.106017544138638, 37.505838141440293 ], [ 127.105656195047899, 37.506235178731814 ], [ 127.105816719638895, 37.506327848859499 ] ] ], [ [ [ 127.106730696508407, 37.506091544674582 ], [ 127.106408816260682, 37.506444535367528 ], [ 127.106552268501446, 37.506556311783754 ], [ 127.106891040842982, 37.506183988255302 ], [ 127.106730696508407, 37.506091544674582 ] ] ], [ [ [ 127.10534991952315, 37.506573853948503 ], [ 127.105084721348263, 37.506865235036862 ], [ 127.105246884489247, 37.506956435866336 ], [ 127.105512082342344, 37.506665045408987 ], [ 127.10534991952315, 37.506573853948503 ] ] ], [ [ [ 127.105991728683478, 37.507172559438203 ], [ 127.106333069888578, 37.506797343072257 ], [ 127.106172160829544, 37.506705899351616 ], [ 127.105832163371218, 37.507079861685895 ], [ 127.105991728683478, 37.507172559438203 ] ] ], [ [ [ 127.109361594979418, 37.506920666646273 ], [ 127.109206683823018, 37.506787280162044 ], [ 127.109002190825379, 37.506953718425834 ], [ 127.109165032315701, 37.507080682847523 ], [ 127.109361594979418, 37.506920666646273 ] ] ], [ [ [ 127.109342031586579, 37.507315771810624 ], [ 127.109582425585685, 37.507120035741131 ], [ 127.10945343587602, 37.507002303223203 ], [ 127.10924187118772, 37.507174568799286 ], [ 127.109342031586579, 37.507315771810624 ] ] ], [ [ [ 127.104478251262833, 37.507038729635688 ], [ 127.104385237039963, 37.507177852573641 ], [ 127.104663182469494, 37.507295442641194 ], [ 127.104780481594815, 37.50716657864092 ], [ 127.104478251262833, 37.507038729635688 ] ] ], [ [ [ 127.109599743934083, 37.507678998580531 ], [ 127.109904077743607, 37.507431215810747 ], [ 127.109742680305587, 37.507271797172791 ], [ 127.109468915515151, 37.507494611999761 ], [ 127.109599743934083, 37.507678998580531 ] ] ], [ [ [ 127.110112092837895, 37.507916572156127 ], [ 127.110252701135906, 37.508089254065659 ], [ 127.110426406682194, 37.507999444834056 ], [ 127.110263950189875, 37.507813268285844 ], [ 127.110112092837895, 37.507916572156127 ] ] ], [ [ [ 127.105052646603212, 37.508413158372576 ], [ 127.105187232780779, 37.508303632258183 ], [ 127.105072164116251, 37.508213912780505 ], [ 127.104958003345047, 37.508339350510944 ], [ 127.105052646603212, 37.508413158372576 ] ] ], [ [ [ 127.110489277642131, 37.508379517532923 ], [ 127.110639631710953, 37.508564083137585 ], [ 127.110808139172647, 37.508476981144284 ], [ 127.110597829101366, 37.50820633580706 ], [ 127.110422224742805, 37.508297219224815 ], [ 127.110407903280802, 37.508279681003586 ], [ 127.110270046195367, 37.508351157956284 ], [ 127.110351284742762, 37.508451003714505 ], [ 127.110489277642131, 37.508379517532923 ] ] ], [ [ [ 127.111178305444113, 37.509008136236751 ], [ 127.110942775345464, 37.509128007043316 ], [ 127.110928248666596, 37.509171538651543 ], [ 127.111035481063553, 37.509334069232303 ], [ 127.111173949219719, 37.509277538369538 ], [ 127.111428027960613, 37.50968976961228 ], [ 127.111303643489535, 37.509740548331045 ], [ 127.111524153895317, 37.510074775192976 ], [ 127.11097356376969, 37.510299013157287 ], [ 127.111065269166247, 37.510438681757158 ], [ 127.111228596411479, 37.510372198799395 ], [ 127.111320313960221, 37.510512056397232 ], [ 127.111707567032809, 37.510354453849459 ], [ 127.111565869702005, 37.510138526911611 ], [ 127.111819150510058, 37.510035766258156 ], [ 127.111178305444113, 37.509008136236751 ] ] ], [ [ [ 127.110073494700899, 37.511019460795204 ], [ 127.11050564053852, 37.510843638821022 ], [ 127.110414839869037, 37.510703518463629 ], [ 127.110512855056754, 37.510663640051639 ], [ 127.110421738463288, 37.510523907415191 ], [ 127.110280045790745, 37.510581701750382 ], [ 127.110371908040648, 37.510720992319349 ], [ 127.110188571483803, 37.510795601469113 ], [ 127.110101580805107, 37.510653900620049 ], [ 127.109981534275718, 37.510702754829396 ], [ 127.110070774227466, 37.51084352567225 ], [ 127.109980320855428, 37.51088033338484 ], [ 127.110073494700899, 37.511019460795204 ] ] ], [ [ [ 127.109926883482672, 37.511079151315535 ], [ 127.109838559175046, 37.510938037151277 ], [ 127.109801629453642, 37.510953081614183 ], [ 127.109713520247794, 37.510811841016405 ], [ 127.109140978101522, 37.511044821179915 ], [ 127.109368695943559, 37.511306262920307 ], [ 127.109926883482672, 37.511079151315535 ] ] ], [ [ [ 127.110852990660277, 37.511056187310515 ], [ 127.109669642461768, 37.511537868259268 ], [ 127.109397216438794, 37.511648750737834 ], [ 127.109485099824155, 37.511789991757489 ], [ 127.109544445827694, 37.511765790792701 ], [ 127.109632193965183, 37.511907076873406 ], [ 127.109858816796446, 37.511814841454054 ], [ 127.109771068340564, 37.511673555539971 ], [ 127.110108062084407, 37.511536429901682 ], [ 127.110195799676902, 37.511677697558476 ], [ 127.11030603580096, 37.51163283457872 ], [ 127.11021837716234, 37.511491521880338 ], [ 127.110940819522725, 37.511197418300675 ], [ 127.110852990660277, 37.511056187310515 ] ] ], [ [ [ 127.109104187502012, 37.511944977333648 ], [ 127.109351836600084, 37.511844182287717 ], [ 127.109263976087774, 37.511702986199069 ], [ 127.109016406472804, 37.511803753960777 ], [ 127.109104187502012, 37.511944977333648 ] ] ], [ [ [ 127.109106399343332, 37.512556112229014 ], [ 127.109004198435258, 37.512597723185081 ], [ 127.108963064214407, 37.512694527623985 ], [ 127.109123185218053, 37.512737818909251 ], [ 127.109139395244739, 37.512699592883656 ], [ 127.109184521474702, 37.512681207474394 ], [ 127.109106399343332, 37.512556112229014 ] ] ], [ [ [ 127.108697121639722, 37.512731628985492 ], [ 127.108584798483776, 37.512995921011232 ], [ 127.108744795701654, 37.513039357078561 ], [ 127.108857107085711, 37.512775091943524 ], [ 127.108697121639722, 37.512731628985492 ] ] ], [ [ [ 127.109321051763729, 37.512860615498248 ], [ 127.109256797699217, 37.513011951413034 ], [ 127.109437049139672, 37.51306053077645 ], [ 127.109500058693641, 37.512909195902701 ], [ 127.109321051763729, 37.512860615498248 ] ] ], [ [ [ 127.108973888558197, 37.513088964988874 ], [ 127.109034897005657, 37.512945479862303 ], [ 127.108874787061595, 37.512902287558674 ], [ 127.108772948121015, 37.513141945996061 ], [ 127.108933103775257, 37.51318514740408 ], [ 127.108923781096919, 37.513207059102335 ], [ 127.109083823829536, 37.513250233378173 ], [ 127.109134021592624, 37.513132166145482 ], [ 127.108973888558197, 37.513088964988874 ] ] ], [ [ [ 127.109210218688588, 37.51312145593571 ], [ 127.10916348187618, 37.513231438109905 ], [ 127.109443761043067, 37.51330722645347 ], [ 127.109430888653336, 37.513338223477319 ], [ 127.109731591926831, 37.513419056075179 ], [ 127.109797705526134, 37.513263465505815 ], [ 127.109655911551698, 37.513035445101423 ], [ 127.109537302095504, 37.513087559133268 ], [ 127.109490293389626, 37.513196892968345 ], [ 127.109210218688588, 37.51312145593571 ] ] ], [ [ [ 127.108918017893629, 37.513787026651308 ], [ 127.109162227210106, 37.513869966314537 ], [ 127.109247173553484, 37.513713304735276 ], [ 127.109293910569022, 37.513729200725862 ], [ 127.109386223451565, 37.513575019071453 ], [ 127.109240897737209, 37.513525641943566 ], [ 127.109148607186071, 37.51367978742563 ], [ 127.109002964641377, 37.513630356234806 ], [ 127.108918017893629, 37.513787026651308 ] ] ], [ [ [ 127.108433208331007, 37.513866447782668 ], [ 127.10834816943175, 37.514022973707917 ], [ 127.108458957657149, 37.514060625201886 ], [ 127.108544018912056, 37.513904045117954 ], [ 127.108433208331007, 37.513866447782668 ] ] ], [ [ [ 127.109084205307042, 37.513902248004136 ], [ 127.108999382675222, 37.514058801229417 ], [ 127.109135757921649, 37.51410515044693 ], [ 127.109220489781194, 37.513948561168029 ], [ 127.109084205307042, 37.513902248004136 ] ] ], [ [ [ 127.108474997800315, 37.514124851709163 ], [ 127.108303289833842, 37.514437472536706 ], [ 127.108704008576481, 37.51457361051834 ], [ 127.108873429261308, 37.514260225348451 ], [ 127.108474997800315, 37.514124851709163 ] ] ], [ [ [ 127.110478503494193, 37.514584060349563 ], [ 127.110354062546691, 37.514633135201073 ], [ 127.110431588842303, 37.514757815665511 ], [ 127.110556063918168, 37.514708767731669 ], [ 127.110478503494193, 37.514584060349563 ] ] ], [ [ [ 127.110939226624239, 37.515297403548502 ], [ 127.110995701665601, 37.515164634506611 ], [ 127.110807050155387, 37.515115281448509 ], [ 127.110743260928757, 37.515266617682904 ], [ 127.110887674434636, 37.515315741510818 ], [ 127.110939226624239, 37.515297403548502 ] ] ], [ [ [ 127.11087295399183, 37.527474323243013 ], [ 127.111024486898629, 37.527432286617788 ], [ 127.111083257124676, 37.527393038868595 ], [ 127.111212186880806, 37.527366790365626 ], [ 127.111291276082881, 37.527297340335281 ], [ 127.111438262720227, 37.527241341994014 ], [ 127.111899034539078, 37.527145334811934 ], [ 127.111951674566086, 37.527107515928805 ], [ 127.112277379348626, 37.527034230414905 ], [ 127.112879120027458, 37.52696158505703 ], [ 127.112915239641879, 37.526906590349398 ], [ 127.11289706933249, 37.526859755786454 ], [ 127.111503345563264, 37.525337480417768 ], [ 127.111035484174309, 37.524894625867304 ], [ 127.110874071301197, 37.524821866945551 ], [ 127.10723051074369, 37.524833581451439 ], [ 127.107156551310837, 37.524883445592806 ], [ 127.106471271376506, 37.525847787252658 ], [ 127.106463994317636, 37.525902213781528 ], [ 127.106489745482932, 37.525953006982597 ], [ 127.107717389549492, 37.527296283115703 ], [ 127.108318703683267, 37.527872106861345 ], [ 127.108495881045101, 37.52796159542725 ], [ 127.108812560898599, 37.528059156125224 ], [ 127.109054723001307, 37.528102183603337 ], [ 127.109270788794788, 37.528092075746379 ], [ 127.109387846193599, 37.528068993546775 ], [ 127.110191184174312, 37.527753359692205 ], [ 127.110664898564039, 37.527545694229552 ], [ 127.110770399172921, 37.527527000169073 ], [ 127.11087295399183, 37.527474323243013 ] ] ], [ [ [ 127.118834137073861, 37.482438431000951 ], [ 127.118897698205842, 37.482089950780249 ], [ 127.118954920933746, 37.481954113061043 ], [ 127.117921296295137, 37.481578787694268 ], [ 127.117820152346624, 37.481608169829336 ], [ 127.117709872325165, 37.481797758860459 ], [ 127.117621186044275, 37.481913985078663 ], [ 127.116823372571304, 37.483277890717901 ], [ 127.1168502745099, 37.483346791029177 ], [ 127.118081457016018, 37.483805093282982 ], [ 127.118762985836227, 37.482633027735893 ], [ 127.118834137073861, 37.482438431000951 ] ] ], [ [ [ 127.120123873192398, 37.482747267941235 ], [ 127.119930273605931, 37.482652586717649 ], [ 127.119806680446501, 37.482570809525484 ], [ 127.119640593825139, 37.482428437324913 ], [ 127.119472985587919, 37.482324629249291 ], [ 127.119327923196394, 37.482538221108896 ], [ 127.119107975349706, 37.482728100907863 ], [ 127.119002344151539, 37.482852904514836 ], [ 127.118378422773532, 37.483915623042911 ], [ 127.119992800543855, 37.484516514514773 ], [ 127.120079591705675, 37.484489307336986 ], [ 127.120259949870274, 37.484144133054947 ], [ 127.120355423828542, 37.484031231777415 ], [ 127.120850162301267, 37.483086844704374 ], [ 127.120809665178044, 37.483002822214701 ], [ 127.120123873192398, 37.482747267941235 ] ] ], [ [ [ 127.118739689469436, 37.495076131295789 ], [ 127.118910360374045, 37.495168404336347 ], [ 127.119062626459851, 37.494989314529299 ], [ 127.119037129892419, 37.494883112102904 ], [ 127.118792102404811, 37.494750548313114 ], [ 127.118679455464743, 37.494883467343087 ], [ 127.118832922904019, 37.494966387167651 ], [ 127.118739689469436, 37.495076131295789 ] ] ], [ [ [ 127.117777904355123, 37.494918604929275 ], [ 127.117568736717487, 37.495151349425619 ], [ 127.117689678955244, 37.495188982424551 ], [ 127.117785107619383, 37.494962377386123 ], [ 127.117777904355123, 37.494918604929275 ] ] ], [ [ [ 127.117351959663026, 37.495297704207665 ], [ 127.117385425072044, 37.495293346596469 ], [ 127.117476186624742, 37.495192435756401 ], [ 127.117369907603063, 37.495130551286501 ], [ 127.11726435652713, 37.495247153919664 ], [ 127.117351959663026, 37.495297704207665 ] ] ], [ [ [ 127.120786471811144, 37.497714910351483 ], [ 127.120580367054032, 37.497603664710653 ], [ 127.120483972105532, 37.49771692724719 ], [ 127.120689851147787, 37.497828353481367 ], [ 127.120786471811144, 37.497714910351483 ] ] ], [ [ [ 127.12087718070066, 37.498008273989399 ], [ 127.120908942969919, 37.498141049085483 ], [ 127.121127047997987, 37.498259309781425 ], [ 127.121231005457417, 37.498137299381845 ], [ 127.120915219495103, 37.497963636122073 ], [ 127.12087718070066, 37.498008273989399 ] ] ], [ [ [ 127.120853021654327, 37.498531688450775 ], [ 127.120731801727075, 37.498466037942727 ], [ 127.120620619211692, 37.498596704766783 ], [ 127.120741839253427, 37.498662355387253 ], [ 127.120853021654327, 37.498531688450775 ] ] ], [ [ [ 127.116575842007805, 37.498736764022553 ], [ 127.116736670920176, 37.498823103136573 ], [ 127.116864567277631, 37.498672871982691 ], [ 127.116724449260076, 37.498596874328847 ], [ 127.116691096531923, 37.498601952440303 ], [ 127.116575842007805, 37.498736764022553 ] ] ], [ [ [ 127.120333911317331, 37.498646908778547 ], [ 127.120209859352173, 37.498792364529962 ], [ 127.120402800467872, 37.498894559995669 ], [ 127.120524255524913, 37.49875180965573 ], [ 127.120333911317331, 37.498646908778547 ] ] ], [ [ [ 127.119385105172157, 37.499000600102299 ], [ 127.119239144901826, 37.499095080171934 ], [ 127.119494121545543, 37.499230867575456 ], [ 127.119656746285784, 37.499040179937445 ], [ 127.119445836718498, 37.498931072514843 ], [ 127.119385105172157, 37.499000600102299 ] ] ], [ [ [ 127.120200506167933, 37.499241972146599 ], [ 127.120256018775422, 37.499233537080798 ], [ 127.120320697476359, 37.499157517891 ], [ 127.120199477000611, 37.499091866844694 ], [ 127.120112335626629, 37.499194307773742 ], [ 127.120200506167933, 37.499241972146599 ] ] ], [ [ [ 127.112346679536756, 37.501069978014144 ], [ 127.112352231688803, 37.500847696549073 ], [ 127.112325936013818, 37.500807897094688 ], [ 127.112208118784267, 37.500746469363882 ], [ 127.112027772955457, 37.50099864740357 ], [ 127.112019324762826, 37.501036776539607 ], [ 127.112346679536756, 37.501069978014144 ] ] ], [ [ [ 127.116400507201135, 37.503649626976689 ], [ 127.116526596536275, 37.503568955091758 ], [ 127.11626321077982, 37.503427844661395 ], [ 127.116184188385915, 37.503521535059519 ], [ 127.116400507201135, 37.503649626976689 ] ] ], [ [ [ 127.119024324028061, 37.503598212185054 ], [ 127.118786807312119, 37.503383488152835 ], [ 127.118521549666198, 37.503574321204297 ], [ 127.11877229982278, 37.503782806734677 ], [ 127.119024324028061, 37.503598212185054 ] ] ], [ [ [ 127.120570395700469, 37.506637350578607 ], [ 127.12071280795692, 37.506579453046065 ], [ 127.120585718591371, 37.506386857890796 ], [ 127.120446019100243, 37.506443581244341 ], [ 127.120570395700469, 37.506637350578607 ] ] ], [ [ [ 127.119775938285756, 37.506962597662657 ], [ 127.119646348446693, 37.506761084138518 ], [ 127.119362756818461, 37.506871379145167 ], [ 127.119494953889713, 37.507077034960346 ], [ 127.119775938285756, 37.506962597662657 ] ] ], [ [ [ 127.119031465669309, 37.507000281471846 ], [ 127.119134299504964, 37.507161457631341 ], [ 127.119184596438416, 37.507140864806949 ], [ 127.119216455405009, 37.507190568114098 ], [ 127.119356043838195, 37.507133666131573 ], [ 127.119222599705736, 37.506925939111667 ], [ 127.119031465669309, 37.507000281471846 ] ] ], [ [ [ 127.117815391917048, 37.506907321702492 ], [ 127.117402523681221, 37.507075547183547 ], [ 127.117514966767587, 37.50725081593211 ], [ 127.11792785855792, 37.507082734198981 ], [ 127.117815391917048, 37.506907321702492 ] ] ], [ [ [ 127.116567128766789, 37.50741580542099 ], [ 127.116587514300249, 37.507448500772917 ], [ 127.116856009008899, 37.507519147408274 ], [ 127.117042620045837, 37.507443191200529 ], [ 127.116930268183083, 37.507267876868589 ], [ 127.116567128766789, 37.50741580542099 ] ] ], [ [ [ 127.115248135889729, 37.508183714064749 ], [ 127.115374036855542, 37.5083231932703 ], [ 127.115795197300287, 37.508081950082598 ], [ 127.11566938658963, 37.507942570342898 ], [ 127.115248135889729, 37.508183714064749 ] ] ], [ [ [ 127.116363457973591, 37.50875171374669 ], [ 127.117038896809092, 37.508476638502479 ], [ 127.116845354898601, 37.508166073733875 ], [ 127.116634741774433, 37.50824936911026 ], [ 127.116662759347975, 37.508280408182181 ], [ 127.116249736715432, 37.508516961365764 ], [ 127.116067074042377, 37.508314648560891 ], [ 127.11565610602571, 37.508550044400415 ], [ 127.115838745381325, 37.508752249735934 ], [ 127.115687061020566, 37.508839090360631 ], [ 127.115794373200444, 37.508951052598825 ], [ 127.115849469119169, 37.508961000353231 ], [ 127.116081523495623, 37.508866531250739 ], [ 127.115963952694869, 37.508680499239368 ], [ 127.116224367649309, 37.508531483044194 ], [ 127.116363457973591, 37.50875171374669 ] ] ], [ [ [ 127.114657818209707, 37.508507054101983 ], [ 127.114165108350619, 37.508789167625117 ], [ 127.114299833443113, 37.50893826219437 ], [ 127.114792848874117, 37.508655967623753 ], [ 127.114657818209707, 37.508507054101983 ] ] ], [ [ [ 127.115119373362916, 37.508857396301714 ], [ 127.115287930659761, 37.50904461442115 ], [ 127.115631111093521, 37.508869877427898 ], [ 127.115442089288749, 37.50867262440412 ], [ 127.115119373362916, 37.508857396301714 ] ] ], [ [ [ 127.11385299968741, 37.50919411157895 ], [ 127.114150892985108, 37.509023557520742 ], [ 127.114016314972531, 37.508874399573834 ], [ 127.113718410635926, 37.509044944297329 ], [ 127.11385299968741, 37.50919411157895 ] ] ], [ [ [ 127.113484828758089, 37.509042922442354 ], [ 127.113312676553093, 37.509134464598525 ], [ 127.113381314551205, 37.509237987238208 ], [ 127.113565627179213, 37.509132486017222 ], [ 127.113484828758089, 37.509042922442354 ] ] ], [ [ [ 127.114402679119834, 37.509495340452922 ], [ 127.114650410509427, 37.509369225185196 ], [ 127.114505758995747, 37.509208742911497 ], [ 127.114267374464674, 37.509345228442605 ], [ 127.114402679119834, 37.509495340452922 ] ] ], [ [ [ 127.11201376344701, 37.509326598957699 ], [ 127.111858043639018, 37.509388084382529 ], [ 127.111949081020057, 37.509534591508015 ], [ 127.11210488017592, 37.509473069850401 ], [ 127.11201376344701, 37.509326598957699 ] ] ], [ [ [ 127.114271354059596, 37.509562220733052 ], [ 127.114119730865042, 37.509639373560937 ], [ 127.114207171994806, 37.509752932910629 ], [ 127.114262268565412, 37.509763061602449 ], [ 127.114383117370849, 37.50970153425569 ], [ 127.114271354059596, 37.509562220733052 ] ] ], [ [ [ 127.113629920243127, 37.509922779475325 ], [ 127.11396362850391, 37.509731631164271 ], [ 127.113837195176558, 37.509591466237445 ], [ 127.113503475878247, 37.509782596186241 ], [ 127.113629920243127, 37.509922779475325 ] ] ], [ [ [ 127.11339375755, 37.509845427547411 ], [ 127.113288661045601, 37.509905623522386 ], [ 127.113386164087217, 37.510062394770848 ], [ 127.113520190613599, 37.509985683042949 ], [ 127.11339375755, 37.509845427547411 ] ] ], [ [ [ 127.113195656113817, 37.509958870297261 ], [ 127.112937174148968, 37.510106931916809 ], [ 127.113068722623979, 37.510317956360311 ], [ 127.113348169083821, 37.510204148530406 ], [ 127.113195656113817, 37.509958870297261 ] ] ], [ [ [ 127.113266838039408, 37.51165465893434 ], [ 127.113461593997826, 37.51157780873595 ], [ 127.113509110976338, 37.511654249294132 ], [ 127.113704013897319, 37.511577515686447 ], [ 127.113628492181704, 37.511456006908929 ], [ 127.113433600863132, 37.511532776422321 ], [ 127.113010022662976, 37.510851032425329 ], [ 127.113203427752438, 37.51077210261586 ], [ 127.113150707652551, 37.510687278560546 ], [ 127.112957302859911, 37.510766298384112 ], [ 127.112851953908176, 37.510596704002218 ], [ 127.112658594047602, 37.510675570126217 ], [ 127.113266838039408, 37.51165465893434 ] ] ], [ [ [ 127.112107855498337, 37.510899552205686 ], [ 127.112359887953431, 37.51130520596373 ], [ 127.112557805138024, 37.511224470989077 ], [ 127.112305919161429, 37.510818979690242 ], [ 127.112107855498337, 37.510899552205686 ] ] ], [ [ [ 127.112600336212395, 37.511692327539251 ], [ 127.112664756740884, 37.51179587253506 ], [ 127.112862380265284, 37.511714767923984 ], [ 127.112798106678852, 37.511611294975935 ], [ 127.112600336212395, 37.511692327539251 ] ] ], [ [ [ 127.113721152950774, 37.511995426647175 ], [ 127.113526362270505, 37.512072295321396 ], [ 127.113586680116313, 37.512169275432576 ], [ 127.113781448378361, 37.512092415691328 ], [ 127.113721152950774, 37.511995426647175 ] ] ], [ [ [ 127.11310341611582, 37.512501569918506 ], [ 127.113200582166726, 37.512657891068898 ], [ 127.113399749420012, 37.512579315910038 ], [ 127.113302526408759, 37.512422931905675 ], [ 127.11310341611582, 37.512501569918506 ] ] ], [ [ [ 127.11358080637909, 37.512870535525138 ], [ 127.113381649975139, 37.512949192065165 ], [ 127.113519747821542, 37.513171427101838 ], [ 127.113718961183523, 37.513092743247654 ], [ 127.11358080637909, 37.512870535525138 ] ] ], [ [ [ 127.114561402804782, 37.513347030123981 ], [ 127.114362845195842, 37.513417876101315 ], [ 127.114468155987922, 37.513587261856742 ], [ 127.114662983550573, 37.513510382602135 ], [ 127.114561402804782, 37.513347030123981 ] ] ], [ [ [ 127.114852574444157, 37.513815449364195 ], [ 127.114757784452777, 37.513662911513109 ], [ 127.11456299051089, 37.513739781880126 ], [ 127.114657814123049, 37.513892310843566 ], [ 127.114852574444157, 37.513815449364195 ] ] ], [ [ [ 127.119716380516422, 37.514515982401512 ], [ 127.119318897044792, 37.514658826943645 ], [ 127.119393302202383, 37.51478885654501 ], [ 127.119796655094561, 37.51464501478268 ], [ 127.119716380516422, 37.514515982401512 ] ] ], [ [ [ 127.114116595792396, 37.520306656028097 ], [ 127.113973602749994, 37.520224441290154 ], [ 127.113730679716383, 37.520186920618627 ], [ 127.113652133101937, 37.520536851652416 ], [ 127.114320939106619, 37.520640369872162 ], [ 127.114116595792396, 37.520306656028097 ] ] ], [ [ [ 127.114865706475342, 37.524816445963232 ], [ 127.114866449441465, 37.5253075413004 ], [ 127.115072226860832, 37.525307343643249 ], [ 127.115071482409363, 37.524816158210193 ], [ 127.114865706475342, 37.524816445963232 ] ] ], [ [ [ 127.117436719023431, 37.526276048336285 ], [ 127.117529776604869, 37.526428333118439 ], [ 127.117831591574188, 37.526311339506485 ], [ 127.117738397912021, 37.526159145192715 ], [ 127.117436719023431, 37.526276048336285 ] ] ], [ [ [ 127.116344690148694, 37.52747085125516 ], [ 127.116424419027439, 37.527585461252976 ], [ 127.116586311736185, 37.52751394490889 ], [ 127.1166670840297, 37.527629986305783 ], [ 127.116780883537942, 37.527579617854748 ], [ 127.116690099768419, 37.527449287521335 ], [ 127.116621781674681, 37.527479492372798 ], [ 127.11655205263709, 37.527379189563675 ], [ 127.116344690148694, 37.52747085125516 ] ] ], [ [ [ 127.118668695869161, 37.528018526737618 ], [ 127.118745538664825, 37.527804365307034 ], [ 127.117993747659327, 37.528136377557225 ], [ 127.118080593010987, 37.528278324570316 ], [ 127.118668695869161, 37.528018526737618 ] ] ], [ [ [ 127.111543606068921, 37.529103328261186 ], [ 127.111524430326284, 37.529064963783576 ], [ 127.111413010414992, 37.529075609136413 ], [ 127.111381085810478, 37.529061132835082 ], [ 127.111417081490714, 37.529228684207915 ], [ 127.111543606068921, 37.529103328261186 ] ] ], [ [ [ 127.117914907495106, 37.53384506026682 ], [ 127.117857375336953, 37.533735412032357 ], [ 127.117776544974859, 37.533660294741374 ], [ 127.117693576769113, 37.533826096049211 ], [ 127.117776272493657, 37.533922087568591 ], [ 127.117914907495106, 37.53384506026682 ] ] ], [ [ [ 127.118667199302465, 37.539503307205329 ], [ 127.118724652070171, 37.539630920797059 ], [ 127.118677375724289, 37.539498882248239 ], [ 127.118667199302465, 37.539503307205329 ] ] ], [ [ [ 127.124703744722993, 37.482567066944554 ], [ 127.124923230544368, 37.482586389634598 ], [ 127.1249462436203, 37.48241751802211 ], [ 127.124717711411009, 37.4823970335054 ], [ 127.124660573257259, 37.482509357785609 ], [ 127.124703744722993, 37.482567066944554 ] ] ], [ [ [ 127.124747500297985, 37.482911564062825 ], [ 127.124825602366883, 37.482759123332606 ], [ 127.124570043830801, 37.482736594431422 ], [ 127.124531971335657, 37.482754654092957 ], [ 127.124493878492288, 37.482829296619407 ], [ 127.124747500297985, 37.482911564062825 ] ] ], [ [ [ 127.124257204493119, 37.4832925670474 ], [ 127.124510261847973, 37.483374565278744 ], [ 127.124628937673961, 37.483142884475484 ], [ 127.12437565469881, 37.483060796629147 ], [ 127.124257204493119, 37.4832925670474 ] ] ], [ [ [ 127.124176771286983, 37.484025794893689 ], [ 127.123924503987013, 37.483944065440284 ], [ 127.123865559584573, 37.48405954468177 ], [ 127.124117601080201, 37.484141274493474 ], [ 127.124176771286983, 37.484025794893689 ] ] ], [ [ [ 127.123842461271479, 37.484594042190821 ], [ 127.123894555978552, 37.484576598934453 ], [ 127.123939863974385, 37.484488163837192 ], [ 127.123688274058253, 37.484406613385083 ], [ 127.123628089026653, 37.484524436383957 ], [ 127.123842461271479, 37.484594042190821 ] ] ], [ [ [ 127.123538600165688, 37.484699683355103 ], [ 127.123789851853914, 37.484781324571308 ], [ 127.123838879502614, 37.484685677661517 ], [ 127.123816877119381, 37.484644164309373 ], [ 127.123602504754814, 37.484574558456863 ], [ 127.123538600165688, 37.484699683355103 ] ] ], [ [ [ 127.123465605134356, 37.485701491107555 ], [ 127.123627077272431, 37.485709072944807 ], [ 127.123638823908806, 37.485562558128926 ], [ 127.123490808044636, 37.485555593117269 ], [ 127.123435580329939, 37.485663319673094 ], [ 127.123465605134356, 37.485701491107555 ] ] ], [ [ [ 127.123901483507169, 37.486258939884237 ], [ 127.12388785597669, 37.486430504466057 ], [ 127.124042093225555, 37.48643800312685 ], [ 127.124055946834446, 37.486266618493303 ], [ 127.123901483507169, 37.486258939884237 ] ] ], [ [ [ 127.124302702201376, 37.486568107337149 ], [ 127.124345053951856, 37.486538240207175 ], [ 127.124364873729704, 37.486282065205366 ], [ 127.124210297272356, 37.486274387117682 ], [ 127.12419678292413, 37.486445591216544 ], [ 127.124042093225555, 37.48643800312685 ], [ 127.124032560497639, 37.486555052954515 ], [ 127.124302702201376, 37.486568107337149 ] ] ], [ [ [ 127.122226423818333, 37.48726870217638 ], [ 127.122419824566975, 37.487371128358184 ], [ 127.12247385039467, 37.487357828359727 ], [ 127.122515216373728, 37.487276876185661 ], [ 127.122263901340062, 37.487195340483417 ], [ 127.122226423818333, 37.48726870217638 ] ] ], [ [ [ 127.122108991910522, 37.488071883536968 ], [ 127.121858182860137, 37.487989968047877 ], [ 127.121793934265284, 37.488115722984169 ], [ 127.122044630885512, 37.488197818922337 ], [ 127.122108991910522, 37.488071883536968 ] ] ], [ [ [ 127.121786959208777, 37.488702010819459 ], [ 127.121851433879158, 37.488575895268902 ], [ 127.121601187191189, 37.488492987569501 ], [ 127.121492752257268, 37.488705373334156 ], [ 127.1215413487825, 37.488831554077592 ], [ 127.121776399443661, 37.488956644165015 ], [ 127.121927401019903, 37.488776740876723 ], [ 127.121786959208777, 37.488702010819459 ] ] ], [ [ [ 127.122064527259653, 37.489110061138312 ], [ 127.12215549082056, 37.488932381203632 ], [ 127.122138913095327, 37.488889330330345 ], [ 127.122058563417752, 37.488846614833449 ], [ 127.12190744879976, 37.489026428302317 ], [ 127.122064527259653, 37.489110061138312 ] ] ], [ [ [ 127.122278530245467, 37.48922399929323 ], [ 127.122429305008367, 37.489044095604001 ], [ 127.122283203529932, 37.488966218432573 ], [ 127.122229176220785, 37.48897933814257 ], [ 127.122141255873615, 37.489150888226071 ], [ 127.122278530245467, 37.48922399929323 ] ] ], [ [ [ 127.12270178489743, 37.489449266405991 ], [ 127.123125494818709, 37.489674801823419 ], [ 127.123276043036597, 37.48949534780138 ], [ 127.122852446314326, 37.489269542500317 ], [ 127.12270178489743, 37.489449266405991 ] ] ], [ [ [ 127.122235759594616, 37.490041979685721 ], [ 127.122156328195643, 37.490135143105569 ], [ 127.122287798599459, 37.490205088555314 ], [ 127.12236713946443, 37.490111934150846 ], [ 127.122235759594616, 37.490041979685721 ] ] ], [ [ [ 127.124647544304139, 37.49048493612424 ], [ 127.124787539557161, 37.49055939292014 ], [ 127.124931992021232, 37.490387511574184 ], [ 127.124791883576563, 37.490312874865261 ], [ 127.124647544304139, 37.49048493612424 ] ] ], [ [ [ 127.124767302570589, 37.491111997121259 ], [ 127.124905548736322, 37.490947240194238 ], [ 127.124763628595673, 37.490871704352045 ], [ 127.124625382256539, 37.491036461115421 ], [ 127.124767302570589, 37.491111997121259 ] ] ], [ [ [ 127.124384257340679, 37.493491935587159 ], [ 127.124480189846025, 37.493379391075386 ], [ 127.124273751734378, 37.493267791738148 ], [ 127.124369683972489, 37.493155157212229 ], [ 127.12446561607041, 37.493042612706525 ], [ 127.124672053845927, 37.493154211713403 ], [ 127.124767872410345, 37.493041667080931 ], [ 127.124430147786342, 37.492858935846712 ], [ 127.124046418539464, 37.493309203389614 ], [ 127.124384257340679, 37.493491935587159 ] ] ], [ [ [ 127.124865571187044, 37.493728847359435 ], [ 127.125033869794422, 37.493819852650063 ], [ 127.125132510587974, 37.493704241386546 ], [ 127.124964099190606, 37.493613326452333 ], [ 127.124865571187044, 37.493728847359435 ] ] ], [ [ [ 127.123918009677183, 37.493685323480392 ], [ 127.123822075937042, 37.49379786753201 ], [ 127.124028514987074, 37.493909557746754 ], [ 127.124124335480303, 37.493797013647331 ], [ 127.123918009677183, 37.493685323480392 ] ] ], [ [ [ 127.121898682957124, 37.493992206300021 ], [ 127.122127350946798, 37.493724015918119 ], [ 127.121986105359582, 37.49364757508917 ], [ 127.121757550320183, 37.493915855186366 ], [ 127.121898682957124, 37.493992206300021 ] ] ], [ [ [ 127.122268483597509, 37.493800366592509 ], [ 127.122039928960689, 37.494068557128244 ], [ 127.122604576753545, 37.494374049185083 ], [ 127.122833130296343, 37.494105857572855 ], [ 127.122268483597509, 37.493800366592509 ] ] ], [ [ [ 127.123420515413287, 37.494622967065062 ], [ 127.123740712544304, 37.494247189919776 ], [ 127.123402984832197, 37.494064365692353 ], [ 127.122970372333711, 37.494571983620048 ], [ 127.123142858171249, 37.494665239784801 ], [ 127.123420515413287, 37.494622967065062 ] ] ], [ [ [ 127.123784930323467, 37.494596191224026 ], [ 127.123708182500266, 37.494686370532754 ], [ 127.123917972568449, 37.494840584611524 ], [ 127.124017744873072, 37.494723531525892 ], [ 127.123784930323467, 37.494596191224026 ] ] ], [ [ [ 127.124256147639912, 37.495155673528664 ], [ 127.12392495900967, 37.494894817515636 ], [ 127.123727095507462, 37.495050895184207 ], [ 127.124057718440483, 37.495311572131911 ], [ 127.124256147639912, 37.495155673528664 ] ] ], [ [ [ 127.124363035174881, 37.496137921558947 ], [ 127.124013762783107, 37.49574725070282 ], [ 127.123985521698273, 37.495765299959004 ], [ 127.12389479551193, 37.495675023779967 ], [ 127.123880675852405, 37.495684588993242 ], [ 127.123450993108307, 37.495285305053997 ], [ 127.123179519076274, 37.495306713348761 ], [ 127.122259303537788, 37.496386603569796 ], [ 127.123618177079024, 37.497121683377173 ], [ 127.123673687875709, 37.497113336805491 ], [ 127.123818387668564, 37.496945150841384 ], [ 127.124698084278222, 37.496679433378596 ], [ 127.124555736649896, 37.496418742563421 ], [ 127.124363035174881, 37.496137921558947 ] ] ], [ [ [ 127.121286024612132, 37.496970720661729 ], [ 127.12139982488506, 37.496994301507442 ], [ 127.121735618143362, 37.496600043632057 ], [ 127.121548642255988, 37.496498871378414 ], [ 127.121489046178951, 37.496568849419369 ], [ 127.121443453615171, 37.496697828636009 ], [ 127.121306273567527, 37.496691841014979 ], [ 127.121286024612132, 37.496970720661729 ] ] ], [ [ [ 127.121963192722561, 37.497054005315618 ], [ 127.121776554936318, 37.4969530132866 ], [ 127.121560630747908, 37.497206413522754 ], [ 127.121747042995921, 37.497307586317582 ], [ 127.121963192722561, 37.497054005315618 ] ] ], [ [ [ 127.121320440252944, 37.497702476900315 ], [ 127.121290528703824, 37.497737556075236 ], [ 127.121332234830462, 37.497794366798864 ], [ 127.121464315996747, 37.497863519566586 ], [ 127.121804402352339, 37.497464481900003 ], [ 127.121793814533234, 37.497420253645075 ], [ 127.121696590137972, 37.497367463963542 ], [ 127.121582249462506, 37.497501198322759 ], [ 127.121395069145819, 37.497400755859736 ], [ 127.121289735913493, 37.497524380600488 ], [ 127.12147603564793, 37.497625644031032 ], [ 127.121422759701389, 37.497688317519348 ], [ 127.121320440252944, 37.497702476900315 ] ] ], [ [ [ 127.124539550308185, 37.501648514521264 ], [ 127.124820189503666, 37.501478744220819 ], [ 127.124824782217928, 37.501451979785976 ], [ 127.124720332198621, 37.501342257099957 ], [ 127.124591988600557, 37.50141987670731 ], [ 127.124365870249463, 37.50118233867213 ], [ 127.12449410073404, 37.501104809524961 ], [ 127.124252123945297, 37.500850709399785 ], [ 127.124134315883595, 37.500939219647449 ], [ 127.124354541744097, 37.501170457277219 ], [ 127.124181340992834, 37.501272450021212 ], [ 127.124539550308185, 37.501648514521264 ] ] ], [ [ [ 127.124847491628174, 37.501507457558724 ], [ 127.124566852387346, 37.501677227923267 ], [ 127.124688408716253, 37.501804772664499 ], [ 127.124859233017162, 37.501701520269989 ], [ 127.124948727971898, 37.501794409790108 ], [ 127.124777112536592, 37.501898023537095 ], [ 127.124941152600215, 37.502070303276753 ], [ 127.125112768053356, 37.501966599194581 ], [ 127.125084106187813, 37.501936445745962 ], [ 127.125212337066415, 37.501858825728569 ], [ 127.124881085648894, 37.501511116575337 ], [ 127.124847491628174, 37.501507457558724 ] ] ], [ [ [ 127.124664304063273, 37.509300285226168 ], [ 127.124471934877207, 37.509380494126148 ], [ 127.124576817012198, 37.509540131645537 ], [ 127.124764100279563, 37.509462000175702 ], [ 127.124664304063273, 37.509300285226168 ] ] ], [ [ [ 127.123963770705188, 37.50959230570168 ], [ 127.124068652056906, 37.509751943667858 ], [ 127.124080507590193, 37.509808694163233 ], [ 127.124288654815544, 37.509762166787084 ], [ 127.124131162209636, 37.509522485022927 ], [ 127.123963770705188, 37.50959230570168 ] ] ], [ [ [ 127.123663544364263, 37.510185922869788 ], [ 127.123476111755181, 37.509895995585438 ], [ 127.123315997425323, 37.509851201044498 ], [ 127.123124736827194, 37.509919333245833 ], [ 127.123298691988012, 37.510268560564413 ], [ 127.123663544364263, 37.510185922869788 ] ] ], [ [ [ 127.124561455896583, 37.512860319854454 ], [ 127.125111354596541, 37.512634767008485 ], [ 127.12516305870362, 37.512506050626357 ], [ 127.12508345433308, 37.512382967724641 ], [ 127.124427420693877, 37.512652058952035 ], [ 127.124561455896583, 37.512860319854454 ] ] ], [ [ [ 127.123436918695035, 37.513058443642393 ], [ 127.123301165982468, 37.513114085045963 ], [ 127.123434972525502, 37.513322257347888 ], [ 127.123570838623365, 37.513266615675192 ], [ 127.123436918695035, 37.513058443642393 ] ] ], [ [ [ 127.122728058962323, 37.537372470724868 ], [ 127.122667082563936, 37.537203047585713 ], [ 127.122435509354986, 37.537252253856117 ], [ 127.122494100615569, 37.53740934496949 ], [ 127.122514566996202, 37.537422379384374 ], [ 127.122728058962323, 37.537372470724868 ] ] ], [ [ [ 127.123048493424989, 37.538234769610447 ], [ 127.123016043226031, 37.538151190905076 ], [ 127.12296187426584, 37.538133623209433 ], [ 127.122643876775754, 37.538119578957229 ], [ 127.122767449608716, 37.538423708270287 ], [ 127.12289535792182, 37.538491070217134 ], [ 127.123048493424989, 37.538234769610447 ] ] ], [ [ [ 127.126197684139754, 37.479873128437355 ], [ 127.126325509024952, 37.479914619751952 ], [ 127.126384221183955, 37.479799680052992 ], [ 127.126255044409888, 37.479760983332284 ], [ 127.126197684139754, 37.479873128437355 ] ] ], [ [ [ 127.126289447858554, 37.479985296339315 ], [ 127.125992622743894, 37.47988902205784 ], [ 127.125941686737178, 37.479989357151624 ], [ 127.126238172859047, 37.480085541816869 ], [ 127.126289447858554, 37.479985296339315 ] ] ], [ [ [ 127.12621845144767, 37.482369149967916 ], [ 127.126404691627599, 37.482385351485455 ], [ 127.126422904298053, 37.482255317797204 ], [ 127.126236550926151, 37.482238846126954 ], [ 127.12621845144767, 37.482369149967916 ] ] ], [ [ [ 127.126398406005038, 37.486556810795882 ], [ 127.126414173856574, 37.486383892169357 ], [ 127.126134533262672, 37.486369951632163 ], [ 127.126108554016042, 37.486658209028143 ], [ 127.126279188354147, 37.486666588476574 ], [ 127.126290528778682, 37.486550797963872 ], [ 127.126398406005038, 37.486556810795882 ] ] ], [ [ [ 127.129050243716307, 37.486916000115613 ], [ 127.128826076348147, 37.48681118523848 ], [ 127.128805388061195, 37.487079705592947 ], [ 127.128891957702947, 37.4871219593078 ], [ 127.129050243716307, 37.486916000115613 ] ] ], [ [ [ 127.127984166748192, 37.48989684311352 ], [ 127.127840506805754, 37.489997458271993 ], [ 127.127989766549163, 37.490133169354799 ], [ 127.128134442842224, 37.490031742028165 ], [ 127.127984166748192, 37.48989684311352 ] ] ], [ [ [ 127.127558999058607, 37.490435005074588 ], [ 127.127319720090057, 37.490217677673598 ], [ 127.127176171563931, 37.490318201801315 ], [ 127.127265976104354, 37.490399826928638 ], [ 127.127118248394211, 37.490503328730021 ], [ 127.127267722819838, 37.490639121575249 ], [ 127.127558999058607, 37.490435005074588 ] ] ], [ [ [ 127.125385499642576, 37.490504617449851 ], [ 127.125169274368886, 37.490762529851978 ], [ 127.125329076264521, 37.490847597067066 ], [ 127.125567645981448, 37.490563081427368 ], [ 127.125441004452412, 37.490495729448504 ], [ 127.125385499642576, 37.490504617449851 ] ] ], [ [ [ 127.126410324398009, 37.490999358688796 ], [ 127.126559358008393, 37.491135432194739 ], [ 127.126716462124904, 37.491025433969163 ], [ 127.12656708952548, 37.490889541217562 ], [ 127.126410324398009, 37.490999358688796 ] ] ], [ [ [ 127.126175645052641, 37.491038169313754 ], [ 127.126045606790512, 37.490968929473965 ], [ 127.125894836558274, 37.491148657510884 ], [ 127.126024875143216, 37.491217987613979 ], [ 127.126175645052641, 37.491038169313754 ] ] ], [ [ [ 127.126870958709532, 37.492264955382737 ], [ 127.127100369874711, 37.49238688727673 ], [ 127.127155876022144, 37.492378088570256 ], [ 127.127291072080453, 37.492216846030779 ], [ 127.127027933872284, 37.49207675014825 ], [ 127.126870958709532, 37.492264955382737 ] ] ], [ [ [ 127.127898047687779, 37.492539837300384 ], [ 127.127766420790138, 37.492469790175235 ], [ 127.127608880822137, 37.492657726680505 ], [ 127.127740508055069, 37.492727864078383 ], [ 127.127898047687779, 37.492539837300384 ] ] ], [ [ [ 127.127418772972163, 37.492643153028638 ], [ 127.127299482635934, 37.492579579432935 ], [ 127.127199044669055, 37.492699519232971 ], [ 127.127318448188987, 37.492763092808204 ], [ 127.127418772972163, 37.492643153028638 ] ] ], [ [ [ 127.127558953515205, 37.492891138781715 ], [ 127.127438757288374, 37.492827115796423 ], [ 127.127338318911939, 37.492946875510476 ], [ 127.127458628172121, 37.493010808376091 ], [ 127.127558953515205, 37.492891138781715 ] ] ], [ [ [ 127.125554853102585, 37.493152297098149 ], [ 127.125610473673831, 37.493143859397904 ], [ 127.125687782128367, 37.493053137643713 ], [ 127.125519258148515, 37.492962043408625 ], [ 127.125419490525985, 37.493079097789142 ], [ 127.125554853102585, 37.493152297098149 ] ] ], [ [ [ 127.125514655947555, 37.49325622451024 ], [ 127.125504066393461, 37.493211906459081 ], [ 127.125368703758525, 37.493138707092712 ], [ 127.125279544360268, 37.493243226340958 ], [ 127.125448294243952, 37.493333960276715 ], [ 127.125514655947555, 37.49325622451024 ] ] ], [ [ [ 127.126479481651899, 37.494094849126498 ], [ 127.126479703362548, 37.494227926463481 ], [ 127.126622075106766, 37.49423038868904 ], [ 127.126626376475258, 37.494097396662916 ], [ 127.126479481651899, 37.494094849126498 ] ] ], [ [ [ 127.130565617074808, 37.494751699793838 ], [ 127.130624641804744, 37.494881108862479 ], [ 127.130871565572917, 37.494789477472295 ], [ 127.130810201369016, 37.494680703962892 ], [ 127.130565617074808, 37.494751699793838 ] ] ], [ [ [ 127.131138085462197, 37.495240856143006 ], [ 127.13129253811222, 37.495361961040153 ], [ 127.131398459484615, 37.495275799248226 ], [ 127.131244006841797, 37.495154694487795 ], [ 127.131138085462197, 37.495240856143006 ] ] ], [ [ [ 127.130657787849714, 37.49607102187143 ], [ 127.130556836574243, 37.496155105263519 ], [ 127.130702469871366, 37.496276310644738 ], [ 127.130808969186575, 37.496196275553018 ], [ 127.130657787849714, 37.49607102187143 ] ] ], [ [ [ 127.125314585893392, 37.496455521485743 ], [ 127.125283846851033, 37.49639888086778 ], [ 127.125028425094357, 37.49648771635151 ], [ 127.125107055255086, 37.496647561404757 ], [ 127.125303237367319, 37.496499682317243 ], [ 127.125314585893392, 37.496455521485743 ] ] ], [ [ [ 127.125410501158797, 37.497289475459006 ], [ 127.125674874951045, 37.497210360537935 ], [ 127.125562868729745, 37.49697342543886 ], [ 127.125297928300029, 37.497051369407323 ], [ 127.125410501158797, 37.497289475459006 ] ] ], [ [ [ 127.125898208173282, 37.497682519205014 ], [ 127.125633719869938, 37.497761634740804 ], [ 127.125689553296596, 37.497879696983851 ], [ 127.125953928871581, 37.49780058144313 ], [ 127.125898208173282, 37.497682519205014 ] ] ], [ [ [ 127.125896559107602, 37.499211064856645 ], [ 127.12568468258975, 37.49876277073065 ], [ 127.12541928332675, 37.498840535234521 ], [ 127.125631271567826, 37.49928882971416 ], [ 127.125896559107602, 37.499211064856645 ] ] ], [ [ [ 127.126780412882937, 37.499391592087477 ], [ 127.12649707869852, 37.499158353393568 ], [ 127.126421405136668, 37.499215376519935 ], [ 127.126383400824423, 37.49934705255199 ], [ 127.126465111870658, 37.499519867738478 ], [ 127.126722810303448, 37.499434810968488 ], [ 127.126780412882937, 37.499391592087477 ] ] ], [ [ [ 127.126285922296688, 37.500028580540778 ], [ 127.126159622171926, 37.499768415465496 ], [ 127.125898188097636, 37.499852303638768 ], [ 127.126024038843667, 37.500114721959534 ], [ 127.126285922296688, 37.500028580540778 ] ] ], [ [ [ 127.126504920267081, 37.500402803903285 ], [ 127.126278107646655, 37.500497468253933 ], [ 127.126266505475428, 37.500525141149211 ], [ 127.126334180212581, 37.500621476470229 ], [ 127.126582011505093, 37.500517058984698 ], [ 127.126504920267081, 37.500402803903285 ] ] ], [ [ [ 127.127349704491451, 37.500879075735725 ], [ 127.127637347644111, 37.501180963760817 ], [ 127.127863523805701, 37.501043950583366 ], [ 127.127573727177392, 37.500739452505513 ], [ 127.127349704491451, 37.500879075735725 ] ] ], [ [ [ 127.126563687391481, 37.501328697461389 ], [ 127.126672879363397, 37.501432106506385 ], [ 127.12681883011588, 37.501334824209714 ], [ 127.126741000207289, 37.501253006012057 ], [ 127.126684785742313, 37.501247929895811 ], [ 127.126563687391481, 37.501328697461389 ] ] ], [ [ [ 127.126287328265406, 37.501689208658782 ], [ 127.12638334938012, 37.50162531655122 ], [ 127.126576294191082, 37.501496540046944 ], [ 127.126467328138901, 37.501392950475235 ], [ 127.126178475271942, 37.501585528604764 ], [ 127.126287328265406, 37.501689208658782 ] ] ], [ [ [ 127.125890556358115, 37.502205718658075 ], [ 127.125626973661156, 37.501953356043039 ], [ 127.125527901587077, 37.502019413130746 ], [ 127.125521529276213, 37.502064109316883 ], [ 127.125747427018581, 37.502301194832903 ], [ 127.125890556358115, 37.502205718658075 ] ] ], [ [ [ 127.125329391027407, 37.502477868873846 ], [ 127.125464330401812, 37.502490071045877 ], [ 127.125677952175948, 37.502347579161643 ], [ 127.125429396880762, 37.502086730936753 ], [ 127.125301165838451, 37.502164351187012 ], [ 127.125210535373682, 37.502069210634488 ], [ 127.125038919821733, 37.502172914857049 ], [ 127.125138046790155, 37.502276966528207 ], [ 127.125309662591093, 37.502173352262943 ], [ 127.125391570200733, 37.502259401805617 ], [ 127.125220067557336, 37.502363106169696 ], [ 127.125329391027407, 37.502477868873846 ] ] ], [ [ [ 127.125751701471415, 37.503379414408535 ], [ 127.125798357431066, 37.503348190813774 ], [ 127.12581747371874, 37.503213831939355 ], [ 127.125717098453151, 37.503108520771974 ], [ 127.125570126025536, 37.503206433452938 ], [ 127.125751701471415, 37.503379414408535 ] ] ], [ [ [ 127.128343360284575, 37.503381075426788 ], [ 127.128115506811625, 37.503533047831738 ], [ 127.128206922817981, 37.503621337703329 ], [ 127.128434776372913, 37.503469365124218 ], [ 127.128343360284575, 37.503381075426788 ] ] ], [ [ [ 127.12521980845797, 37.503439979009137 ], [ 127.125102546020912, 37.503518218240181 ], [ 127.125283895107842, 37.503691290242443 ], [ 127.12540138366424, 37.503612960496767 ], [ 127.12521980845797, 37.503439979009137 ] ] ], [ [ [ 127.127400028539711, 37.503775189668239 ], [ 127.127545134579293, 37.503913338094044 ], [ 127.127654826404637, 37.503840240215311 ], [ 127.127509494268537, 37.503702182263467 ], [ 127.127400028539711, 37.503775189668239 ] ] ], [ [ [ 127.127060712161523, 37.504295606568043 ], [ 127.127261936106819, 37.504177271771809 ], [ 127.12717741854722, 37.504088523340577 ], [ 127.12697562817668, 37.504206227897768 ], [ 127.127060712161523, 37.504295606568043 ] ] ], [ [ [ 127.130369025523706, 37.50491994961731 ], [ 127.130465895555233, 37.5050204853328 ], [ 127.13067694436748, 37.504895736930337 ], [ 127.130579052632058, 37.504793040108162 ], [ 127.130369025523706, 37.50491994961731 ] ] ], [ [ [ 127.131430403249965, 37.505686617144903 ], [ 127.131394146191596, 37.5056485448251 ], [ 127.131035233806543, 37.505878512983926 ], [ 127.131168581774105, 37.506012795503864 ], [ 127.131401986289035, 37.505865406256611 ], [ 127.131430403249965, 37.505686617144903 ] ] ], [ [ [ 127.127995203255125, 37.509449574951297 ], [ 127.128026324587523, 37.509460263488023 ], [ 127.128175961283617, 37.509394240278425 ], [ 127.12813331935449, 37.509325990435485 ], [ 127.127967005762031, 37.509361848052279 ], [ 127.127995203255125, 37.509449574951297 ] ] ], [ [ [ 127.128491048055579, 37.509317046997154 ], [ 127.128364919596905, 37.509372683902718 ], [ 127.128462675674953, 37.509527099836838 ], [ 127.128591181615505, 37.509472721666206 ], [ 127.128491048055579, 37.509317046997154 ] ] ], [ [ [ 127.131216985276566, 37.510130028136672 ], [ 127.131325262325689, 37.510085850468712 ], [ 127.131376954009312, 37.509957131333607 ], [ 127.131297228595571, 37.509833782405288 ], [ 127.131082371302924, 37.509921955533187 ], [ 127.131216985276566, 37.510130028136672 ] ] ], [ [ [ 127.130696056259396, 37.510080413429058 ], [ 127.130830215944144, 37.510287856267389 ], [ 127.130959289937621, 37.510235186799747 ], [ 127.130824903317489, 37.510027474055754 ], [ 127.130696056259396, 37.510080413429058 ] ] ], [ [ [ 127.125981454428995, 37.510432268566888 ], [ 127.125927819123845, 37.510417909120441 ], [ 127.125583756435844, 37.51055504226705 ], [ 127.125565730410415, 37.510597768437414 ], [ 127.125676531154781, 37.5107774008532 ], [ 127.125806404197846, 37.510726448070677 ], [ 127.12584122115905, 37.510782994018363 ], [ 127.126128433595284, 37.510670427218031 ], [ 127.125981454428995, 37.510432268566888 ] ] ], [ [ [ 127.126702976998502, 37.511601450148753 ], [ 127.126658405730197, 37.511529237459179 ], [ 127.126450313799211, 37.511610997902167 ], [ 127.126385555145447, 37.511505920087373 ], [ 127.126176558432476, 37.511587861204326 ], [ 127.126289403269666, 37.511770644343166 ], [ 127.126343039312161, 37.511784823421323 ], [ 127.126685290829997, 37.511644266221502 ], [ 127.126702976998502, 37.511601450148753 ] ] ], [ [ [ 127.127128982250525, 37.511697314440063 ], [ 127.127239152471802, 37.511497806725117 ], [ 127.126499945575503, 37.511801416046715 ], [ 127.126634777199257, 37.512009944079992 ], [ 127.126918120385739, 37.511881161543577 ], [ 127.127029281716929, 37.511800224107269 ], [ 127.127128982250525, 37.511697314440063 ] ] ], [ [ [ 127.125168690728401, 37.511874806673397 ], [ 127.125368949111362, 37.512184809938574 ], [ 127.125467059385173, 37.512144522594532 ], [ 127.125484293791516, 37.512101617081704 ], [ 127.125302405084284, 37.511819886047633 ], [ 127.125168690728401, 37.511874806673397 ] ] ], [ [ [ 127.125953561538154, 37.512025800383789 ], [ 127.125824933657839, 37.512078644100448 ], [ 127.125955581192287, 37.512288528797583 ], [ 127.126084209489591, 37.512235775039557 ], [ 127.125953561538154, 37.512025800383789 ] ] ], [ [ [ 127.12547554067153, 37.512485450713491 ], [ 127.125826952713638, 37.512341282415399 ], [ 127.125696192489116, 37.512131487795791 ], [ 127.125234350476632, 37.512321091533828 ], [ 127.125313955028631, 37.51244417433486 ], [ 127.12547554067153, 37.512485450713491 ] ] ], [ [ [ 127.134848156611568, 37.478026470128867 ], [ 127.134614512747433, 37.47779508603373 ], [ 127.134196343554109, 37.478063243874267 ], [ 127.134429873913064, 37.47829462891368 ], [ 127.134848156611568, 37.478026470128867 ] ] ], [ [ [ 127.150573109917602, 37.492309960608388 ], [ 127.15039362185999, 37.492178460832413 ], [ 127.150337087525855, 37.492180514255054 ], [ 127.150173524423394, 37.492324429538371 ], [ 127.150197577595492, 37.492365214534644 ], [ 127.150553857933915, 37.492352331856644 ], [ 127.150573109917602, 37.492309960608388 ] ] ], [ [ [ 127.150084915787829, 37.49229514139089 ], [ 127.149864963037359, 37.492246015984378 ], [ 127.149925372338032, 37.492367863328951 ], [ 127.150044177282467, 37.492330989309103 ], [ 127.150084915787829, 37.49229514139089 ] ] ], [ [ [ 127.146310333086333, 37.492544565939511 ], [ 127.14631954411955, 37.492688534319768 ], [ 127.146451608508826, 37.492683236691846 ], [ 127.146442510299906, 37.492539268183599 ], [ 127.146310333086333, 37.492544565939511 ] ] ], [ [ [ 127.149358041339312, 37.492625755805683 ], [ 127.149330075246155, 37.492664894159851 ], [ 127.149332271497784, 37.492746521933803 ], [ 127.149638348517882, 37.492734245414141 ], [ 127.149623989378284, 37.49250604033174 ], [ 127.149358041339312, 37.492625755805683 ] ] ], [ [ [ 127.149238515176194, 37.4926241033127 ], [ 127.148919096839705, 37.492637116241227 ], [ 127.148927146703883, 37.492763065877718 ], [ 127.149241929756599, 37.492750238922845 ], [ 127.149238515176194, 37.4926241033127 ] ] ], [ [ [ 127.148696147384598, 37.492772453955645 ], [ 127.148686117258549, 37.492616773797906 ], [ 127.148556969451818, 37.492667660850714 ], [ 127.148563969927679, 37.492777754233096 ], [ 127.148696147384598, 37.492772453955645 ] ] ], [ [ [ 127.147420053169284, 37.492824312474696 ], [ 127.14740545562934, 37.492644491070124 ], [ 127.147017404035779, 37.492660196483335 ], [ 127.147028947904559, 37.492840201896982 ], [ 127.147420053169284, 37.492824312474696 ] ] ], [ [ [ 127.146651749965528, 37.492855532342013 ], [ 127.146640206999308, 37.492675526890103 ], [ 127.146451608508826, 37.492683236691846 ], [ 127.146463150849655, 37.492863152063151 ], [ 127.146651749965528, 37.492855532342013 ] ] ], [ [ [ 127.149027454073192, 37.492939356310892 ], [ 127.149039682163888, 37.493119811160604 ], [ 127.149084424709386, 37.493158768544859 ], [ 127.149230430894917, 37.493055151397307 ], [ 127.14925217311459, 37.493013588154312 ], [ 127.14924692082748, 37.492930432505318 ], [ 127.149027454073192, 37.492939356310892 ] ] ], [ [ [ 127.147021383076975, 37.493020951638066 ], [ 127.147031683679032, 37.493201228871165 ], [ 127.147231816498049, 37.493193053418409 ], [ 127.147221741571855, 37.493012775924626 ], [ 127.147021383076975, 37.493020951638066 ] ] ], [ [ [ 127.1450561450349, 37.493642792450601 ], [ 127.145109632296482, 37.493761389027263 ], [ 127.145267516900688, 37.493715966881794 ], [ 127.145214029594939, 37.493597460475833 ], [ 127.1450561450349, 37.493642792450601 ] ] ], [ [ [ 127.144134851416538, 37.494157657791362 ], [ 127.144194015059085, 37.49428859160632 ], [ 127.144424126923155, 37.494166768733109 ], [ 127.144310788698434, 37.494031035125197 ], [ 127.144152523691517, 37.494114929106196 ], [ 127.144134851416538, 37.494157657791362 ] ] ], [ [ [ 127.142068944956321, 37.494612975619894 ], [ 127.14226053901821, 37.494511475256026 ], [ 127.142116683925735, 37.494381812591271 ], [ 127.141618380761997, 37.494645946735076 ], [ 127.141737608379728, 37.494788703716551 ], [ 127.141902316690931, 37.494701381524905 ], [ 127.141977684377665, 37.49479166213527 ], [ 127.142145555455798, 37.494702623946672 ], [ 127.142068944956321, 37.494612975619894 ] ] ], [ [ [ 127.141124141132863, 37.494908001669117 ], [ 127.141243368229638, 37.495050759144014 ], [ 127.141408077692887, 37.494963437643008 ], [ 127.141288850422498, 37.494820680332531 ], [ 127.141124141132863, 37.494908001669117 ] ] ], [ [ [ 127.144897031077335, 37.49494988461165 ], [ 127.144783864059676, 37.494928533073505 ], [ 127.144811550265388, 37.494948375531479 ], [ 127.144730843618873, 37.495001289941932 ], [ 127.144725727354654, 37.495022361496282 ], [ 127.144890410159121, 37.495171709545787 ], [ 127.145064926664531, 37.4950466282097 ], [ 127.145010416738913, 37.494925897514342 ], [ 127.144957109725055, 37.494919646244448 ], [ 127.144909548709492, 37.494931912512904 ], [ 127.144897031077335, 37.49494988461165 ] ] ], [ [ [ 127.140277429584444, 37.495356705486564 ], [ 127.140396656288729, 37.495499734105849 ], [ 127.140999014831905, 37.495180431314502 ], [ 127.140855047213094, 37.495050587060732 ], [ 127.140277429584444, 37.495356705486564 ] ] ], [ [ [ 127.145192230757416, 37.495328594208239 ], [ 127.145101039602096, 37.495126620051074 ], [ 127.144908472629581, 37.495262201963868 ], [ 127.144995895280587, 37.495346785707419 ], [ 127.14491484652946, 37.495419860003516 ], [ 127.145120843791005, 37.495453370219053 ], [ 127.145160330037683, 37.495434662533057 ], [ 127.145192230757416, 37.495328594208239 ] ] ], [ [ [ 127.145132918766521, 37.495469960948498 ], [ 127.145114161121171, 37.495542207808313 ], [ 127.145297856377439, 37.495562527167216 ], [ 127.14526418466734, 37.495487956434545 ], [ 127.145132918766521, 37.495469960948498 ] ] ], [ [ [ 127.144708569031053, 37.495689625946454 ], [ 127.144658522956846, 37.49564435734581 ], [ 127.144555179413587, 37.49572256305914 ], [ 127.144619893557575, 37.495780373859141 ], [ 127.144700502714386, 37.495717377473248 ], [ 127.144691925997307, 37.495702863767974 ], [ 127.144708569031053, 37.495689625946454 ] ] ], [ [ [ 127.135778763139399, 37.496590325210654 ], [ 127.13566868408688, 37.496499809789086 ], [ 127.135530234798921, 37.496606645160355 ], [ 127.135640313841918, 37.496697160709282 ], [ 127.135778763139399, 37.496590325210654 ] ] ], [ [ [ 127.136584587585673, 37.496585622506196 ], [ 127.136458788091701, 37.496683164214474 ], [ 127.136560940837498, 37.496767200766286 ], [ 127.136686740501304, 37.496669749050326 ], [ 127.136584587585673, 37.496585622506196 ] ] ], [ [ [ 127.131404866592916, 37.496690090030583 ], [ 127.131298589640693, 37.496767963011649 ], [ 127.131399829411507, 37.496850473334376 ], [ 127.131504636601179, 37.496772782080157 ], [ 127.131404866592916, 37.496690090030583 ] ] ], [ [ [ 127.131697090532455, 37.496959797698572 ], [ 127.131697722117693, 37.496932767042985 ], [ 127.131602594833936, 37.496853944341353 ], [ 127.131498581405495, 37.496932896206211 ], [ 127.131611938633526, 37.497025213897473 ], [ 127.131697090532455, 37.496959797698572 ] ] ], [ [ [ 127.146244493458497, 37.497938818170219 ], [ 127.146141746549858, 37.497811146384009 ], [ 127.146019886655409, 37.497858534841981 ], [ 127.14615192576349, 37.497981990243652 ], [ 127.146016831366055, 37.498039450040444 ], [ 127.145890565238318, 37.498165572987475 ], [ 127.145984234497362, 37.498259630828045 ], [ 127.146390031791029, 37.497978391839595 ], [ 127.146356063077604, 37.49789169437684 ], [ 127.146244493458497, 37.497938818170219 ] ] ], [ [ [ 127.145645411178279, 37.498156276687666 ], [ 127.145514772371726, 37.498261222095216 ], [ 127.145728966418119, 37.498436538369305 ], [ 127.145859621631828, 37.498345990660951 ], [ 127.145645411178279, 37.498156276687666 ] ] ], [ [ [ 127.147054558852119, 37.498183561326321 ], [ 127.146891282463841, 37.498292855227113 ], [ 127.14700979260887, 37.498558918292112 ], [ 127.147165596630046, 37.498462418610075 ], [ 127.147014453934233, 37.498326878465022 ], [ 127.147127982531728, 37.498251919695505 ], [ 127.147054558852119, 37.498183561326321 ] ] ], [ [ [ 127.145210166209807, 37.498327329810628 ], [ 127.145074292391257, 37.498415486487609 ], [ 127.145133257288322, 37.498463636251863 ], [ 127.145182550350725, 37.498433464956499 ], [ 127.145257875764187, 37.498379664824647 ], [ 127.145210166209807, 37.498327329810628 ] ] ], [ [ [ 127.145547954809899, 37.498563088155464 ], [ 127.145647494495122, 37.498492995234493 ], [ 127.145537997288969, 37.498395127183983 ], [ 127.145439745462824, 37.498464515666306 ], [ 127.145547954809899, 37.498563088155464 ] ] ], [ [ [ 127.145440008235084, 37.498636795226808 ], [ 127.14526435402918, 37.498467342096923 ], [ 127.144995565110207, 37.498618207629896 ], [ 127.144982014431122, 37.498604862281539 ], [ 127.144912587190561, 37.498638553805598 ], [ 127.145136106942601, 37.498847403988357 ], [ 127.145440008235084, 37.498636795226808 ] ] ], [ [ [ 127.146484774818248, 37.498727185406594 ], [ 127.146503173901635, 37.498768068148095 ], [ 127.146715659095804, 37.49870717000821 ], [ 127.146651600600805, 37.498563719698751 ], [ 127.146268335616796, 37.498673120600309 ], [ 127.146314220992096, 37.498775868270243 ], [ 127.146484774818248, 37.498727185406594 ] ] ], [ [ [ 127.147442365391299, 37.498829260890616 ], [ 127.147485254287517, 37.498786050092853 ], [ 127.147289056496547, 37.498731872047223 ], [ 127.147237023258427, 37.498724998552099 ], [ 127.147106961540601, 37.498777056401607 ], [ 127.147165342080498, 37.498907809383461 ], [ 127.147442365391299, 37.498829260890616 ] ] ], [ [ [ 127.143803585301001, 37.499493049874204 ], [ 127.143983024664294, 37.499655283587678 ], [ 127.144237244497873, 37.499475858320281 ], [ 127.144217373935945, 37.499433715609882 ], [ 127.143890433514201, 37.499431767469105 ], [ 127.143803585301001, 37.499493049874204 ] ] ], [ [ [ 127.146940798812352, 37.499748717261603 ], [ 127.146960108168372, 37.499792211698328 ], [ 127.147173275465548, 37.499731852502961 ], [ 127.147109896889262, 37.499590023426869 ], [ 127.1468968430313, 37.499650382369452 ], [ 127.146886961425665, 37.499628229975876 ], [ 127.146738331773633, 37.499670128980753 ], [ 127.146792169650212, 37.499790976732164 ], [ 127.146940798812352, 37.499748717261603 ] ] ], [ [ [ 127.147824259252388, 37.499872414700945 ], [ 127.147670352796396, 37.499527793237284 ], [ 127.147467924028419, 37.499585166771183 ], [ 127.147621829673653, 37.4999297884969 ], [ 127.147824259252388, 37.499872414700945 ] ] ], [ [ [ 127.147725872243726, 37.500162387570427 ], [ 127.147950229574207, 37.500098859634342 ], [ 127.147876626607413, 37.499934158302338 ], [ 127.147652269706413, 37.499997686099555 ], [ 127.147725872243726, 37.500162387570427 ] ] ], [ [ [ 127.136825432411058, 37.500458919089603 ], [ 127.136926822689176, 37.500556020611675 ], [ 127.137139642119152, 37.500422699075564 ], [ 127.137041414001843, 37.500323251511553 ], [ 127.136825432411058, 37.500458919089603 ] ] ], [ [ [ 127.137370702877689, 37.501057637198969 ], [ 127.137459014765057, 37.501176016843672 ], [ 127.137745902706271, 37.501039185182975 ], [ 127.137640081566715, 37.500931818101613 ], [ 127.137370702877689, 37.501057637198969 ] ] ], [ [ [ 127.139159189594352, 37.501284961066659 ], [ 127.139042511580243, 37.50117877919395 ], [ 127.138932344602651, 37.501231255368104 ], [ 127.138923605122713, 37.501275774830845 ], [ 127.139030427892095, 37.501373048411921 ], [ 127.139159189594352, 37.501284961066659 ] ] ], [ [ [ 127.137591484000495, 37.502880912611765 ], [ 127.137711847562628, 37.502898883964747 ], [ 127.137720353418345, 37.502787510843476 ], [ 127.13760273058152, 37.502784042404663 ], [ 127.137591484000495, 37.502880912611765 ] ] ], [ [ [ 127.137705330388627, 37.502984396157636 ], [ 127.137462658203646, 37.502998551025478 ], [ 127.137456891821543, 37.503124066635401 ], [ 127.137719013968308, 37.503108537860236 ], [ 127.137705330388627, 37.502984396157636 ] ] ], [ [ [ 127.139083021552452, 37.503534120361159 ], [ 127.1391046836398, 37.503444175575751 ], [ 127.138995859040108, 37.503428715010102 ], [ 127.138952863475268, 37.503356144631177 ], [ 127.138731466261575, 37.503439924467074 ], [ 127.138805639717958, 37.50349290704974 ], [ 127.139083021552452, 37.503534120361159 ] ] ], [ [ [ 127.139232993577011, 37.503539261513829 ], [ 127.139163340085773, 37.503546010073102 ], [ 127.139134822474716, 37.503659478890171 ], [ 127.139255303890863, 37.503679160424944 ], [ 127.139278225208841, 37.503659131552439 ], [ 127.139232993577011, 37.503539261513829 ] ] ], [ [ [ 127.138737425488799, 37.504100709142165 ], [ 127.138845046466287, 37.504075986854474 ], [ 127.138869565932822, 37.503940448324499 ], [ 127.138737102467033, 37.503924204106312 ], [ 127.138674476572049, 37.503939773989828 ], [ 127.138737425488799, 37.504100709142165 ] ] ], [ [ [ 127.138318565438595, 37.503938384676978 ], [ 127.138081287115483, 37.503997224046238 ], [ 127.138131964112986, 37.504127179392626 ], [ 127.138369355737026, 37.504068249691557 ], [ 127.138318565438595, 37.503938384676978 ] ] ], [ [ [ 127.139102592775004, 37.50427697002231 ], [ 127.139264584671395, 37.504237047260474 ], [ 127.139254584994518, 37.504211290392284 ], [ 127.139297767645417, 37.504200608266359 ], [ 127.13926572430583, 37.504118654863618 ], [ 127.139029984278579, 37.504091178783888 ], [ 127.139102592775004, 37.50427697002231 ] ] ], [ [ [ 127.139339352302784, 37.504428061615741 ], [ 127.139177359868697, 37.504467894379978 ], [ 127.139188495964547, 37.504496623220753 ], [ 127.13891820645469, 37.504562981010558 ], [ 127.138970248048537, 37.50469599778733 ], [ 127.139359800886055, 37.504539310939741 ], [ 127.139373100235431, 37.5045143377925 ], [ 127.139339352302784, 37.504428061615741 ] ] ], [ [ [ 127.137329331564914, 37.505314358038774 ], [ 127.13747126595824, 37.505250944767674 ], [ 127.137374318825621, 37.505113203706273 ], [ 127.13723238493651, 37.505176797061175 ], [ 127.137329331564914, 37.505314358038774 ] ] ], [ [ [ 127.138248993583417, 37.50541653344667 ], [ 127.138372278795572, 37.505731649632416 ], [ 127.138966221837819, 37.505584367818066 ], [ 127.138843047306693, 37.505269162017647 ], [ 127.138248993583417, 37.50541653344667 ] ] ], [ [ [ 127.132351556126366, 37.505802549999217 ], [ 127.132077611311459, 37.505919261927531 ], [ 127.132141797708869, 37.506018661069746 ], [ 127.132417782155898, 37.505904019028087 ], [ 127.132351556126366, 37.505802549999217 ] ] ], [ [ [ 127.131948740571005, 37.506409096282674 ], [ 127.131830687403479, 37.506226234032816 ], [ 127.131563174466677, 37.506335819788319 ], [ 127.131645051388375, 37.506462590032584 ], [ 127.131472698349583, 37.506532967441288 ], [ 127.131526791684649, 37.506616790759189 ], [ 127.131699144864882, 37.506546413272318 ], [ 127.131681227155838, 37.506518682302961 ], [ 127.131948740571005, 37.506409096282674 ] ] ], [ [ [ 127.133211273192529, 37.507191022467211 ], [ 127.132952362945488, 37.50678937601063 ], [ 127.132704854265313, 37.506891013307985 ], [ 127.132923843107193, 37.50723026561873 ], [ 127.133053849231985, 37.507261475629981 ], [ 127.133211273192529, 37.507191022467211 ] ] ], [ [ [ 127.133517085154594, 37.508149432049812 ], [ 127.133723899748631, 37.50805865058318 ], [ 127.133635374970609, 37.507949098295128 ], [ 127.133580502073414, 37.507938257589167 ], [ 127.133425449943672, 37.508007537291505 ], [ 127.133517085154594, 37.508149432049812 ] ] ], [ [ [ 127.136348168117365, 37.519686011306938 ], [ 127.136502852823853, 37.519903244753138 ], [ 127.136759993162102, 37.519789875730289 ], [ 127.136606319348317, 37.519568947380819 ], [ 127.136348168117365, 37.519686011306938 ] ] ] ] } },
{ "type": "Feature", "properties": { "zoning_code": "일반주거지역", "zoning_name": "일반주거지역", "remark": "건축물대장 지역코드명 기반 보강" }, "geometry": { "type": "GeometryCollection", "geometries": [ { "type": "Polygon", "coordinates": [ [ [ 127.093887175712723, 37.498210965180569 ], [ 127.093970354787444, 37.498361258787007 ], [ 127.094102383499063, 37.498315925255902 ], [ 127.094019305843176, 37.498165514532161 ], [ 127.093887175712723, 37.498210965180569 ] ] ] }, { "type": "Polygon", "coordinates": [ [ [ 127.094534756392051, 37.498443076941577 ], [ 127.094485988200262, 37.498420500260977 ], [ 127.094329529505714, 37.498472241495627 ], [ 127.094370797523098, 37.498565840853303 ], [ 127.094547041428811, 37.498519120569348 ], [ 127.094534756392051, 37.498443076941577 ] ] ] }, { "type": "Polygon", "coordinates": [ [ [ 127.092858854656399, 37.498743155732022 ], [ 127.093110706362125, 37.498656672098335 ], [ 127.093026930004285, 37.49850693697536 ], [ 127.092809329791081, 37.498581807126634 ], [ 127.092858854656399, 37.498743155732022 ] ] ] }, { "type": "Polygon", "coordinates": [ [ [ 127.092066403551669, 37.498990369099054 ], [ 127.092129449995596, 37.499131056746812 ], [ 127.092351703144558, 37.499067816168534 ], [ 127.092291593741407, 37.498934109121002 ], [ 127.092066403551669, 37.498990369099054 ] ] ] }, { "type": "Polygon", "coordinates": [ [ [ 127.095094735113889, 37.498903585641827 ], [ 127.094729397692845, 37.498941175798912 ], [ 127.094789604797199, 37.499313601104802 ], [ 127.094833066170224, 37.49934230863839 ], [ 127.095163149755464, 37.499326820577174 ], [ 127.095094735113889, 37.498903585641827 ] ] ] }, { "type": "Polygon", "coordinates": [ [ [ 127.09727381078936, 37.499445411978023 ], [ 127.097256709875523, 37.499213508808303 ], [ 127.096858152434223, 37.49918427836834 ], [ 127.096875297343914, 37.499416181562097 ], [ 127.09727381078936, 37.499445411978023 ] ] ] }, { "type": "Polygon", "coordinates": [ [ [ 127.091022176891741, 37.499196682623342 ], [ 127.090810473411096, 37.499269508361813 ], [ 127.090891070687192, 37.499449602086266 ], [ 127.090942209337513, 37.499468844758056 ], [ 127.091121042234363, 37.499417956006809 ], [ 127.091022176891741, 37.499196682623342 ] ] ] }, { "type": "Polygon", "coordinates": [ [ [ 127.09436070783967, 37.499623522046988 ], [ 127.094716333396633, 37.499566839525443 ], [ 127.094711945921219, 37.499539813030331 ], [ 127.094548249726898, 37.499566071006321 ], [ 127.094530980674548, 37.499501834397464 ], [ 127.094334361916225, 37.499535064691997 ], [ 127.09436070783967, 37.499623522046988 ] ] ] }, { "type": "Polygon", "coordinates": [ [ [ 127.091086427275584, 37.499485250809613 ], [ 127.090965000805937, 37.499519824023416 ], [ 127.090940622394058, 37.499560567613884 ], [ 127.091027932377827, 37.499755117180968 ], [ 127.091079071271622, 37.49977435979222 ], [ 127.091278038933268, 37.499717716179056 ], [ 127.091220992065132, 37.499590502473588 ], [ 127.091143462687938, 37.499612599740956 ], [ 127.091086427275584, 37.499485250809613 ] ] ] }, { "type": "Polygon", "coordinates": [ [ [ 127.096615985701689, 37.499736154960516 ], [ 127.096607551244446, 37.499621734938835 ], [ 127.096409647484023, 37.499630994149939 ], [ 127.096418160802116, 37.499745414122387 ], [ 127.096615985701689, 37.499736154960516 ] ] ] }, { "type": "Polygon", "coordinates": [ [ [ 127.093422156372938, 37.500149988529138 ], [ 127.093541554802542, 37.500130884516906 ], [ 127.093502688773398, 37.499976285427167 ], [ 127.093383528010676, 37.499995344165733 ], [ 127.093422156372938, 37.500149988529138 ] ] ] }, { "type": "Polygon", "coordinates": [ [ [ 127.094769271989577, 37.500150554675869 ], [ 127.094612788006131, 37.500175563668286 ], [ 127.094651882448659, 37.500330036066494 ], [ 127.094835367151063, 37.50030078902536 ], [ 127.094815218431805, 37.500176557254761 ], [ 127.094769271989577, 37.500150554675869 ] ] ] }, { "type": "Polygon", "coordinates": [ [ [ 127.095022910760349, 37.50049759898836 ], [ 127.094986765307183, 37.500532225929824 ], [ 127.095027337124833, 37.500782401070623 ], [ 127.095070799441103, 37.500811108508323 ], [ 127.09520887410217, 37.500804629028565 ], [ 127.09519816075391, 37.500647746680258 ], [ 127.095161182614561, 37.50064948789403 ], [ 127.095150015805487, 37.500491623808315 ], [ 127.095022910760349, 37.50049759898836 ] ] ] }, { "type": "Polygon", "coordinates": [ [ [ 127.09052809147704, 37.500715778999407 ], [ 127.090461531734192, 37.500567344593051 ], [ 127.090321913240842, 37.500607093556425 ], [ 127.09038847274293, 37.500755528040763 ], [ 127.09052809147704, 37.500715778999407 ] ] ] }, { "type": "Polygon", "coordinates": [ [ [ 127.096108704621642, 37.500604980550918 ], [ 127.095982391055244, 37.500610929099537 ], [ 127.095992992982929, 37.500767838495932 ], [ 127.0961196460932, 37.500761898674043 ], [ 127.096108704621642, 37.500604980550918 ] ] ] }, { "type": "Polygon", "coordinates": [ [ [ 127.088180903082559, 37.500824031176037 ], [ 127.08853738047263, 37.50072257800543 ], [ 127.088470813206754, 37.500574016341467 ], [ 127.088152016838549, 37.500664746835689 ], [ 127.088127749615808, 37.500705489757188 ], [ 127.088180903082559, 37.500824031176037 ] ] ] }, { "type": "Polygon", "coordinates": [ [ [ 127.091545340216413, 37.500909533728532 ], [ 127.091598635358125, 37.501028424884126 ], [ 127.091719261339733, 37.500994103917556 ], [ 127.091652483590892, 37.500845228867838 ], [ 127.091569718736565, 37.50086879002248 ], [ 127.091545340216413, 37.500909533728532 ] ] ] }, { "type": "Polygon", "coordinates": [ [ [ 127.088022957922149, 37.501036422151678 ], [ 127.088103338680483, 37.501013558997876 ], [ 127.088127492925835, 37.500972816166303 ], [ 127.088074441332822, 37.500854373761612 ], [ 127.087956515918577, 37.500887968233577 ], [ 127.088022957922149, 37.501036422151678 ] ] ] }, { "type": "Polygon", "coordinates": [ [ [ 127.08918177266014, 37.500931475597163 ], [ 127.089072575248707, 37.500962559930151 ], [ 127.089139019621612, 37.501111094305656 ], [ 127.089248454616126, 37.501079928645659 ], [ 127.08918177266014, 37.500931475597163 ] ] ] }, { "type": "Polygon", "coordinates": [ [ [ 127.086118602318976, 37.501110863206272 ], [ 127.086083845304231, 37.501177201569973 ], [ 127.086309407486326, 37.501230108693264 ], [ 127.086399152206781, 37.500986864790249 ], [ 127.086257167149967, 37.500936510811385 ], [ 127.086118602318976, 37.501110863206272 ] ] ] }, { "type": "Polygon", "coordinates": [ [ [ 127.088126015497394, 37.501064448782437 ], [ 127.088019485488473, 37.501094755327536 ], [ 127.088085633505415, 37.501242984170688 ], [ 127.088055312565814, 37.501251601909139 ], [ 127.088121891359179, 37.501400542201004 ], [ 127.08825912710094, 37.501361500369889 ], [ 127.088283394463829, 37.501320757425816 ], [ 127.088177154646687, 37.501083782745098 ], [ 127.088126015497394, 37.501064448782437 ] ] ] }, { "type": "Polygon", "coordinates": [ [ [ 127.09495448273897, 37.501034999536998 ], [ 127.094384733907589, 37.501126107234747 ], [ 127.09442518515344, 37.501280326336797 ], [ 127.094941906295603, 37.501197738786239 ], [ 127.094974883090586, 37.501161132172754 ], [ 127.09495448273897, 37.501034999536998 ] ] ] }, { "type": "Polygon", "coordinates": [ [ [ 127.094947741484873, 37.501251974268293 ], [ 127.094803918898322, 37.501274964270181 ], [ 127.094842901928075, 37.501430004292551 ], [ 127.095013861158975, 37.501402658968729 ], [ 127.094993689113764, 37.501278337170838 ], [ 127.094947741484873, 37.501251974268293 ] ] ] }, { "type": "Polygon", "coordinates": [ [ [ 127.096545074954761, 37.501463966493255 ], [ 127.096528690680373, 37.501242874699813 ], [ 127.096331246188853, 37.501252043310153 ], [ 127.096347629997169, 37.501473225231145 ], [ 127.096545074954761, 37.501463966493255 ] ] ] }, { "type": "Polygon", "coordinates": [ [ [ 127.091594875603931, 37.501287735066036 ], [ 127.091543961618186, 37.501268402412414 ], [ 127.091397333148223, 37.501310131170356 ], [ 127.091463895415387, 37.501458574037436 ], [ 127.091647966913612, 37.501406112777921 ], [ 127.091594875603931, 37.501287735066036 ] ] ] }, { "type": "Polygon", "coordinates": [ [ [ 127.095651195498178, 37.501366563420589 ], [ 127.095506108595742, 37.501373346325693 ], [ 127.095516008549197, 37.501512272378648 ], [ 127.09566098262863, 37.501505489551299 ], [ 127.095651195498178, 37.501366563420589 ] ] ] }, { "type": "Polygon", "coordinates": [ [ [ 127.095638881405648, 37.501737153803596 ], [ 127.095784308273053, 37.501730370464209 ], [ 127.095773840945128, 37.501590336664059 ], [ 127.095628414427495, 37.501597183060156 ], [ 127.095638881405648, 37.501737153803596 ] ] ] }, { "type": "Polygon", "coordinates": [ [ [ 127.089070593470552, 37.501580141682773 ], [ 127.088949863578762, 37.501614487049416 ], [ 127.089016285502481, 37.501762877334158 ], [ 127.089137139918563, 37.501728459728191 ], [ 127.089070593470552, 37.501580141682773 ] ] ] }, { "type": "Polygon", "coordinates": [ [ [ 127.090714017612669, 37.50167205748992 ], [ 127.090597233893419, 37.501705293331888 ], [ 127.090663795026387, 37.50185381773106 ], [ 127.090784422754069, 37.501819488711661 ], [ 127.090714017612669, 37.50167205748992 ] ] ] }, { "type": "Polygon", "coordinates": [ [ [ 127.08753741144848, 37.501958885368204 ], [ 127.08767354058304, 37.501920160375541 ], [ 127.087607291101605, 37.501772021492457 ], [ 127.087471173541573, 37.501810773431167 ], [ 127.08753741144848, 37.501958885368204 ] ] ] }, { "type": "Polygon", "coordinates": [ [ [ 127.088825532584337, 37.5019847541244 ], [ 127.088758963538666, 37.501836120577089 ], [ 127.088648521058545, 37.501867574842791 ], [ 127.088701698887974, 37.501986197074892 ], [ 127.088752838709482, 37.502005440684606 ], [ 127.088825532584337, 37.5019847541244 ] ] ] }, { "type": "Polygon", "coordinates": [ [ [ 127.095392169306095, 37.501960230025254 ], [ 127.095260877641991, 37.501966397997521 ], [ 127.095224844796448, 37.502001115013925 ], [ 127.095245895323529, 37.502131112348003 ], [ 127.095404814025997, 37.502123670052143 ], [ 127.095392169306095, 37.501960230025254 ] ] ] }, { "type": "Polygon", "coordinates": [ [ [ 127.090343530416746, 37.502072650141614 ], [ 127.090300362388732, 37.501976383904776 ], [ 127.090113925674558, 37.502029475533206 ], [ 127.090157116144383, 37.502125768850533 ], [ 127.090343530416746, 37.502072650141614 ] ] ] }, { "type": "Polygon", "coordinates": [ [ [ 127.096793494033037, 37.502143299238284 ], [ 127.096782446860885, 37.50199347215613 ], [ 127.096500661752856, 37.502006673422976 ], [ 127.096506489554017, 37.502071991102994 ], [ 127.096700824997939, 37.50222227434417 ], [ 127.096793494033037, 37.502143299238284 ] ] ] }, { "type": "Polygon", "coordinates": [ [ [ 127.090925980445093, 37.502171401656113 ], [ 127.090859418617327, 37.502022967513412 ], [ 127.090752809246524, 37.502053321628388 ], [ 127.090819359538344, 37.502201719799267 ], [ 127.090925980445093, 37.502171401656113 ] ] ] }, { "type": "Polygon", "coordinates": [ [ [ 127.095732648044248, 37.502108299318088 ], [ 127.095541534074684, 37.502117272350127 ], [ 127.095567155363028, 37.502347456976558 ], [ 127.095748539230243, 37.50233469846264 ], [ 127.095732648044248, 37.502108299318088 ] ] ] }, { "type": "Polygon", "coordinates": [ [ [ 127.092062634343662, 37.502331183913732 ], [ 127.092011606545356, 37.50231194165255 ], [ 127.091864399733865, 37.502353842616344 ], [ 127.091931088376882, 37.502502384205961 ], [ 127.092115783875542, 37.502449723528571 ], [ 127.092062634343662, 37.502331183913732 ] ] ] }, { "type": "Polygon", "coordinates": [ [ [ 127.09663525319381, 37.502854431364078 ], [ 127.096797368322015, 37.50271806081296 ], [ 127.096659285613299, 37.50261390860485 ], [ 127.0964286968278, 37.502619473043964 ], [ 127.096440412511654, 37.502761848352634 ], [ 127.096499329936549, 37.502758737604282 ], [ 127.09663525319381, 37.502854431364078 ] ] ] }, { "type": "Polygon", "coordinates": [ [ [ 127.095037880690484, 37.50271670972581 ], [ 127.095091617090347, 37.502993408719853 ], [ 127.095227304440769, 37.502973830598641 ], [ 127.095260734585352, 37.502937493855889 ], [ 127.095222773535525, 37.502696597097398 ], [ 127.095037880690484, 37.50271670972581 ] ] ] }, { "type": "Polygon", "coordinates": [ [ [ 127.095355945874459, 37.502818585635808 ], [ 127.095373022386283, 37.502926592723846 ], [ 127.095416712265163, 37.502955299842256 ], [ 127.095507633173582, 37.502950542350106 ], [ 127.095496149289318, 37.502811257191439 ], [ 127.095355945874459, 37.502818585635808 ] ] ] }, { "type": "Polygon", "coordinates": [ [ [ 127.096859178073771, 37.502988472531712 ], [ 127.096850295194216, 37.502877747045005 ], [ 127.096649794302067, 37.502887999851531 ], [ 127.096659773775315, 37.502998634370343 ], [ 127.096859178073771, 37.502988472531712 ] ] ] }, { "type": "Polygon", "coordinates": [ [ [ 127.088915538183741, 37.50313590187541 ], [ 127.089038769069589, 37.503100842910222 ], [ 127.089062923476405, 37.503060099901674 ], [ 127.08900997081237, 37.502941747987258 ], [ 127.088849092650591, 37.502987538616686 ], [ 127.088915538183741, 37.50313590187541 ] ] ] }, { "type": "Polygon", "coordinates": [ [ [ 127.097536424872061, 37.50299702409864 ], [ 127.097338795170288, 37.503006374742746 ], [ 127.09735237354316, 37.503188968989114 ], [ 127.097552018435053, 37.503207394451337 ], [ 127.097536424872061, 37.50299702409864 ] ] ] }, { "type": "Polygon", "coordinates": [ [ [ 127.091370822268431, 37.503054078324226 ], [ 127.091187436067145, 37.50310625930981 ], [ 127.091253988157348, 37.503254657206909 ], [ 127.091437374674825, 37.503202476118908 ], [ 127.091370822268431, 37.503054078324226 ] ] ] }, { "type": "Polygon", "coordinates": [ [ [ 127.095628040552199, 37.503281653352261 ], [ 127.095605597659997, 37.503151395931845 ], [ 127.095411918284412, 37.503172984768938 ], [ 127.095427513131327, 37.503271721751048 ], [ 127.095472445567736, 37.503299076362346 ], [ 127.095628040552199, 37.503281653352261 ] ] ] }, { "type": "Polygon", "coordinates": [ [ [ 127.096682038590657, 37.503254499863417 ], [ 127.096697885224799, 37.503452256146041 ], [ 127.096895629392279, 37.503442996581484 ], [ 127.096878748126031, 37.503232446989458 ], [ 127.096682038590657, 37.503254499863417 ] ] ] }, { "type": "Polygon", "coordinates": [ [ [ 127.097381145529312, 37.50357896963159 ], [ 127.097369178106234, 37.503418106163856 ], [ 127.097177653989178, 37.503427181284962 ], [ 127.097190594473219, 37.503588719732463 ], [ 127.097381145529312, 37.50357896963159 ] ] ] }, { "type": "Polygon", "coordinates": [ [ [ 127.089798882404253, 37.503668951220753 ], [ 127.090201339618886, 37.503554358193284 ], [ 127.090134789322335, 37.503405941688541 ], [ 127.089732310129918, 37.503520489458353 ], [ 127.089798882404253, 37.503668951220753 ] ] ] }, { "type": "Polygon", "coordinates": [ [ [ 127.093010270195549, 37.503649352732602 ], [ 127.093192390171907, 37.503597476244103 ], [ 127.093127846174312, 37.503448393134178 ], [ 127.092771735292715, 37.503549868839521 ], [ 127.09274758274546, 37.503590612600547 ], [ 127.092853614267739, 37.503827493121896 ], [ 127.092904756407904, 37.503846734925283 ], [ 127.0930744296017, 37.503798427189743 ], [ 127.093010270195549, 37.503649352732602 ] ] ] }, { "type": "Polygon", "coordinates": [ [ [ 127.091636841780954, 37.503648137918695 ], [ 127.091570197945259, 37.503499605168059 ], [ 127.09137562962762, 37.503554984498429 ], [ 127.091442273127555, 37.503703517357849 ], [ 127.091636841780954, 37.503648137918695 ] ] ] }, { "type": "Polygon", "coordinates": [ [ [ 127.091894267175306, 37.503742329804219 ], [ 127.091831410146369, 37.503592758158916 ], [ 127.091670430567206, 37.503638579732652 ], [ 127.091733287302958, 37.503788142452819 ], [ 127.091894267175306, 37.503742329804219 ] ] ] }, { "type": "Polygon", "coordinates": [ [ [ 127.082863343589963, 37.50407310862807 ], [ 127.082796909309081, 37.5039248500957 ], [ 127.082680773942073, 37.503957555077655 ], [ 127.082747310012849, 37.504106002814218 ], [ 127.082863343589963, 37.50407310862807 ] ] ] }, { "type": "Polygon", "coordinates": [ [ [ 127.092745870594371, 37.503949481388972 ], [ 127.092618807474338, 37.503985637378641 ], [ 127.092685476406118, 37.504134142474811 ], [ 127.092850085580949, 37.504087343637813 ], [ 127.092797012790257, 37.503968723238529 ], [ 127.092745870594371, 37.503949481388972 ] ] ] }, { "type": "Polygon", "coordinates": [ [ [ 127.09651089108921, 37.504162663283111 ], [ 127.096498193689314, 37.504004458272803 ], [ 127.096345413078467, 37.504021573829164 ], [ 127.096373217511641, 37.504178090870518 ], [ 127.09651089108921, 37.504162663283111 ] ] ] }, { "type": "Polygon", "coordinates": [ [ [ 127.096568593869861, 37.504315696397555 ], [ 127.096962007160471, 37.504271599719466 ], [ 127.096951169927351, 37.504136179493408 ], [ 127.096753491795852, 37.504145439097634 ], [ 127.096757215007443, 37.504191837483759 ], [ 127.096559262878515, 37.50419920488843 ], [ 127.096568593869861, 37.504315696397555 ] ] ] }, { "type": "Polygon", "coordinates": [ [ [ 127.092444102050649, 37.504202804339954 ], [ 127.092323358159319, 37.504237135130971 ], [ 127.092390037953066, 37.504385568299547 ], [ 127.092510895038345, 37.504351147254155 ], [ 127.092444102050649, 37.504202804339954 ] ] ] }, { "type": "Polygon", "coordinates": [ [ [ 127.082550729188554, 37.504284526394741 ], [ 127.08258476564221, 37.504373873022701 ], [ 127.082771552889284, 37.504320856120898 ], [ 127.082732191123071, 37.504233044903607 ], [ 127.082550729188554, 37.504284526394741 ] ] ] }, { "type": "Polygon", "coordinates": [ [ [ 127.094291778068182, 37.504328858953649 ], [ 127.094241763966295, 37.504307814871652 ], [ 127.094161132894286, 37.504330799516048 ], [ 127.09422716074458, 37.504479466414026 ], [ 127.094331737104312, 37.504449651371189 ], [ 127.094291778068182, 37.504328858953649 ] ] ] }, { "type": "Polygon", "coordinates": [ [ [ 127.096464404084486, 37.504382003520483 ], [ 127.096326899714555, 37.504397412897617 ], [ 127.096354806127152, 37.504554001931183 ], [ 127.096518228567263, 37.504535670469224 ], [ 127.096508207982367, 37.504410439836441 ], [ 127.096464404084486, 37.504382003520483 ] ] ] }, { "type": "Polygon", "coordinates": [ [ [ 127.095355982524524, 37.504673262741001 ], [ 127.095530909924676, 37.504648003842824 ], [ 127.095511301614863, 37.504523681754449 ], [ 127.095465690647714, 37.504496958402122 ], [ 127.095322209709096, 37.504517642199545 ], [ 127.095355982524524, 37.504673262741001 ] ] ] }, { "type": "Polygon", "coordinates": [ [ [ 127.097483546234244, 37.504864385112612 ], [ 127.097293110518692, 37.504869585246333 ], [ 127.097310924486266, 37.505091937032759 ], [ 127.097500588596674, 37.505084304803383 ], [ 127.097483546234244, 37.504864385112612 ] ] ] }, { "type": "Polygon", "coordinates": [ [ [ 127.0782233319634, 37.505065562265855 ], [ 127.078326090697388, 37.50497667513563 ], [ 127.078222323362624, 37.504897743069762 ], [ 127.078119598293767, 37.504986386819674 ], [ 127.0782233319634, 37.505065562265855 ] ] ] }, { "type": "Polygon", "coordinates": [ [ [ 127.094395793851447, 37.505216169897757 ], [ 127.094329109124118, 37.505067557689195 ], [ 127.094228715014779, 37.505096198147896 ], [ 127.09429539945728, 37.505244720312952 ], [ 127.094395793851447, 37.505216169897757 ] ] ] }, { "type": "Polygon", "coordinates": [ [ [ 127.090210724160571, 37.505254245724338 ], [ 127.090141796596967, 37.505133933170875 ], [ 127.090089638440588, 37.505116402833131 ], [ 127.089774533600448, 37.505206540217848 ], [ 127.08987835824685, 37.505371408252714 ], [ 127.090210724160571, 37.505254245724338 ] ] ] }, { "type": "Polygon", "coordinates": [ [ [ 127.097365745046602, 37.505775299262382 ], [ 127.097701344142962, 37.505805840611565 ], [ 127.09774213283751, 37.505775083377493 ], [ 127.097724638910677, 37.505538856059111 ], [ 127.097535883989664, 37.505541982921223 ], [ 127.097528869941243, 37.505452078070491 ], [ 127.097340908713576, 37.505465466338784 ], [ 127.097365745046602, 37.505775299262382 ] ] ] }, { "type": "Polygon", "coordinates": [ [ [ 127.080860344490532, 37.505484442373081 ], [ 127.080688262630716, 37.505533400910373 ], [ 127.080754807548388, 37.505681921804289 ], [ 127.080964562295435, 37.505622215968856 ], [ 127.080911484693345, 37.505503689365327 ], [ 127.080860344490532, 37.505484442373081 ] ] ] }, { "type": "Polygon", "coordinates": [ [ [ 127.090117044419259, 37.50581735846319 ], [ 127.09027913752189, 37.50577115075474 ], [ 127.0901529702369, 37.505592893004945 ], [ 127.089972408883256, 37.505696796239938 ], [ 127.090063306580333, 37.505803343191516 ], [ 127.090117044419259, 37.50581735846319 ] ] ] }, { "type": "Polygon", "coordinates": [ [ [ 127.09540241818604, 37.505810122718138 ], [ 127.095356859791934, 37.505645276357541 ], [ 127.095228746037918, 37.505665560401667 ], [ 127.095274986127166, 37.505833109262952 ], [ 127.09540241818604, 37.505810122718138 ] ] ] }, { "type": "Polygon", "coordinates": [ [ [ 127.086696133103899, 37.505671300097141 ], [ 127.086594265393657, 37.505700286518362 ], [ 127.086660935168723, 37.505848731905864 ], [ 127.086800271436076, 37.505809095622318 ], [ 127.086747161932877, 37.505690634741796 ], [ 127.086696133103899, 37.505671300097141 ] ] ] }, { "type": "Polygon", "coordinates": [ [ [ 127.0935766744322, 37.505708305273693 ], [ 127.093525643836003, 37.505688973581407 ], [ 127.093348685702949, 37.505739332879259 ], [ 127.093407113133551, 37.505869625757427 ], [ 127.093481731444072, 37.505848385238998 ], [ 127.093539910099977, 37.505978452993176 ], [ 127.093642340745703, 37.505949270936703 ], [ 127.093666606771748, 37.505908617020218 ], [ 127.0935766744322, 37.505708305273693 ] ] ] }, { "type": "Polygon", "coordinates": [ [ [ 127.093165733858086, 37.50593828908309 ], [ 127.093281166393723, 37.505905493261622 ], [ 127.093222727810982, 37.505775173300563 ], [ 127.093107318124709, 37.505808014097767 ], [ 127.093165733858086, 37.50593828908309 ] ] ] }, { "type": "Polygon", "coordinates": [ [ [ 127.078889006933807, 37.506086084703 ], [ 127.079025623950827, 37.505971658545683 ], [ 127.078907196574647, 37.505881303053044 ], [ 127.078770500252048, 37.505995611997356 ], [ 127.078889006933807, 37.506086084703 ] ] ] }, { "type": "Polygon", "coordinates": [ [ [ 127.093665136027667, 37.506000249619852 ], [ 127.093458702941021, 37.506058993325212 ], [ 127.093516983376617, 37.506188952887037 ], [ 127.093577017427236, 37.506171859245114 ], [ 127.093635196389812, 37.50630183684499 ], [ 127.093781720255691, 37.506260096412262 ], [ 127.093805986306364, 37.506219442469302 ], [ 127.093716166760956, 37.506019491150845 ], [ 127.093665136027667, 37.506000249619852 ] ] ] }, { "type": "Polygon", "coordinates": [ [ [ 127.080102615949485, 37.506259806847829 ], [ 127.080168934356848, 37.506408517413774 ], [ 127.08065816379532, 37.506269166749185 ], [ 127.080525073531703, 37.505972097811529 ], [ 127.079948560008006, 37.506136112158451 ], [ 127.08000888559414, 37.506286538691626 ], [ 127.080102615949485, 37.506259806847829 ] ] ] }, { "type": "Polygon", "coordinates": [ [ [ 127.091631560333553, 37.506395842618204 ], [ 127.091565004598351, 37.506247363928161 ], [ 127.091403544309443, 37.506293320636537 ], [ 127.091468969118353, 37.506442079586911 ], [ 127.091631560333553, 37.506395842618204 ] ] ] }, { "type": "Polygon", "coordinates": [ [ [ 127.096991580585666, 37.506437934538063 ], [ 127.096929304835939, 37.506399413150774 ], [ 127.0969273895481, 37.506316342729825 ], [ 127.096718672974816, 37.506187578373307 ], [ 127.095945796569623, 37.50630541846845 ], [ 127.095912591568919, 37.506341845304682 ], [ 127.095932429491725, 37.506467969098715 ], [ 127.096397287467809, 37.50639713865344 ], [ 127.096434918941895, 37.506551899788128 ], [ 127.096958350536525, 37.50647210018375 ], [ 127.096991580585666, 37.506437934538063 ] ] ] }, { "type": "Polygon", "coordinates": [ [ [ 127.08862055701492, 37.506319597190206 ], [ 127.088444973444211, 37.506369569707104 ], [ 127.088509720394583, 37.506514213237558 ], [ 127.088685292950686, 37.506464240633626 ], [ 127.08862055701492, 37.506319597190206 ] ] ] }, { "type": "Polygon", "coordinates": [ [ [ 127.087059199451772, 37.506386429844007 ], [ 127.087008056970518, 37.506367095418938 ], [ 127.086876351487575, 37.506404600076536 ], [ 127.086942898010733, 37.506553018345571 ], [ 127.087112242073431, 37.50650488160818 ], [ 127.087059199451772, 37.506386429844007 ] ] ] }, { "type": "Polygon", "coordinates": [ [ [ 127.081293879515229, 37.506590305183813 ], [ 127.081615784749658, 37.50649872620675 ], [ 127.081549407181384, 37.506350331845915 ], [ 127.081227412033272, 37.506441919714803 ], [ 127.081293879515229, 37.506590305183813 ] ] ] }, { "type": "Polygon", "coordinates": [ [ [ 127.087264237332988, 37.506576031273113 ], [ 127.087315379919644, 37.50659527548666 ], [ 127.087483921065797, 37.506547337019462 ], [ 127.087425773176534, 37.506415599422496 ], [ 127.087218757348722, 37.506474431756288 ], [ 127.087264237332988, 37.506576031273113 ] ] ] }, { "type": "Polygon", "coordinates": [ [ [ 127.09302203499233, 37.506533788653229 ], [ 127.092866239264239, 37.506578139195 ], [ 127.09292560793503, 37.506710648018668 ], [ 127.093090633615205, 37.506685517530748 ], [ 127.09302203499233, 37.506533788653229 ] ] ] }, { "type": "Polygon", "coordinates": [ [ [ 127.086210028564011, 37.506761406158596 ], [ 127.086351695865574, 37.506721120019968 ], [ 127.086285365229074, 37.506572683246738 ], [ 127.086143460736238, 37.506613032546447 ], [ 127.086210028564011, 37.506761406158596 ] ] ] }, { "type": "Polygon", "coordinates": [ [ [ 127.08756432217973, 37.506783276756593 ], [ 127.087506010031035, 37.506636799005186 ], [ 127.087353478300486, 37.506680211874311 ], [ 127.087329321801576, 37.506720954510698 ], [ 127.087380675435497, 37.506835497045124 ], [ 127.08756432217973, 37.506783276756593 ] ] ] }, { "type": "Polygon", "coordinates": [ [ [ 127.080243405654713, 37.506889420293369 ], [ 127.080377964598284, 37.506851146269263 ], [ 127.080311747446899, 37.506702697053981 ], [ 127.080177414914317, 37.50674095283285 ], [ 127.080243405654713, 37.506889420293369 ] ] ] }, { "type": "Polygon", "coordinates": [ [ [ 127.082766265847098, 37.506956187867786 ], [ 127.08269984024929, 37.506807695089471 ], [ 127.082469064851963, 37.506873319934982 ], [ 127.082535501400159, 37.507021848873976 ], [ 127.082766265847098, 37.506956187867786 ] ] ] }, { "type": "Polygon", "coordinates": [ [ [ 127.081277300468543, 37.507154881410543 ], [ 127.081414787747704, 37.507115775312322 ], [ 127.081439060881138, 37.507075214007095 ], [ 127.081385856991588, 37.506956597632602 ], [ 127.081211646457348, 37.507006144008905 ], [ 127.081277300468543, 37.507154881410543 ] ] ] }, { "type": "Polygon", "coordinates": [ [ [ 127.088126687698207, 37.507197784124742 ], [ 127.088060092924792, 37.507049285485877 ], [ 127.087945368725542, 37.507081958553421 ], [ 127.088011940639518, 37.507230421233089 ], [ 127.088126687698207, 37.507197784124742 ] ] ] }, { "type": "Polygon", "coordinates": [ [ [ 127.082616524059375, 37.50734443145268 ], [ 127.082802809937832, 37.507291604078539 ], [ 127.082754637535729, 37.507184229311775 ], [ 127.082606070503573, 37.507226507075579 ], [ 127.082581911247502, 37.507267248740625 ], [ 127.082616524059375, 37.50734443145268 ] ] ] }, { "type": "Polygon", "coordinates": [ [ [ 127.079746112523054, 37.507423861950237 ], [ 127.079782018079044, 37.50726868640961 ], [ 127.079642884207601, 37.507248235764941 ], [ 127.07960674076989, 37.507403321321462 ], [ 127.079746112523054, 37.507423861950237 ] ] ] }, { "type": "Polygon", "coordinates": [ [ [ 127.083522379123565, 37.507328507160011 ], [ 127.083335958139571, 37.507381515961356 ], [ 127.083376206625289, 37.507471317519034 ], [ 127.083562639104017, 37.507418299636889 ], [ 127.083522379123565, 37.507328507160011 ] ] ] }, { "type": "Polygon", "coordinates": [ [ [ 127.08958681505429, 37.507429810638996 ], [ 127.089424894836938, 37.507462907746245 ], [ 127.089473138593192, 37.507613167203445 ], [ 127.089638348333338, 37.507587996353536 ], [ 127.08958681505429, 37.507429810638996 ] ] ] }, { "type": "Polygon", "coordinates": [ [ [ 127.084819581916477, 37.507781269738132 ], [ 127.084860015618645, 37.507618764366548 ], [ 127.084658625468904, 37.507584569267699 ], [ 127.084618236568517, 37.50774705652001 ], [ 127.084819581916477, 37.507781269738132 ] ] ] }, { "type": "Polygon", "coordinates": [ [ [ 127.083573125975647, 37.508402253511797 ], [ 127.083720960562403, 37.50842271148769 ], [ 127.08373716938064, 37.508351791723669 ], [ 127.083590714773365, 37.508331341818966 ], [ 127.083573125975647, 37.508402253511797 ] ] ] }, { "type": "Polygon", "coordinates": [ [ [ 127.08194290260974, 37.508325546504636 ], [ 127.081906197831614, 37.508480561036684 ], [ 127.082030629270932, 37.508499018817687 ], [ 127.082067446921272, 37.50834402219057 ], [ 127.08194290260974, 37.508325546504636 ] ] ] }, { "type": "Polygon", "coordinates": [ [ [ 127.083388179819096, 37.508699999238452 ], [ 127.08342669147892, 37.508545181219674 ], [ 127.083284590384068, 37.508524178309273 ], [ 127.083246202823815, 37.508678969166624 ], [ 127.083388179819096, 37.508699999238452 ] ] ] }, { "type": "Polygon", "coordinates": [ [ [ 127.081361219877465, 37.508588140303921 ], [ 127.081333140308374, 37.508708343299183 ], [ 127.081526857881542, 37.508737125253738 ], [ 127.081554937150614, 37.508616922213371 ], [ 127.081361219877465, 37.508588140303921 ] ] ] }, { "type": "Polygon", "coordinates": [ [ [ 127.083991211188561, 37.508675072640948 ], [ 127.08386440224011, 37.50865515896789 ], [ 127.083839753785966, 37.508765187905603 ], [ 127.083858553328341, 37.508787609633153 ], [ 127.083959458900395, 37.50880456810188 ], [ 127.083991211188561, 37.508675072640948 ] ] ] }, { "type": "Polygon", "coordinates": [ [ [ 127.082382924008087, 37.50911289786891 ], [ 127.082188243661363, 37.509084018868414 ], [ 127.082144043207521, 37.509273267453622 ], [ 127.082338769260275, 37.509302137484553 ], [ 127.082382924008087, 37.50911289786891 ] ] ] }, { "type": "Polygon", "coordinates": [ [ [ 127.081830347578304, 37.509458266640522 ], [ 127.081880538182048, 37.509243074395989 ], [ 127.081685959577825, 37.509214284598954 ], [ 127.081635734590336, 37.509429557875144 ], [ 127.081830347578304, 37.509458266640522 ] ] ] }, { "type": "Polygon", "coordinates": [ [ [ 127.081178205964761, 37.509371852092848 ], [ 127.080984373781178, 37.509343069647443 ], [ 127.080967991717756, 37.509413259331907 ], [ 127.081007277749947, 37.509450353983397 ], [ 127.081154449350635, 37.509473590684024 ], [ 127.081178205964761, 37.509371852092848 ] ] ] }, { "type": "Polygon", "coordinates": [ [ [ 127.081910323321708, 37.509585433028725 ], [ 127.082065864919841, 37.509608500717121 ], [ 127.082119229894474, 37.509379773235892 ], [ 127.081924458453841, 37.509350875844483 ], [ 127.081878388467146, 37.509548333678012 ], [ 127.081910323321708, 37.509585433028725 ] ] ] }, { "type": "Polygon", "coordinates": [ [ [ 127.085092677405569, 37.509346532477331 ], [ 127.084985597386748, 37.509778275879668 ], [ 127.085117749934014, 37.509800806464085 ], [ 127.085224908385271, 37.50936905387843 ], [ 127.085092677405569, 37.509346532477331 ] ] ] }, { "type": "Polygon", "coordinates": [ [ [ 127.082955326982969, 37.50974026536074 ], [ 127.083025812922031, 37.509438526887905 ], [ 127.082853767261454, 37.509413237354792 ], [ 127.082790824440352, 37.509683489700031 ], [ 127.082822873004702, 37.509720678824408 ], [ 127.082955326982969, 37.50974026536074 ] ] ] }, { "type": "Polygon", "coordinates": [ [ [ 127.080626964859164, 37.509714241032754 ], [ 127.08068673058888, 37.509459038619248 ], [ 127.080570012694793, 37.509441709520928 ], [ 127.080510880158783, 37.509697100662265 ], [ 127.080626964859164, 37.509714241032754 ] ] ] }, { "type": "Polygon", "coordinates": [ [ [ 127.083275142613431, 37.509619986590003 ], [ 127.083242407255725, 37.509751834120749 ], [ 127.083273551639365, 37.509789384146679 ], [ 127.083497198754031, 37.509827431424796 ], [ 127.083525345437863, 37.509812725636408 ], [ 127.083552934294516, 37.509701703644858 ], [ 127.083409956455, 37.50967738583013 ], [ 127.083418165551066, 37.509644313546957 ], [ 127.083275142613431, 37.509619986590003 ] ] ] }, { "type": "Polygon", "coordinates": [ [ [ 127.08462675843279, 37.50964951511844 ], [ 127.084482536123048, 37.509625118387596 ], [ 127.084434219031223, 37.509819938862492 ], [ 127.084578407978896, 37.509844524884159 ], [ 127.08462675843279, 37.50964951511844 ] ] ] }, { "type": "Polygon", "coordinates": [ [ [ 127.081237335651537, 37.509977642631561 ], [ 127.081043320903319, 37.509948851399827 ], [ 127.081018888073146, 37.51005320330048 ], [ 127.081213004875636, 37.510081994502869 ], [ 127.081237335651537, 37.509977642631561 ] ] ] }, { "type": "Polygon", "coordinates": [ [ [ 127.081488559023981, 37.510059995141162 ], [ 127.08168317359312, 37.510088704144081 ], [ 127.081707616434642, 37.509983991701496 ], [ 127.081513081319869, 37.50995530070432 ], [ 127.081488559023981, 37.510059995141162 ] ] ] }, { "type": "Polygon", "coordinates": [ [ [ 127.082360683024092, 37.510366749597502 ], [ 127.082363677788507, 37.510353944381194 ], [ 127.082558248299492, 37.510382733060418 ], [ 127.082621970131385, 37.510109867444541 ], [ 127.082229891326861, 37.510064095040079 ], [ 127.08216595427433, 37.510337951690829 ], [ 127.082360683024092, 37.510366749597502 ] ] ] }, { "type": "Polygon", "coordinates": [ [ [ 127.08268083154006, 37.510153615470564 ], [ 127.082651053922831, 37.510281478387192 ], [ 127.082812875536334, 37.510305522861721 ], [ 127.08284264147882, 37.510177569813287 ], [ 127.08268083154006, 37.510153615470564 ] ] ] }, { "type": "Polygon", "coordinates": [ [ [ 127.085187136258071, 37.510355771480064 ], [ 127.085450014308577, 37.510397111941202 ], [ 127.085486934569531, 37.510248331107491 ], [ 127.08522403438981, 37.510206981732942 ], [ 127.085187136258071, 37.510355771480064 ] ] ] }, { "type": "Polygon", "coordinates": [ [ [ 127.084632019712771, 37.510487790003822 ], [ 127.084686426921536, 37.51028746009127 ], [ 127.084543775601119, 37.51026314342208 ], [ 127.08449357780502, 37.510465542606163 ], [ 127.084632019712771, 37.510487790003822 ] ] ] }, { "type": "Polygon", "coordinates": [ [ [ 127.082018600432392, 37.510673493359057 ], [ 127.082047197387041, 37.51055093828662 ], [ 127.081852490908716, 37.510522148859089 ], [ 127.081816597956021, 37.510675973437735 ], [ 127.081971915560104, 37.510699023376837 ], [ 127.082018600432392, 37.510673493359057 ] ] ] }, { "type": "Polygon", "coordinates": [ [ [ 127.082894369798794, 37.51150613517656 ], [ 127.082885014539272, 37.511348557282666 ], [ 127.082650012951248, 37.511357458589949 ], [ 127.082659345096715, 37.511515036518297 ], [ 127.082894369798794, 37.51150613517656 ] ] ] }, { "type": "Polygon", "coordinates": [ [ [ 127.077709270550756, 37.515532272405494 ], [ 127.077520063815584, 37.516342479911515 ], [ 127.077665202538086, 37.516467895186501 ], [ 127.079413774707248, 37.516311153003763 ], [ 127.079118298785332, 37.515523246182475 ], [ 127.078633567407493, 37.515588435356896 ], [ 127.078239716719111, 37.515594278000741 ], [ 127.077709270550756, 37.515532272405494 ] ] ] }, { "type": "Polygon", "coordinates": [ [ [ 127.108018805897473, 37.495798702022867 ], [ 127.106649010877433, 37.495374747429459 ], [ 127.106523955008612, 37.49562596708985 ], [ 127.107898052970782, 37.496051270736672 ], [ 127.108018805897473, 37.495798702022867 ] ] ] }, { "type": "Polygon", "coordinates": [ [ [ 127.097690786361511, 37.497839034143162 ], [ 127.097574940183421, 37.49780255685026 ], [ 127.097512678017097, 37.497928296787649 ], [ 127.097628524370975, 37.497964783150593 ], [ 127.097690786361511, 37.497839034143162 ] ] ] }, { "type": "Polygon", "coordinates": [ [ [ 127.098143725288665, 37.49812708327272 ], [ 127.09832835643796, 37.498185226739004 ], [ 127.098392076741447, 37.498059863601725 ], [ 127.09820621273164, 37.49800134282313 ], [ 127.098143725288665, 37.49812708327272 ] ] ] }, { "type": "Polygon", "coordinates": [ [ [ 127.116825951495173, 37.498564699756038 ], [ 127.117181679989002, 37.498757706302435 ], [ 127.117270404599665, 37.498653013477551 ], [ 127.117414597731809, 37.498731168881456 ], [ 127.117529285723819, 37.498596627337733 ], [ 127.117351930629454, 37.498500484620308 ], [ 127.117237016153524, 37.498634936116183 ], [ 127.116882080535376, 37.49844246955692 ], [ 127.116815366453821, 37.498520471058612 ], [ 127.116825951495173, 37.498564699756038 ] ] ] }, { "type": "Polygon", "coordinates": [ [ [ 127.116736670920176, 37.498823103136573 ], [ 127.116891388523428, 37.498906204403966 ], [ 127.117018946423372, 37.498756604114661 ], [ 127.116864567277631, 37.498672871982691 ], [ 127.116736670920176, 37.498823103136573 ] ] ] }, { "type": "Polygon", "coordinates": [ [ [ 127.101590956168792, 37.498746713513199 ], [ 127.101540417139859, 37.498848046576569 ], [ 127.101747690982108, 37.498913355485797 ], [ 127.101799030437448, 37.49881033678821 ], [ 127.101590956168792, 37.498746713513199 ] ] ] }, { "type": "Polygon", "coordinates": [ [ [ 127.098716975118819, 37.498969632434033 ], [ 127.098717224792054, 37.498865611938676 ], [ 127.098522273583413, 37.498865141474347 ], [ 127.098521979061744, 37.498987154948395 ], [ 127.098694324352664, 37.498987535889974 ], [ 127.098716975118819, 37.498969632434033 ] ] ] }, { "type": "Polygon", "coordinates": [ [ [ 127.102684336284256, 37.499208264853131 ], [ 127.102794982911206, 37.499243128794696 ], [ 127.102850922071582, 37.49913045600875 ], [ 127.102703189819991, 37.499083919916764 ], [ 127.102661889213749, 37.499166928239866 ], [ 127.102684336284256, 37.499208264853131 ] ] ] }, { "type": "Polygon", "coordinates": [ [ [ 127.114962635124229, 37.499243874374088 ], [ 127.114973424580128, 37.49919962498911 ], [ 127.114756760702946, 37.499057565205973 ], [ 127.114654200249646, 37.499063970456426 ], [ 127.114746267976159, 37.49929841215036 ], [ 127.114962635124229, 37.499243874374088 ] ] ] }, { "type": "Polygon", "coordinates": [ [ [ 127.116017485355371, 37.499446392279346 ], [ 127.115855494970219, 37.499340321454497 ], [ 127.11574449424532, 37.499448278341028 ], [ 127.11590637175712, 37.499554439525227 ], [ 127.116017485355371, 37.499446392279346 ] ] ] }, { "type": "Polygon", "coordinates": [ [ [ 127.101095313563036, 37.499781298446692 ], [ 127.101018264938418, 37.499933551013321 ], [ 127.10115019277589, 37.499975147043486 ], [ 127.101227116190927, 37.499822453008463 ], [ 127.101095313563036, 37.499781298446692 ] ] ] }, { "type": "Polygon", "coordinates": [ [ [ 127.106945520116554, 37.500127341633629 ], [ 127.108217288937141, 37.500504799354616 ], [ 127.108612996627556, 37.499718410330175 ], [ 127.10734154299432, 37.499339884340813 ], [ 127.106945520116554, 37.500127341633629 ] ] ] }, { "type": "Polygon", "coordinates": [ [ [ 127.099140829685865, 37.499971778958781 ], [ 127.099100779697338, 37.50013282046757 ], [ 127.099231988232859, 37.50015235378163 ], [ 127.099271461010488, 37.499991168546963 ], [ 127.099140829685865, 37.499971778958781 ] ] ] }, { "type": "Polygon", "coordinates": [ [ [ 127.102082309369493, 37.500089414764808 ], [ 127.101899029021041, 37.500032267138891 ], [ 127.10182187172083, 37.500186790830618 ], [ 127.10196805565684, 37.500232860812339 ], [ 127.102019939424665, 37.500214886817574 ], [ 127.102082309369493, 37.500089414764808 ] ] ] }, { "type": "Polygon", "coordinates": [ [ [ 127.105368521834052, 37.500717540841762 ], [ 127.104991543038537, 37.500598849751874 ], [ 127.104933463144221, 37.500715760087893 ], [ 127.10495602502111, 37.500757096157102 ], [ 127.105295555484417, 37.50086401718157 ], [ 127.105368521834052, 37.500717540841762 ] ] ] }, { "type": "Polygon", "coordinates": [ [ [ 127.104879104972383, 37.500825369050951 ], [ 127.10481684075809, 37.500950752369796 ], [ 127.104991199666088, 37.501005659786181 ], [ 127.105068248841661, 37.500850665625144 ], [ 127.104930988449098, 37.500807393779944 ], [ 127.104879104972383, 37.500825369050951 ] ] ] }, { "type": "Polygon", "coordinates": [ [ [ 127.106063434139571, 37.501105798774887 ], [ 127.106137078139227, 37.500959591666977 ], [ 127.105932295222345, 37.500895081164131 ], [ 127.105858877191736, 37.50104137804643 ], [ 127.106063434139571, 37.501105798774887 ] ] ] }, { "type": "Polygon", "coordinates": [ [ [ 127.110183666699569, 37.501528234853367 ], [ 127.110309155863035, 37.501390293673033 ], [ 127.110148454617828, 37.501297107152098 ], [ 127.110022965326905, 37.501435057174106 ], [ 127.110183666699569, 37.501528234853367 ] ] ] }, { "type": "Polygon", "coordinates": [ [ [ 127.105975227281306, 37.501514299282178 ], [ 127.105927240920792, 37.501586052145541 ], [ 127.106101979464896, 37.501660148840116 ], [ 127.106160438513413, 37.501572601143188 ], [ 127.105975227281306, 37.501514299282178 ] ] ] }, { "type": "Polygon", "coordinates": [ [ [ 127.111336154408136, 37.501644316918679 ], [ 127.111284956899922, 37.501620352900311 ], [ 127.111151099100823, 37.501772881026447 ], [ 127.111241078963843, 37.501822262283994 ], [ 127.111342806717843, 37.501707831100603 ], [ 127.111336154408136, 37.501644316918679 ] ] ] }, { "type": "Polygon", "coordinates": [ [ [ 127.116228859542915, 37.502190267324508 ], [ 127.116320451426489, 37.502034305700327 ], [ 127.116192708373561, 37.501993434359427 ], [ 127.116275851618482, 37.501859285117824 ], [ 127.11617231592048, 37.501821994228202 ], [ 127.116009605001196, 37.501988205966825 ], [ 127.115978614183305, 37.502059865339071 ], [ 127.116195732469166, 37.502196065873399 ], [ 127.116228859542915, 37.502190267324508 ] ] ] }, { "type": "Polygon", "coordinates": [ [ [ 127.098292255735245, 37.50237114174675 ], [ 127.098515755568542, 37.50239399697071 ], [ 127.098534656326194, 37.502230270096895 ], [ 127.098312179535924, 37.502211081131868 ], [ 127.098292255735245, 37.50237114174675 ] ] ] }, { "type": "Polygon", "coordinates": [ [ [ 127.099500520710421, 37.502361559275194 ], [ 127.099461720129753, 37.502527104794922 ], [ 127.099628569899508, 37.50255642898226 ], [ 127.099668370915055, 37.502386503726903 ], [ 127.099500520710421, 37.502361559275194 ] ] ] }, { "type": "Polygon", "coordinates": [ [ [ 127.106922219227798, 37.502626208792087 ], [ 127.107058001847932, 37.502668957049053 ], [ 127.107111928210955, 37.50265557409007 ], [ 127.107210956062815, 37.502538004406411 ], [ 127.106999006042898, 37.50247127672003 ], [ 127.106922219227798, 37.502626208792087 ] ] ] }, { "type": "Polygon", "coordinates": [ [ [ 127.116503440022555, 37.502480842527916 ], [ 127.116344607084841, 37.502668945184283 ], [ 127.116495368432595, 37.502748446764571 ], [ 127.116645847266781, 37.502570082827432 ], [ 127.116503440022555, 37.502480842527916 ] ] ] }, { "type": "Polygon", "coordinates": [ [ [ 127.111332325141802, 37.502813455501411 ], [ 127.111521155917984, 37.502790034074614 ], [ 127.111437797870707, 37.502475573279888 ], [ 127.111333131475163, 37.502437378206196 ], [ 127.111235312751575, 37.502603883419447 ], [ 127.111286808681754, 37.502622666439329 ], [ 127.111332325141802, 37.502813455501411 ] ] ] }, { "type": "Polygon", "coordinates": [ [ [ 127.098456332645924, 37.502705637904079 ], [ 127.098243464267071, 37.502684062292438 ], [ 127.098213089116541, 37.502895740603947 ], [ 127.098426294513729, 37.502915108547654 ], [ 127.098456332645924, 37.502705637904079 ] ] ] }, { "type": "Polygon", "coordinates": [ [ [ 127.099875487525679, 37.50292923684141 ], [ 127.099329340756185, 37.502826994538417 ], [ 127.099280856633897, 37.503025587599126 ], [ 127.09983195883207, 37.503111004366218 ], [ 127.099875487525679, 37.50292923684141 ] ] ] }, { "type": "Polygon", "coordinates": [ [ [ 127.097774601151002, 37.503227656944375 ], [ 127.097807989968246, 37.50307194629535 ], [ 127.09760860587042, 37.503053818382284 ], [ 127.097618250287084, 37.503184275043992 ], [ 127.097657083241302, 37.503216949673991 ], [ 127.097774601151002, 37.503227656944375 ] ] ] }, { "type": "Polygon", "coordinates": [ [ [ 127.110061625004846, 37.503446499675718 ], [ 127.110125471729731, 37.503348619659633 ], [ 127.109974906418529, 37.503299176073618 ], [ 127.109942394618983, 37.503363555184151 ], [ 127.110061625004846, 37.503446499675718 ] ] ] }, { "type": "Polygon", "coordinates": [ [ [ 127.098669799528537, 37.5033636145427 ], [ 127.098545155555129, 37.50335227430773 ], [ 127.098522399677194, 37.503508526035048 ], [ 127.098707216843835, 37.503525222792085 ], [ 127.098707390170816, 37.503397190845696 ], [ 127.098669799528537, 37.5033636145427 ] ] ] }, { "type": "Polygon", "coordinates": [ [ [ 127.097780179479471, 37.50344127000087 ], [ 127.09761345970324, 37.50342610678981 ], [ 127.097623943967946, 37.503567645033833 ], [ 127.097756505686661, 37.503579718608592 ], [ 127.097780179479471, 37.50344127000087 ] ] ] }, { "type": "Polygon", "coordinates": [ [ [ 127.112016910426135, 37.503619282317288 ], [ 127.112172029621931, 37.503726103580121 ], [ 127.112343814314912, 37.503569349133194 ], [ 127.112188841995575, 37.503462374785769 ], [ 127.112016910426135, 37.503619282317288 ] ] ] }, { "type": "Polygon", "coordinates": [ [ [ 127.099758842275506, 37.503843396290101 ], [ 127.099888576696188, 37.503863506723299 ], [ 127.0999252451291, 37.50371083813689 ], [ 127.099795624068832, 37.503690736658911 ], [ 127.099758842275506, 37.503843396290101 ] ] ] }, { "type": "Polygon", "coordinates": [ [ [ 127.098522440397375, 37.503889666124834 ], [ 127.098706580030509, 37.503906435517415 ], [ 127.098706764569656, 37.503787053149651 ], [ 127.098669173731835, 37.503753476848956 ], [ 127.098543748573846, 37.503741993096412 ], [ 127.098522440397375, 37.503889666124834 ] ] ] }, { "type": "Polygon", "coordinates": [ [ [ 127.098160688415263, 37.504006443619474 ], [ 127.098284541617303, 37.504017676786248 ], [ 127.098305952048307, 37.503869976689984 ], [ 127.098182212193095, 37.503858752462463 ], [ 127.098160688415263, 37.504006443619474 ] ] ] }, { "type": "Polygon", "coordinates": [ [ [ 127.107665503541313, 37.503996312432733 ], [ 127.107504486181782, 37.503937153328373 ], [ 127.107401336183443, 37.50411587764345 ], [ 127.107515535508853, 37.504161140468653 ], [ 127.107665503541313, 37.503996312432733 ] ] ] }, { "type": "Polygon", "coordinates": [ [ [ 127.09935979717244, 37.504153400415888 ], [ 127.099393310825533, 37.504000230055468 ], [ 127.099210954081556, 37.503971999566993 ], [ 127.099177451260445, 37.504125079767867 ], [ 127.09935979717244, 37.504153400415888 ] ] ] }, { "type": "Polygon", "coordinates": [ [ [ 127.1111122820178, 37.504307964709504 ], [ 127.111217783280026, 37.504211649243189 ], [ 127.111087953922976, 37.50412131857064 ], [ 127.110982429988368, 37.504217624933531 ], [ 127.1111122820178, 37.504307964709504 ] ] ] }, { "type": "Polygon", "coordinates": [ [ [ 127.114186941746155, 37.504216621365863 ], [ 127.114036883718782, 37.504071055038267 ], [ 127.113732306063568, 37.50427369981751 ], [ 127.113883923134978, 37.504418273946747 ], [ 127.114186941746155, 37.504216621365863 ] ] ] }, { "type": "Polygon", "coordinates": [ [ [ 127.098706032368199, 37.504269177689928 ], [ 127.098445781196588, 37.504245470018333 ], [ 127.098422787915169, 37.504402163386608 ], [ 127.098663596232342, 37.504424094112487 ], [ 127.098705855069284, 37.504394146228101 ], [ 127.098706032368199, 37.504269177689928 ] ] ] }, { "type": "Polygon", "coordinates": [ [ [ 127.09775133238368, 37.504395378148288 ], [ 127.097710318598587, 37.504426405874959 ], [ 127.097719548947353, 37.504551186548966 ], [ 127.097818609596573, 37.504560205915347 ], [ 127.097840122606883, 37.504403486845199 ], [ 127.09775133238368, 37.504395378148288 ] ] ] }, { "type": "Polygon", "coordinates": [ [ [ 127.107337702609428, 37.504656244969041 ], [ 127.107502554902268, 37.504475077741162 ], [ 127.107342122783024, 37.504382481870799 ], [ 127.107177383400469, 37.504563648776781 ], [ 127.107337702609428, 37.504656244969041 ] ] ] }, { "type": "Polygon", "coordinates": [ [ [ 127.108429971459898, 37.504522877919882 ], [ 127.108327441338432, 37.504635595375177 ], [ 127.108472406596917, 37.504738141910643 ], [ 127.108586970745932, 37.504633855773434 ], [ 127.108429971459898, 37.504522877919882 ] ] ] }, { "type": "Polygon", "coordinates": [ [ [ 127.110976519077724, 37.504568947427572 ], [ 127.110867798038115, 37.504668184885837 ], [ 127.111022940169619, 37.504774854447241 ], [ 127.111131593471754, 37.504675734040582 ], [ 127.110976519077724, 37.504568947427572 ] ] ] }, { "type": "Polygon", "coordinates": [ [ [ 127.098705383404649, 37.504641020000484 ], [ 127.098510949074608, 37.50462333103431 ], [ 127.098487050886106, 37.504779899008277 ], [ 127.098662947058656, 37.504795936413252 ], [ 127.098705206105109, 37.504765988530707 ], [ 127.098705383404649, 37.504641020000484 ] ] ] }, { "type": "Polygon", "coordinates": [ [ [ 127.101585009942326, 37.504799083557486 ], [ 127.101451843492256, 37.5047426676878 ], [ 127.101360269363383, 37.504878219131022 ], [ 127.101549868756777, 37.504958427728617 ], [ 127.101605084182637, 37.504841233243319 ], [ 127.101585009942326, 37.504799083557486 ] ] ] }, { "type": "Polygon", "coordinates": [ [ [ 127.108242149364401, 37.505203057693876 ], [ 127.108391949604268, 37.505308951660375 ], [ 127.108624430851435, 37.505102935241553 ], [ 127.108474630696236, 37.504997041566035 ], [ 127.108242149364401, 37.505203057693876 ] ] ] }, { "type": "Polygon", "coordinates": [ [ [ 127.104998650034233, 37.505166903186819 ], [ 127.104834440742167, 37.505097940397128 ], [ 127.104741452274013, 37.505237117697114 ], [ 127.104853924524178, 37.505284700159415 ], [ 127.104908761289579, 37.50527375010784 ], [ 127.104998650034233, 37.505166903186819 ] ] ] }, { "type": "Polygon", "coordinates": [ [ [ 127.101736524863767, 37.505281619559383 ], [ 127.101592358265179, 37.505220564037039 ], [ 127.101539450300933, 37.505236466403382 ], [ 127.101484403863367, 37.505353462487847 ], [ 127.101643745452677, 37.505420911372482 ], [ 127.101736524863767, 37.505281619559383 ] ] ] }, { "type": "Polygon", "coordinates": [ [ [ 127.098704198566935, 37.505384704457754 ], [ 127.098509298565403, 37.505366979835408 ], [ 127.098484857123267, 37.505523431105516 ], [ 127.09866176168417, 37.505539530751392 ], [ 127.098704021149572, 37.505509582872499 ], [ 127.098704198566935, 37.505384704457754 ] ] ] }, { "type": "Polygon", "coordinates": [ [ [ 127.101060868810549, 37.50541378152235 ], [ 127.100967714569023, 37.505552928958444 ], [ 127.101073316139022, 37.505597673650271 ], [ 127.1011664249652, 37.505458499140403 ], [ 127.101060868810549, 37.50541378152235 ] ] ] }, { "type": "Polygon", "coordinates": [ [ [ 127.103204342268015, 37.505484801567498 ], [ 127.103115639135908, 37.505625793906866 ], [ 127.103245775518786, 37.505680822964031 ], [ 127.103338450471838, 37.505541520980479 ], [ 127.103204342268015, 37.505484801567498 ] ] ] }, { "type": "Polygon", "coordinates": [ [ [ 127.105279771736704, 37.505704705316248 ], [ 127.10537203555036, 37.505565230911763 ], [ 127.105270652525448, 37.505522324393901 ], [ 127.105175865078621, 37.505660764787585 ], [ 127.105279771736704, 37.505704705316248 ] ] ] }, { "type": "Polygon", "coordinates": [ [ [ 127.098292053271521, 37.505719222813056 ], [ 127.098314470197124, 37.505562349777783 ], [ 127.098195704345912, 37.505551535952364 ], [ 127.098173287093616, 37.505708345895947 ], [ 127.098292053271521, 37.505719222813056 ] ] ] }, { "type": "Polygon", "coordinates": [ [ [ 127.099558779500768, 37.505885574656617 ], [ 127.099157598012837, 37.505823332645363 ], [ 127.099127827574037, 37.505977247627072 ], [ 127.099529077861277, 37.506039597799976 ], [ 127.099558779500768, 37.505885574656617 ] ] ] }, { "type": "Polygon", "coordinates": [ [ [ 127.104579494166188, 37.505826709724566 ], [ 127.10449222356479, 37.505930400542056 ], [ 127.104505968384899, 37.505974086938522 ], [ 127.104604409313239, 37.50601573528013 ], [ 127.104697421692194, 37.505876612144746 ], [ 127.104579494166188, 37.505826709724566 ] ] ] }, { "type": "Polygon", "coordinates": [ [ [ 127.101713892410601, 37.50628733220924 ], [ 127.101806887669753, 37.506148058197773 ], [ 127.101636941080315, 37.506076086513474 ], [ 127.101543911616716, 37.506215324382062 ], [ 127.101713892410601, 37.50628733220924 ] ] ] }, { "type": "Polygon", "coordinates": [ [ [ 127.101375719339032, 37.506322568244308 ], [ 127.101472076415149, 37.506184895430572 ], [ 127.101155766876516, 37.506050932036942 ], [ 127.101098937325062, 37.506171713619615 ], [ 127.101119011661524, 37.506213863378036 ], [ 127.101375719339032, 37.506322568244308 ] ] ] }, { "type": "Polygon", "coordinates": [ [ [ 127.098703008776241, 37.506159473238668 ], [ 127.098478301934179, 37.506139025043964 ], [ 127.098449383634872, 37.506340872213713 ], [ 127.09870274033193, 37.506353728517446 ], [ 127.098703008776241, 37.506159473238668 ] ] ] }, { "type": "Polygon", "coordinates": [ [ [ 127.103870409331606, 37.506507669402609 ], [ 127.103960007384117, 37.506401120873591 ], [ 127.103778662683695, 37.506324395882274 ], [ 127.103685761388405, 37.506463698388394 ], [ 127.103815571511333, 37.506518618971377 ], [ 127.103870409331606, 37.506507669402609 ] ] ] }, { "type": "Polygon", "coordinates": [ [ [ 127.10406031586318, 37.506443623993491 ], [ 127.103973043826713, 37.506547314418619 ], [ 127.103986788458371, 37.50659100087114 ], [ 127.104149394012708, 37.506659795023864 ], [ 127.104242181725297, 37.506520591366666 ], [ 127.10406031586318, 37.506443623993491 ] ] ] }, { "type": "Polygon", "coordinates": [ [ [ 127.103320245950215, 37.50672728538396 ], [ 127.103412808943162, 37.506587974452785 ], [ 127.103277453993741, 37.506530715611007 ], [ 127.10318672407962, 37.506670808727691 ], [ 127.103320245950215, 37.50672728538396 ] ] ] }, { "type": "Polygon", "coordinates": [ [ [ 127.106953907346011, 37.506655153803891 ], [ 127.106850093468907, 37.506574237741177 ], [ 127.106715625795914, 37.506683675573726 ], [ 127.106819462400949, 37.506764663812618 ], [ 127.106953907346011, 37.506655153803891 ] ] ] }, { "type": "Polygon", "coordinates": [ [ [ 127.101575511006004, 37.506825326938774 ], [ 127.101664071615502, 37.506684480062589 ], [ 127.101547083968342, 37.506634889174009 ], [ 127.101458489351714, 37.506775799062375 ], [ 127.101575511006004, 37.506825326938774 ] ] ] }, { "type": "Polygon", "coordinates": [ [ [ 127.107377283068871, 37.507489639268336 ], [ 127.107242848674147, 37.507599230824177 ], [ 127.10735550729548, 37.507687067270979 ], [ 127.107412054931572, 37.507685304699713 ], [ 127.107511680819826, 37.507594394832729 ], [ 127.107377283068871, 37.507489639268336 ] ] ] }, { "type": "Polygon", "coordinates": [ [ [ 127.112483502291894, 37.507783543597867 ], [ 127.112408153633226, 37.507690991844257 ], [ 127.112240225533853, 37.507777365778523 ], [ 127.112293354631603, 37.507842557172985 ], [ 127.112348561842396, 37.507852146059697 ], [ 127.112483502291894, 37.507783543597867 ] ] ] }, { "type": "Polygon", "coordinates": [ [ [ 127.110237441865209, 37.507783739978251 ], [ 127.110070017087139, 37.507602523212881 ], [ 127.109731938137386, 37.507829704485154 ], [ 127.109915422737316, 37.50800297821251 ], [ 127.110237441865209, 37.507783739978251 ] ] ] }, { "type": "Polygon", "coordinates": [ [ [ 127.105037524132939, 37.507953888330626 ], [ 127.105197981617621, 37.50804499159392 ], [ 127.10543823760699, 37.507780995537303 ], [ 127.10527767840729, 37.507689748525856 ], [ 127.105037524132939, 37.507953888330626 ] ] ] }, { "type": "Polygon", "coordinates": [ [ [ 127.109554952933848, 37.50782582100323 ], [ 127.109481046410494, 37.507876155203512 ], [ 127.109540105148184, 37.508047200571362 ], [ 127.109684980730094, 37.507948607036255 ], [ 127.109554952933848, 37.50782582100323 ] ] ] }, { "type": "Polygon", "coordinates": [ [ [ 127.1111606456234, 37.508332233670473 ], [ 127.111417462049502, 37.50819935924563 ], [ 127.111116967725792, 37.507830599007647 ], [ 127.11086798383414, 37.507959311940205 ], [ 127.1111606456234, 37.508332233670473 ] ] ] }, { "type": "Polygon", "coordinates": [ [ [ 127.113212141844969, 37.507974390876633 ], [ 127.113043071080796, 37.508060334549626 ], [ 127.113152541432015, 37.508197101618116 ], [ 127.113321612391744, 37.508111166800141 ], [ 127.113212141844969, 37.507974390876633 ] ] ] }, { "type": "Polygon", "coordinates": [ [ [ 127.108343579318188, 37.508579967042195 ], [ 127.108345324745557, 37.508534915610589 ], [ 127.10823156528717, 37.508446153089373 ], [ 127.108094129593582, 37.50855318046596 ], [ 127.108228666335421, 37.508658187347628 ], [ 127.108343579318188, 37.508579967042195 ] ] ] }, { "type": "Polygon", "coordinates": [ [ [ 127.115838745381325, 37.508752249735934 ], [ 127.11565610602571, 37.508550044400415 ], [ 127.115497234906698, 37.508641036314138 ], [ 127.115687061020566, 37.508839090360631 ], [ 127.115838745381325, 37.508752249735934 ] ] ] }, { "type": "Polygon", "coordinates": [ [ [ 127.111608287820658, 37.508986112371247 ], [ 127.111730047794296, 37.509182145872359 ], [ 127.111885699392474, 37.50912064265809 ], [ 127.111763713173573, 37.508924789726066 ], [ 127.111608287820658, 37.508986112371247 ] ] ] }, { "type": "Polygon", "coordinates": [ [ [ 127.116432704817939, 37.509235148389926 ], [ 127.116379072601745, 37.509221054899221 ], [ 127.11623619997583, 37.509279217932992 ], [ 127.116298559880775, 37.509379438310468 ], [ 127.11647793300989, 37.509307904932641 ], [ 127.116432704817939, 37.509235148389926 ] ] ] }, { "type": "Polygon", "coordinates": [ [ [ 127.109867693179851, 37.509567333022197 ], [ 127.109967941968478, 37.509516424804545 ], [ 127.109834494568915, 37.509361837061896 ], [ 127.109704618351614, 37.509440000432043 ], [ 127.109812147403218, 37.50955891458581 ], [ 127.109867693179851, 37.509567333022197 ] ] ] }, { "type": "Polygon", "coordinates": [ [ [ 127.107968808853229, 37.509585655812373 ], [ 127.108108606073785, 37.509491447654554 ], [ 127.108021508264585, 37.509405841404984 ], [ 127.107965177235158, 37.509401747592982 ], [ 127.107856906756197, 37.509475528636145 ], [ 127.107968808853229, 37.509585655812373 ] ] ] }, { "type": "Polygon", "coordinates": [ [ [ 127.109352025228247, 37.510174806457144 ], [ 127.109490667988055, 37.510111898356953 ], [ 127.109360441233918, 37.509931826959964 ], [ 127.109253805877529, 37.509986047142327 ], [ 127.109241088228387, 37.510029937286276 ], [ 127.109352025228247, 37.510174806457144 ] ] ] }, { "type": "Polygon", "coordinates": [ [ [ 127.116806278854284, 37.510196102948782 ], [ 127.11662663131888, 37.510266889255654 ], [ 127.116692122231413, 37.510372305107659 ], [ 127.116871826342731, 37.510301410527482 ], [ 127.116806278854284, 37.510196102948782 ] ] ] }, { "type": "Polygon", "coordinates": [ [ [ 127.10816728628761, 37.510431224505311 ], [ 127.108261095082298, 37.510383576154673 ], [ 127.108112595981794, 37.510245236051013 ], [ 127.107995048134455, 37.510325747018129 ], [ 127.10811129148631, 37.510425508666408 ], [ 127.10816728628761, 37.510431224505311 ] ] ] }, { "type": "Polygon", "coordinates": [ [ [ 127.108793081798893, 37.510407673433313 ], [ 127.108685861228707, 37.510274828678561 ], [ 127.10858019641978, 37.510328227462672 ], [ 127.108569062291338, 37.510372476495533 ], [ 127.108659003400575, 37.510475748293956 ], [ 127.108793081798893, 37.510407673433313 ] ] ] }, { "type": "Polygon", "coordinates": [ [ [ 127.115929094527345, 37.51081463408044 ], [ 127.115840088506431, 37.510671281582709 ], [ 127.115687488854363, 37.510731525646186 ], [ 127.115776483180269, 37.510874770149265 ], [ 127.115929094527345, 37.51081463408044 ] ] ] }, { "type": "Polygon", "coordinates": [ [ [ 127.113833786583939, 37.510985203340958 ], [ 127.11358101059389, 37.510578571328793 ], [ 127.113421966652822, 37.510641701770332 ], [ 127.113674923124762, 37.511048442067128 ], [ 127.113833786583939, 37.510985203340958 ] ] ] }, { "type": "Polygon", "coordinates": [ [ [ 127.117143044758322, 37.510737858465141 ], [ 127.116963362605205, 37.510808834521377 ], [ 127.117022833544496, 37.510904489259303 ], [ 127.117202459415026, 37.510833576238504 ], [ 127.117143044758322, 37.510737858465141 ] ] ] }, { "type": "Polygon", "coordinates": [ [ [ 127.115677102470542, 37.511189782574498 ], [ 127.115812521365243, 37.511136312627727 ], [ 127.115724854010068, 37.510995706795647 ], [ 127.115589412657883, 37.511049158644845 ], [ 127.115677102470542, 37.511189782574498 ] ] ] }, { "type": "Polygon", "coordinates": [ [ [ 127.11361682125731, 37.511827679061817 ], [ 127.113422053512963, 37.511904538534289 ], [ 127.113526362270505, 37.512072295321396 ], [ 127.113721152950774, 37.511995426647175 ], [ 127.11361682125731, 37.511827679061817 ] ] ] }, { "type": "Polygon", "coordinates": [ [ [ 127.110072172485388, 37.511824682681564 ], [ 127.110018426497646, 37.511810586414271 ], [ 127.109856225457207, 37.511876616153984 ], [ 127.11003840059675, 37.512169615180952 ], [ 127.110237093356758, 37.512090027656491 ], [ 127.110072172485388, 37.511824682681564 ] ] ] }, { "type": "Polygon", "coordinates": [ [ [ 127.11041392373825, 37.512252882071209 ], [ 127.110614373828625, 37.51217628360169 ], [ 127.11053834631204, 37.512053935398555 ], [ 127.11033807779458, 37.51213077684227 ], [ 127.11041392373825, 37.512252882071209 ] ] ] }, { "type": "Polygon", "coordinates": [ [ [ 127.11310341611582, 37.512501569918506 ], [ 127.113302526408759, 37.512422931905675 ], [ 127.113205281128657, 37.512266511798089 ], [ 127.113006137229675, 37.512345158690565 ], [ 127.11310341611582, 37.512501569918506 ] ] ] }, { "type": "Polygon", "coordinates": [ [ [ 127.112408915552805, 37.512304256986688 ], [ 127.112245525671241, 37.512368759423019 ], [ 127.112227491604457, 37.512411483557777 ], [ 127.112286458858961, 37.512506294192562 ], [ 127.112485932635053, 37.512428107713056 ], [ 127.112408915552805, 37.512304256986688 ] ] ] }, { "type": "Polygon", "coordinates": [ [ [ 127.111440519963821, 37.512585840512656 ], [ 127.111376576405135, 37.512482916106471 ], [ 127.111178053454083, 37.512562487364569 ], [ 127.111223652731383, 37.512635867222784 ], [ 127.111277173717156, 37.512650233447211 ], [ 127.111440519963821, 37.512585840512656 ] ] ] }, { "type": "Polygon", "coordinates": [ [ [ 127.114335214388191, 37.512983144746826 ], [ 127.114154471768742, 37.51269248461373 ], [ 127.113959679724999, 37.512769353995502 ], [ 127.114140365262472, 37.513060041507536 ], [ 127.114335214388191, 37.512983144746826 ] ] ] }, { "type": "Polygon", "coordinates": [ [ [ 127.108584798483776, 37.512995921011232 ], [ 127.108492596537403, 37.513212640111504 ], [ 127.108610388437967, 37.513252654746928 ], [ 127.108661939769405, 37.513234317773318 ], [ 127.108744795701654, 37.513039357078561 ], [ 127.108584798483776, 37.512995921011232 ] ] ] }, { "type": "Polygon", "coordinates": [ [ [ 127.10916348187618, 37.513231438109905 ], [ 127.109098189797294, 37.513385018355969 ], [ 127.109121209974617, 37.513426172919985 ], [ 127.109220228690177, 37.513459870040968 ], [ 127.109299683670542, 37.513268263772396 ], [ 127.10916348187618, 37.513231438109905 ] ] ] }, { "type": "Polygon", "coordinates": [ [ [ 127.114757784452777, 37.513662911513109 ], [ 127.114662983550573, 37.513510382602135 ], [ 127.114468155987922, 37.513587261856742 ], [ 127.11456299051089, 37.513739781880126 ], [ 127.114757784452777, 37.513662911513109 ] ] ] }, { "type": "Polygon", "coordinates": [ [ [ 127.115860528814864, 37.513846265126034 ], [ 127.115963532205413, 37.513805647576469 ], [ 127.115875327730166, 37.513663672928473 ], [ 127.115772437581967, 37.513704281282521 ], [ 127.115860528814864, 37.513846265126034 ] ] ] }, { "type": "Polygon", "coordinates": [ [ [ 127.108514410596229, 37.51370860981293 ], [ 127.108400035556983, 37.51366973625899 ], [ 127.108315200484526, 37.513826316041033 ], [ 127.108429609703322, 37.513865225684853 ], [ 127.108514410596229, 37.51370860981293 ] ] ] }, { "type": "Polygon", "coordinates": [ [ [ 127.115317174356491, 37.513690566102454 ], [ 127.115137959602521, 37.513762295738722 ], [ 127.115189686284893, 37.513845489012617 ], [ 127.11536883322654, 37.513773696294429 ], [ 127.115317174356491, 37.513690566102454 ] ] ] }, { "type": "Polygon", "coordinates": [ [ [ 127.112137345329472, 37.514105450088685 ], [ 127.112245652832485, 37.514062722482969 ], [ 127.112157919782106, 37.513921384326409 ], [ 127.112049488078824, 37.513964157018634 ], [ 127.112137345329472, 37.514105450088685 ] ] ] }, { "type": "Polygon", "coordinates": [ [ [ 127.110184562790877, 37.514217355390365 ], [ 127.11012481271473, 37.514120012653642 ], [ 127.110174097448009, 37.514028263935899 ], [ 127.110052410569011, 37.513986902950847 ], [ 127.109968529368402, 37.514143933531564 ], [ 127.110184562790877, 37.514217355390365 ] ] ] }, { "type": "Polygon", "coordinates": [ [ [ 127.108173123438348, 37.51420772799181 ], [ 127.108257608379461, 37.51405099546858 ], [ 127.108131056469148, 37.514007997086665 ], [ 127.108046480785106, 37.51416470257265 ], [ 127.108173123438348, 37.51420772799181 ] ] ] }, { "type": "Polygon", "coordinates": [ [ [ 127.109003541524359, 37.514245591977243 ], [ 127.109130694115294, 37.514288796104026 ], [ 127.109215743067935, 37.514132323673927 ], [ 127.109088681220456, 37.514089146584666 ], [ 127.109003541524359, 37.514245591977243 ] ] ] }, { "type": "Polygon", "coordinates": [ [ [ 127.11521541007852, 37.514399036294186 ], [ 127.115374461014895, 37.514336263865907 ], [ 127.115392493747024, 37.514293539266902 ], [ 127.115308587266881, 37.514158560803821 ], [ 127.11511356624888, 37.514235342191874 ], [ 127.11521541007852, 37.514399036294186 ] ] ] }, { "type": "Polygon", "coordinates": [ [ [ 127.115365296690513, 37.514639998483801 ], [ 127.115265640416652, 37.514479717186589 ], [ 127.115070765672442, 37.514556570439204 ], [ 127.115170421646226, 37.514716860909161 ], [ 127.115365296690513, 37.514639998483801 ] ] ] }, { "type": "Polygon", "coordinates": [ [ [ 127.115343077292252, 37.514994570851869 ], [ 127.115429445273762, 37.515133484249318 ], [ 127.115624321133467, 37.515056621400774 ], [ 127.115537975502249, 37.514917708122582 ], [ 127.115343077292252, 37.514994570851869 ] ] ] }, { "type": "Polygon", "coordinates": [ [ [ 127.112082241189185, 37.515058287045697 ], [ 127.111938413564914, 37.51511528344183 ], [ 127.112000648035476, 37.515215406996738 ], [ 127.112108617911545, 37.515172697859391 ], [ 127.112126765817948, 37.515129973655853 ], [ 127.112082241189185, 37.515058287045697 ] ] ] }, { "type": "Polygon", "coordinates": [ [ [ 127.115710610502063, 37.515195516646855 ], [ 127.115515790898826, 37.515272361561898 ], [ 127.115688449108148, 37.515550070969304 ], [ 127.115883269199799, 37.515473189732433 ], [ 127.115828717130654, 37.515385404441481 ], [ 127.116023514027901, 37.51530852299399 ], [ 127.115897821127533, 37.515106353152568 ], [ 127.115702979394925, 37.515183243448476 ], [ 127.115710610502063, 37.515195516646855 ] ] ] }, { "type": "Polygon", "coordinates": [ [ [ 127.116222045769788, 37.515920656211591 ], [ 127.116059175861693, 37.515632675768934 ], [ 127.115798902495683, 37.515727721644552 ], [ 127.115890329385508, 37.515874756774906 ], [ 127.116145736311651, 37.515947850263977 ], [ 127.116222045769788, 37.515920656211591 ] ] ] }, { "type": "Polygon", "coordinates": [ [ [ 127.100255114865249, 37.516914833937136 ], [ 127.09932531117785, 37.51655556053916 ], [ 127.098411299704594, 37.51773923123087 ], [ 127.099287146746434, 37.518168374571609 ], [ 127.100255114865249, 37.516914833937136 ] ] ] }, { "type": "Polygon", "coordinates": [ [ [ 127.112375632855148, 37.525979569486161 ], [ 127.112997915211196, 37.526663784499128 ], [ 127.114163512102948, 37.526141984985621 ], [ 127.113524970738922, 37.525467774494828 ], [ 127.112375632855148, 37.525979569486161 ] ] ] }, { "type": "Polygon", "coordinates": [ [ [ 127.115926886093348, 37.527372408642591 ], [ 127.116095109809223, 37.527298093754595 ], [ 127.11579428316287, 37.526865917012628 ], [ 127.11562604881766, 37.526940240497368 ], [ 127.115493805795992, 37.526750276428942 ], [ 127.115325673021772, 37.5268244642402 ], [ 127.115524060182238, 37.527109536681287 ], [ 127.115692193329707, 37.52703530354087 ], [ 127.115926886093348, 37.527372408642591 ] ] ] }, { "type": "Polygon", "coordinates": [ [ [ 127.115099683673023, 37.526927214919901 ], [ 127.115147313197767, 37.526995725754524 ], [ 127.115315559593896, 37.526921493039779 ], [ 127.115267317862362, 37.526852189986911 ], [ 127.115099683673023, 37.526927214919901 ] ] ] }, { "type": "Polygon", "coordinates": [ [ [ 127.116155685374238, 37.52770113973277 ], [ 127.116324034028978, 37.527626815391365 ], [ 127.11625784291229, 37.527531734737593 ], [ 127.116089471778992, 37.527606059007574 ], [ 127.116155685374238, 37.52770113973277 ] ] ] }, { "type": "Polygon", "coordinates": [ [ [ 127.116714616834471, 37.528701149725222 ], [ 127.116826665767292, 37.528651674929584 ], [ 127.116730642256712, 37.528513754388605 ], [ 127.116618457791432, 37.528563283285948 ], [ 127.116714616834471, 37.528701149725222 ] ] ] }, { "type": "Polygon", "coordinates": [ [ [ 127.113562280605322, 37.530203282807541 ], [ 127.113628232579288, 37.530290463441759 ], [ 127.113870113364811, 37.530184538024628 ], [ 127.113813077349278, 37.530105692248924 ], [ 127.113562280605322, 37.530203282807541 ] ] ] }, { "type": "Polygon", "coordinates": [ [ [ 127.113645284645997, 37.530579486020919 ], [ 127.113711865727055, 37.530670963744882 ], [ 127.113819102451913, 37.530630641472477 ], [ 127.113749052041356, 37.530534283719639 ], [ 127.113645284645997, 37.530579486020919 ] ] ] }, { "type": "Polygon", "coordinates": [ [ [ 127.113292673251465, 37.530599443895852 ], [ 127.113193916109353, 37.530643803134495 ], [ 127.11327286703991, 37.530753586608476 ], [ 127.113371714585782, 37.530709092069934 ], [ 127.113292673251465, 37.530599443895852 ] ] ] }, { "type": "Polygon", "coordinates": [ [ [ 127.112137983617458, 37.531303170889814 ], [ 127.112005342724018, 37.531318260551757 ], [ 127.112079466499651, 37.531461944703359 ], [ 127.11217514755289, 37.531440204221163 ], [ 127.112137983617458, 37.531303170889814 ] ] ] }, { "type": "Polygon", "coordinates": [ [ [ 127.113934339244409, 37.531390438831657 ], [ 127.113935038252293, 37.531411431315107 ], [ 127.114049398869781, 37.531496060846344 ], [ 127.114157696441637, 37.53140065952779 ], [ 127.114024176403149, 37.531319877575093 ], [ 127.113934339244409, 37.531390438831657 ] ] ] }, { "type": "Polygon", "coordinates": [ [ [ 127.115529754339164, 37.532478805192454 ], [ 127.115374951524061, 37.53231733434265 ], [ 127.115261592614942, 37.532394992067942 ], [ 127.115342534126896, 37.532478805577519 ], [ 127.115434221021573, 37.532419377756518 ], [ 127.115506571104234, 37.532492801976574 ], [ 127.115529754339164, 37.532478805192454 ] ] ] }, { "type": "Polygon", "coordinates": [ [ [ 127.11353557110975, 37.533132041487015 ], [ 127.11366123800066, 37.533081673835802 ], [ 127.113612544580789, 37.533007027720281 ], [ 127.113537497301891, 37.532967509280716 ], [ 127.113446738891525, 37.532991039173403 ], [ 127.11353557110975, 37.533132041487015 ] ] ] }, { "type": "Polygon", "coordinates": [ [ [ 127.114024126910635, 37.53322273058388 ], [ 127.114150005254643, 37.533162622475167 ], [ 127.11409090235, 37.533080319032393 ], [ 127.113966626091369, 37.533137380196372 ], [ 127.114024126910635, 37.53322273058388 ] ] ] }, { "type": "Polygon", "coordinates": [ [ [ 127.11620110297585, 37.534607544425171 ], [ 127.116092715363948, 37.534638013089079 ], [ 127.116185827076762, 37.534754114777456 ], [ 127.116275760140368, 37.534700598541626 ], [ 127.11620110297585, 37.534607544425171 ] ] ] }, { "type": "Polygon", "coordinates": [ [ [ 127.116740823154558, 37.53698567616479 ], [ 127.116622876652357, 37.537034147453362 ], [ 127.116670217607975, 37.537115920443071 ], [ 127.116788864025523, 37.537066358223598 ], [ 127.116740823154558, 37.53698567616479 ] ] ] }, { "type": "Polygon", "coordinates": [ [ [ 127.121054614842208, 37.490134082471172 ], [ 127.121116611823979, 37.490012655056461 ], [ 127.120866590017059, 37.489931457496304 ], [ 127.120804479623558, 37.490052884896222 ], [ 127.121054614842208, 37.490134082471172 ] ] ] }, { "type": "Polygon", "coordinates": [ [ [ 127.121404724725707, 37.490013534358447 ], [ 127.121292458518226, 37.489952650534427 ], [ 127.121238317107526, 37.489965679805408 ], [ 127.121176545790021, 37.49008665655635 ], [ 127.121290283212261, 37.490148259797465 ], [ 127.121404724725707, 37.490013534358447 ] ] ] }, { "type": "Polygon", "coordinates": [ [ [ 127.12173906529776, 37.490848961991077 ], [ 127.121830935241078, 37.490741108911408 ], [ 127.121820348366057, 37.490696880606521 ], [ 127.121619466991291, 37.490588244213406 ], [ 127.121505023981314, 37.490722339149286 ], [ 127.12173906529776, 37.490848961991077 ] ] ] }, { "type": "Polygon", "coordinates": [ [ [ 127.120489964613924, 37.490658493661734 ], [ 127.120423328886403, 37.490779204604102 ], [ 127.120622398420352, 37.49088694385506 ], [ 127.120676540603256, 37.490873914867052 ], [ 127.120744513425407, 37.490740948838784 ], [ 127.120489964613924, 37.490658493661734 ] ] ] }, { "type": "Polygon", "coordinates": [ [ [ 127.121371175273026, 37.491096029469141 ], [ 127.121256731190144, 37.491230214254827 ], [ 127.1213314254626, 37.491270593414434 ], [ 127.121387044975663, 37.491262067601504 ], [ 127.121478916074253, 37.491154304901237 ], [ 127.121371175273026, 37.491096029469141 ] ] ] }, { "type": "Polygon", "coordinates": [ [ [ 127.121466684406826, 37.493758475985885 ], [ 127.121616417826047, 37.49383941380286 ], [ 127.12175603432425, 37.493675560235545 ], [ 127.121606300938197, 37.493594532493155 ], [ 127.121466684406826, 37.493758475985885 ] ] ] }, { "type": "Polygon", "coordinates": [ [ [ 127.118220676699721, 37.494441350645296 ], [ 127.118027712652761, 37.494336935093123 ], [ 127.117905235671941, 37.494475449283122 ], [ 127.117985317749017, 37.494634757113253 ], [ 127.118062879972001, 37.494627652833508 ], [ 127.118220676699721, 37.494441350645296 ] ] ] }, { "type": "Polygon", "coordinates": [ [ [ 127.118405751875557, 37.495723559641377 ], [ 127.118401346466385, 37.495806455903399 ], [ 127.118499587842052, 37.495854291812641 ], [ 127.118552371931756, 37.495838021554903 ], [ 127.118700850611063, 37.495477114390795 ], [ 127.118885642967882, 37.495198702461543 ], [ 127.118561164623003, 37.495023149347269 ], [ 127.118520078768043, 37.495071663792572 ], [ 127.118643687674123, 37.495440860815414 ], [ 127.118633216454711, 37.495614764000237 ], [ 127.118369641450798, 37.495627098373248 ], [ 127.118376408741753, 37.495688359609609 ], [ 127.118405751875557, 37.495723559641377 ] ] ] }, { "type": "Polygon", "coordinates": [ [ [ 127.117568736717487, 37.495151349425619 ], [ 127.1174220962981, 37.495314574203285 ], [ 127.11742756537943, 37.495341211378985 ], [ 127.117469983780168, 37.495349485976156 ], [ 127.117534647336029, 37.495264007786602 ], [ 127.117568736717487, 37.495151349425619 ] ] ] }, { "type": "Polygon", "coordinates": [ [ [ 127.119911992626626, 37.495356434424849 ], [ 127.11978455407025, 37.495287545540442 ], [ 127.119580479095859, 37.495526694584925 ], [ 127.119707918014299, 37.495595673786035 ], [ 127.119911992626626, 37.495356434424849 ] ] ] }, { "type": "Polygon", "coordinates": [ [ [ 127.118773934122643, 37.495714995708255 ], [ 127.118997234602716, 37.495835868132502 ], [ 127.119098596382116, 37.495717105736077 ], [ 127.11895916097555, 37.495641650612114 ], [ 127.119051040491229, 37.495533619566103 ], [ 127.119190589012021, 37.495609164570325 ], [ 127.119287434835343, 37.49549545209991 ], [ 127.118983551170999, 37.495330151013633 ], [ 127.118871871231605, 37.495503253807833 ], [ 127.118773934122643, 37.495714995708255 ] ] ] }, { "type": "Polygon", "coordinates": [ [ [ 127.120037597805734, 37.495624625983332 ], [ 127.120154421053542, 37.495487646987101 ], [ 127.120039205253789, 37.495425323397505 ], [ 127.119922494973778, 37.495562302168132 ], [ 127.120037597805734, 37.495624625983332 ] ] ] }, { "type": "Polygon", "coordinates": [ [ [ 127.119647278645104, 37.495650064671104 ], [ 127.119516557624053, 37.495579376785322 ], [ 127.119437094508399, 37.495672619417043 ], [ 127.119600863662725, 37.495761114142105 ], [ 127.11965786494622, 37.495694293134306 ], [ 127.119647278645104, 37.495650064671104 ] ] ] }, { "type": "Polygon", "coordinates": [ [ [ 127.120634334137648, 37.495839724986659 ], [ 127.120608835053332, 37.495733522919124 ], [ 127.120411337231701, 37.495626683160481 ], [ 127.120209187447784, 37.495866912537686 ], [ 127.12048432687908, 37.496015751121192 ], [ 127.120634334137648, 37.495839724986659 ] ] ] }, { "type": "Polygon", "coordinates": [ [ [ 127.119438776703745, 37.495951386808798 ], [ 127.119524560949856, 37.495850659575403 ], [ 127.119360791689473, 37.495762164746132 ], [ 127.119275007323935, 37.495862891862302 ], [ 127.119438776703745, 37.495951386808798 ] ] ] }, { "type": "Polygon", "coordinates": [ [ [ 127.118920003080461, 37.496054977742013 ], [ 127.118694325512152, 37.495932936235704 ], [ 127.118579375690999, 37.496258040491831 ], [ 127.118825086797557, 37.496390964406409 ], [ 127.118951168750854, 37.496242805035905 ], [ 127.11882168872242, 37.496170493357134 ], [ 127.118920003080461, 37.496054977742013 ] ] ] }, { "type": "Polygon", "coordinates": [ [ [ 127.118415240405554, 37.49622477595215 ], [ 127.118496747241494, 37.49599061576285 ], [ 127.118476326789363, 37.495948559330728 ], [ 127.118386538855773, 37.495904760526287 ], [ 127.118365685271016, 37.495991105859929 ], [ 127.118235744318625, 37.496181489233052 ], [ 127.118415240405554, 37.49622477595215 ] ] ] }, { "type": "Polygon", "coordinates": [ [ [ 127.120596601234652, 37.496076455436338 ], [ 127.12074814939362, 37.496158473688695 ], [ 127.120834496380724, 37.496057024141734 ], [ 127.120685544646875, 37.495972120183268 ], [ 127.120596601234652, 37.496076455436338 ] ] ] }, { "type": "Polygon", "coordinates": [ [ [ 127.121023177735765, 37.496307221020665 ], [ 127.121110879071523, 37.496204238206381 ], [ 127.120977328068335, 37.49613319441027 ], [ 127.120890417064018, 37.496235455529082 ], [ 127.121023177735765, 37.496307221020665 ] ] ] }, { "type": "Polygon", "coordinates": [ [ [ 127.120004896356505, 37.496255718421999 ], [ 127.11985477484339, 37.496432464659968 ], [ 127.120042653522603, 37.496533999090978 ], [ 127.120196274664195, 37.496353645106701 ], [ 127.120004896356505, 37.496255718421999 ] ] ] }, { "type": "Polygon", "coordinates": [ [ [ 127.120588954047619, 37.496402345421771 ], [ 127.12040559799118, 37.496300627106685 ], [ 127.120280331033442, 37.496447534818323 ], [ 127.120467644051118, 37.496548528542171 ], [ 127.120588954047619, 37.496402345421771 ] ] ] }, { "type": "Polygon", "coordinates": [ [ [ 127.121548642255988, 37.496498871378414 ], [ 127.121735618143362, 37.496600043632057 ], [ 127.121830994187562, 37.496488132590812 ], [ 127.121805493186542, 37.496381930796552 ], [ 127.121697857839564, 37.49632374571226 ], [ 127.121548642255988, 37.496498871378414 ] ] ] }, { "type": "Polygon", "coordinates": [ [ [ 127.121489046178951, 37.496568849419369 ], [ 127.121348814487249, 37.496492947438583 ], [ 127.121282897362704, 37.496570319977089 ], [ 127.121327943373416, 37.496594601271596 ], [ 127.12148150389875, 37.496590300849583 ], [ 127.121489046178951, 37.496568849419369 ] ] ] }, { "type": "Polygon", "coordinates": [ [ [ 127.118203983533689, 37.49643131353313 ], [ 127.118209797781248, 37.496534201858282 ], [ 127.118205979577795, 37.496769366320784 ], [ 127.118396967402887, 37.496544828824881 ], [ 127.118388418264203, 37.496428698531695 ], [ 127.118203983533689, 37.49643131353313 ] ] ] }, { "type": "Polygon", "coordinates": [ [ [ 127.119887112636007, 37.496716517191025 ], [ 127.11956930225395, 37.496544113712012 ], [ 127.119486790743821, 37.496641053503609 ], [ 127.119804601063962, 37.496813277001898 ], [ 127.119887112636007, 37.496716517191025 ] ] ] }, { "type": "Polygon", "coordinates": [ [ [ 127.118685232963216, 37.496554994877279 ], [ 127.118571596645197, 37.496563036310491 ], [ 127.118619092937607, 37.496708680751006 ], [ 127.118689169843435, 37.496831057007206 ], [ 127.118849228906598, 37.496643220105661 ], [ 127.118685232963216, 37.496554994877279 ] ] ] }, { "type": "Polygon", "coordinates": [ [ [ 127.120090025608405, 37.496670813275344 ], [ 127.119911796827509, 37.49688002373555 ], [ 127.120229947816256, 37.497051885340355 ], [ 127.120408402140114, 37.496842584079801 ], [ 127.120090025608405, 37.496670813275344 ] ] ] }, { "type": "Polygon", "coordinates": [ [ [ 127.118164777600782, 37.496954832558295 ], [ 127.118462198558092, 37.497113474708179 ], [ 127.118590991812269, 37.496962339759264 ], [ 127.118500664386985, 37.496834487408407 ], [ 127.118418831764544, 37.496642565564784 ], [ 127.118167318819502, 37.496938251671814 ], [ 127.118164777600782, 37.496954832558295 ] ] ] }, { "type": "Polygon", "coordinates": [ [ [ 127.121286024612132, 37.496970720661729 ], [ 127.121306273567527, 37.496691841014979 ], [ 127.121219350252119, 37.496644806880497 ], [ 127.121021484730193, 37.49687701437616 ], [ 127.121032072160091, 37.49692133280503 ], [ 127.12132623190837, 37.497080601739817 ], [ 127.12139982488506, 37.496994301507442 ], [ 127.121286024612132, 37.496970720661729 ] ] ] }, { "type": "Polygon", "coordinates": [ [ [ 127.119031822598757, 37.497125253168832 ], [ 127.119179636142476, 37.497205204835886 ], [ 127.119307752431851, 37.497055871780525 ], [ 127.119160165073254, 37.49697582994655 ], [ 127.119031822598757, 37.497125253168832 ] ] ] }, { "type": "Polygon", "coordinates": [ [ [ 127.120786471811144, 37.497714910351483 ], [ 127.121172725662973, 37.497261317453265 ], [ 127.121275665494238, 37.497140299123885 ], [ 127.121069787475903, 37.497028873895786 ], [ 127.120676761711664, 37.49749040209371 ], [ 127.120554751888662, 37.497424662087916 ], [ 127.120458356987854, 37.497537834507 ], [ 127.120786471811144, 37.497714910351483 ] ] ] }, { "type": "Polygon", "coordinates": [ [ [ 127.120593715998595, 37.497250639974752 ], [ 127.120435483829993, 37.49716232127804 ], [ 127.12035748714176, 37.497253580830787 ], [ 127.120516510002105, 37.497341268135017 ], [ 127.120593715998595, 37.497250639974752 ] ] ] }, { "type": "Polygon", "coordinates": [ [ [ 127.118143007629627, 37.497244885547907 ], [ 127.118150594599527, 37.497440574978185 ], [ 127.118171627331151, 37.497454447612114 ], [ 127.118283851237024, 37.497322772917755 ], [ 127.118143007629627, 37.497244885547907 ] ] ] }, { "type": "Polygon", "coordinates": [ [ [ 127.11982408364419, 37.497335476362913 ], [ 127.119618320465307, 37.497224138592927 ], [ 127.119544725210858, 37.497310437716045 ], [ 127.119570223331053, 37.497416639986319 ], [ 127.119696760068777, 37.497485169577203 ], [ 127.11982408364419, 37.497335476362913 ] ] ] }, { "type": "Polygon", "coordinates": [ [ [ 127.121583277797541, 37.49750073776837 ], [ 127.121696590137972, 37.497367463963542 ], [ 127.121509838267386, 37.497266111235412 ], [ 127.121395069145819, 37.497400755859736 ], [ 127.121583277797541, 37.49750073776837 ] ] ] }, { "type": "Polygon", "coordinates": [ [ [ 127.119104967052479, 37.497328175402579 ], [ 127.119003151197489, 37.497447208524449 ], [ 127.119179941190723, 37.497543799842788 ], [ 127.119228139859345, 37.497487349312827 ], [ 127.119202755283609, 37.497381146856569 ], [ 127.119104967052479, 37.497328175402579 ] ] ] }, { "type": "Polygon", "coordinates": [ [ [ 127.118653982171438, 37.497615591490707 ], [ 127.118763655367445, 37.497675579310616 ], [ 127.118888995689446, 37.497528988511085 ], [ 127.118779164655905, 37.497469235222269 ], [ 127.118653982171438, 37.497615591490707 ] ] ] }, { "type": "Polygon", "coordinates": [ [ [ 127.120007443410444, 37.497653164937624 ], [ 127.120173934174019, 37.497743277902842 ], [ 127.120301370602661, 37.497593764267528 ], [ 127.120134653706913, 37.497503561606621 ], [ 127.120007443410444, 37.497653164937624 ] ] ] }, { "type": "Polygon", "coordinates": [ [ [ 127.119340415407535, 37.497548054804511 ], [ 127.119272576094261, 37.497627500423448 ], [ 127.119410091495283, 37.497701956956689 ], [ 127.119302632270404, 37.497827942659868 ], [ 127.119425887152701, 37.49789467381045 ], [ 127.119637144324301, 37.497616054203107 ], [ 127.119473710608645, 37.49752773942398 ], [ 127.119340415407535, 37.497548054804511 ] ] ] }, { "type": "Polygon", "coordinates": [ [ [ 127.121290528703824, 37.497737556075236 ], [ 127.121165574714553, 37.497669927591325 ], [ 127.121097173238923, 37.497750275822973 ], [ 127.121283924897611, 37.497851088595645 ], [ 127.121332234830462, 37.497794366798864 ], [ 127.121290528703824, 37.497737556075236 ] ] ] }, { "type": "Polygon", "coordinates": [ [ [ 127.120689851147787, 37.497828353481367 ], [ 127.120483972105532, 37.49771692724719 ], [ 127.120370871243026, 37.497849758180841 ], [ 127.120477602359969, 37.497907494869359 ], [ 127.120644136944975, 37.497882099102803 ], [ 127.120689851147787, 37.497828353481367 ] ] ] }, { "type": "Polygon", "coordinates": [ [ [ 127.121255480791532, 37.497884544475774 ], [ 127.121179628232412, 37.497972829091417 ], [ 127.121311484841385, 37.498042883253824 ], [ 127.121387110568904, 37.49795423838534 ], [ 127.121255480791532, 37.497884544475774 ] ] ] }, { "type": "Polygon", "coordinates": [ [ [ 127.121840812698267, 37.498449416477733 ], [ 127.121830286582693, 37.498443750907192 ], [ 127.121920360053849, 37.498338242316926 ], [ 127.121438876177166, 37.498078433555506 ], [ 127.121383364558866, 37.498086869177094 ], [ 127.121315075735694, 37.498167037215332 ], [ 127.121668320769203, 37.498356789182388 ], [ 127.121553979116527, 37.498490883893169 ], [ 127.121726132965676, 37.498584142396183 ], [ 127.121840812698267, 37.498449416477733 ] ] ] }, { "type": "Polygon", "coordinates": [ [ [ 127.119110317533824, 37.498072034561304 ], [ 127.118994052662941, 37.498208291114743 ], [ 127.11909761428754, 37.498264410401006 ], [ 127.119152898288192, 37.498254804781922 ], [ 127.11923877897209, 37.49814155381727 ], [ 127.119110317533824, 37.498072034561304 ] ] ] }, { "type": "Polygon", "coordinates": [ [ [ 127.118590999797064, 37.498995803513992 ], [ 127.118884872170938, 37.498608262783144 ], [ 127.118752222827808, 37.498536675007486 ], [ 127.118982157866171, 37.498267228248274 ], [ 127.118807178608719, 37.498172436846403 ], [ 127.118374735404615, 37.498678685962659 ], [ 127.118550280451899, 37.498773297236241 ], [ 127.118432997663248, 37.498910815628868 ], [ 127.118590999797064, 37.498995803513992 ] ] ] }, { "type": "Polygon", "coordinates": [ [ [ 127.121002919689616, 37.498355481831467 ], [ 127.120814581798172, 37.498253318727855 ], [ 127.120647933218549, 37.498278624748735 ], [ 127.120577724405194, 37.498360956691322 ], [ 127.120853021654327, 37.498531688450775 ], [ 127.121002919689616, 37.498355481831467 ] ] ] }, { "type": "Polygon", "coordinates": [ [ [ 127.117740416260105, 37.498383712088618 ], [ 127.117644251377328, 37.498495602552659 ], [ 127.117765468797572, 37.49856134633248 ], [ 127.117821910645063, 37.498495968387999 ], [ 127.11782533513157, 37.498443617001485 ], [ 127.117799447209734, 37.498449318775677 ], [ 127.117740416260105, 37.498383712088618 ] ] ] }, { "type": "Polygon", "coordinates": [ [ [ 127.119921442577137, 37.49840549488431 ], [ 127.119818121050585, 37.498502095332718 ], [ 127.120021568100029, 37.498612380882903 ], [ 127.120110571811864, 37.498508019014729 ], [ 127.119921442577137, 37.49840549488431 ] ] ] }, { "type": "Polygon", "coordinates": [ [ [ 127.118098000012893, 37.498525249019984 ], [ 127.118029706434911, 37.498604874561437 ], [ 127.11788865974836, 37.498514102828118 ], [ 127.117821606833743, 37.498591744830755 ], [ 127.118058836046089, 37.498720353838713 ], [ 127.11819213382114, 37.49870013000384 ], [ 127.118264490568279, 37.498615454762955 ], [ 127.118098000012893, 37.498525249019984 ] ] ] }, { "type": "Polygon", "coordinates": [ [ [ 127.120333911317331, 37.498646908778547 ], [ 127.120499954908155, 37.498738643514272 ], [ 127.120620619211692, 37.498596704766783 ], [ 127.120454802246698, 37.498505150169855 ], [ 127.120333911317331, 37.498646908778547 ] ] ] }, { "type": "Polygon", "coordinates": [ [ [ 127.120957697150104, 37.498788997937908 ], [ 127.120967735884463, 37.498630682355753 ], [ 127.12090966346527, 37.498593619919575 ], [ 127.120814509404752, 37.498705439855634 ], [ 127.120957697150104, 37.498788997937908 ] ] ] }, { "type": "Polygon", "coordinates": [ [ [ 127.117884223728495, 37.498789091943543 ], [ 127.117769649307249, 37.498923723815302 ], [ 127.117949835490791, 37.499021394804934 ], [ 127.118064409876865, 37.498886852860686 ], [ 127.117884223728495, 37.498789091943543 ] ] ] }, { "type": "Polygon", "coordinates": [ [ [ 127.117776925856376, 37.499167707035809 ], [ 127.117173891764068, 37.498840605788729 ], [ 127.117046672320441, 37.498989575213145 ], [ 127.117684901399969, 37.499332229771326 ], [ 127.117787511556912, 37.499211935641078 ], [ 127.117776925856376, 37.499167707035809 ] ] ] }, { "type": "Polygon", "coordinates": [ [ [ 127.118079441481569, 37.498997498662504 ], [ 127.118257680607925, 37.499093540294858 ], [ 127.118324257556026, 37.499015258813067 ], [ 127.11814599617982, 37.498919388491501 ], [ 127.118079441481569, 37.498997498662504 ] ] ] }, { "type": "Polygon", "coordinates": [ [ [ 127.121496817303793, 37.499093800028454 ], [ 127.121555729640818, 37.499019317714961 ], [ 127.12148815891419, 37.49898325631478 ], [ 127.12133896501139, 37.498963225360697 ], [ 127.121301384212416, 37.499011556986218 ], [ 127.121463691576238, 37.499099329755495 ], [ 127.121496817303793, 37.499093800028454 ] ] ] }, { "type": "Polygon", "coordinates": [ [ [ 127.120112335626629, 37.499194307773742 ], [ 127.120252642163166, 37.499029374232677 ], [ 127.120085919708131, 37.498937639835468 ], [ 127.119944483669485, 37.499103565411765 ], [ 127.120112335626629, 37.499194307773742 ] ] ] }, { "type": "Polygon", "coordinates": [ [ [ 127.121244753460701, 37.499240287788041 ], [ 127.121345213149311, 37.499122515544833 ], [ 127.121199543898527, 37.499043645643432 ], [ 127.12114403182629, 37.499052261351849 ], [ 127.121067052832075, 37.4991441510128 ], [ 127.121244753460701, 37.499240287788041 ] ] ] }, { "type": "Polygon", "coordinates": [ [ [ 127.120904819646015, 37.499173777717743 ], [ 127.120821741960398, 37.499128811722528 ], [ 127.120726926067178, 37.499240451037259 ], [ 127.120830716443308, 37.499296478461901 ], [ 127.120911307933838, 37.499200350613741 ], [ 127.120904819646015, 37.499173777717743 ] ] ] }, { "type": "Polygon", "coordinates": [ [ [ 127.121556530137141, 37.499236817917506 ], [ 127.121458409699642, 37.499183740648796 ], [ 127.121357927403466, 37.499301458950036 ], [ 127.121455957540775, 37.499354590452661 ], [ 127.121556530137141, 37.499236817917506 ] ] ] }, { "type": "Polygon", "coordinates": [ [ [ 127.121317933750873, 37.499672963114591 ], [ 127.121151437470516, 37.499582941900478 ], [ 127.121050412858423, 37.49970161554026 ], [ 127.12121679619365, 37.499791637009245 ], [ 127.121317933750873, 37.499672963114591 ] ] ] }, { "type": "Polygon", "coordinates": [ [ [ 127.121804182376124, 37.499936011033981 ], [ 127.121659303401131, 37.499857591406354 ], [ 127.121558166136666, 37.499976265589012 ], [ 127.121669994509517, 37.500036698992062 ], [ 127.121725507537931, 37.500028263236153 ], [ 127.121804182376124, 37.499936011033981 ] ] ] }, { "type": "Polygon", "coordinates": [ [ [ 127.120212778255123, 37.500850872444239 ], [ 127.121245510442307, 37.501626851081937 ], [ 127.122407973501026, 37.500644570427717 ], [ 127.122404395250456, 37.500599614280453 ], [ 127.121710768312013, 37.500145858505512 ], [ 127.121097184421629, 37.499814012797721 ], [ 127.120212778255123, 37.500850872444239 ] ] ] }, { "type": "Polygon", "coordinates": [ [ [ 127.117634926177544, 37.502697867395391 ], [ 127.117544384476048, 37.502800399814483 ], [ 127.117727442983309, 37.502899383708474 ], [ 127.117817837448925, 37.502796797235995 ], [ 127.117634926177544, 37.502697867395391 ] ] ] }, { "type": "Polygon", "coordinates": [ [ [ 127.120533210331487, 37.506652524801851 ], [ 127.120278563263113, 37.506756215563392 ], [ 127.120366317866143, 37.506892538290721 ], [ 127.120621643438014, 37.506788576358943 ], [ 127.120533210331487, 37.506652524801851 ] ] ] }, { "type": "Polygon", "coordinates": [ [ [ 127.121197966127085, 37.506911971107243 ], [ 127.121120634617412, 37.506787892009257 ], [ 127.120943749541496, 37.506859880443649 ], [ 127.121023002367281, 37.50698323691465 ], [ 127.121197966127085, 37.506911971107243 ] ] ] }, { "type": "Polygon", "coordinates": [ [ [ 127.119970397983991, 37.507053772962138 ], [ 127.11988355070747, 37.506918719441067 ], [ 127.119742708487152, 37.506976136871636 ], [ 127.119829216450071, 37.507111298954555 ], [ 127.119970397983991, 37.507053772962138 ] ] ] }, { "type": "Polygon", "coordinates": [ [ [ 127.119780562909753, 37.508245252534891 ], [ 127.120883001091883, 37.510047398863748 ], [ 127.121686390869897, 37.509759481716451 ], [ 127.121011072854202, 37.508709054817487 ], [ 127.121817526236583, 37.508380138261231 ], [ 127.121345486873892, 37.507644332250663 ], [ 127.121291628966929, 37.50763042141471 ], [ 127.119780562909753, 37.508245252534891 ] ] ] }, { "type": "Polygon", "coordinates": [ [ [ 127.118001593713018, 37.508665974699163 ], [ 127.117860506372566, 37.508721534059724 ], [ 127.117920146822982, 37.508817431482498 ], [ 127.11806124560951, 37.508761872040218 ], [ 127.118001593713018, 37.508665974699163 ] ] ] }, { "type": "Polygon", "coordinates": [ [ [ 127.117816118958714, 37.509723585417035 ], [ 127.117622174630938, 37.509799991516694 ], [ 127.117708552327571, 37.509939029502078 ], [ 127.117902779656646, 37.509862604963438 ], [ 127.117816118958714, 37.509723585417035 ] ] ] }, { "type": "Polygon", "coordinates": [ [ [ 127.118648837781166, 37.510755926602414 ], [ 127.118742497419376, 37.510906210034122 ], [ 127.119004535543183, 37.510802776584391 ], [ 127.118910932104569, 37.510652520332101 ], [ 127.118648837781166, 37.510755926602414 ] ] ] }, { "type": "Polygon", "coordinates": [ [ [ 127.121275951274626, 37.510999183426918 ], [ 127.121204746732218, 37.510882837822635 ], [ 127.121015652222994, 37.510957451581156 ], [ 127.1210878738719, 37.511073408840048 ], [ 127.121275951274626, 37.510999183426918 ] ] ] }, { "type": "Polygon", "coordinates": [ [ [ 127.121801471997216, 37.511147124708025 ], [ 127.121755317331065, 37.511071848383253 ], [ 127.121555802581796, 37.511144401317765 ], [ 127.121605359347768, 37.511225350539448 ], [ 127.121801471997216, 37.511147124708025 ] ] ] }, { "type": "Polygon", "coordinates": [ [ [ 127.119605459803523, 37.511246467824428 ], [ 127.119515085719812, 37.51110104718682 ], [ 127.119421944703163, 37.511137810749489 ], [ 127.119512431756419, 37.511283231344713 ], [ 127.119605459803523, 37.511246467824428 ] ] ] }, { "type": "Polygon", "coordinates": [ [ [ 127.12163321338204, 37.511582918729523 ], [ 127.121564604646835, 37.51147081440854 ], [ 127.121380448731344, 37.511543540642663 ], [ 127.12144997282617, 37.511655274731432 ], [ 127.12163321338204, 37.511582918729523 ] ] ] }, { "type": "Polygon", "coordinates": [ [ [ 127.119195492895884, 37.511632773759175 ], [ 127.119272712710881, 37.511756583826056 ], [ 127.119534504392277, 37.511653248569452 ], [ 127.119457363298707, 37.511529357503463 ], [ 127.119195492895884, 37.511632773759175 ] ] ] }, { "type": "Polygon", "coordinates": [ [ [ 127.11979375545603, 37.512592458249863 ], [ 127.120054769347846, 37.512489410951083 ], [ 127.119942258271323, 37.51230849560676 ], [ 127.119681007370986, 37.512411569926748 ], [ 127.11979375545603, 37.512592458249863 ] ] ] }, { "type": "Polygon", "coordinates": [ [ [ 127.117751263323996, 37.513398444686239 ], [ 127.117654880821078, 37.513243568129333 ], [ 127.117475226989256, 37.513314481839977 ], [ 127.117553840974182, 37.513440895506278 ], [ 127.117607363601536, 37.513455168758206 ], [ 127.117751263323996, 37.513398444686239 ] ] ] }, { "type": "Polygon", "coordinates": [ [ [ 127.119817683277205, 37.514638416453906 ], [ 127.119956629330304, 37.514588839566017 ], [ 127.119877023296723, 37.514460698608708 ], [ 127.119738032368673, 37.514510392578337 ], [ 127.119817683277205, 37.514638416453906 ] ] ] }, { "type": "Polygon", "coordinates": [ [ [ 127.118386304669357, 37.527217552484181 ], [ 127.11831922892992, 37.527107985870174 ], [ 127.11812617688507, 37.5271829411178 ], [ 127.11819309419667, 37.527292616115986 ], [ 127.118386304669357, 37.527217552484181 ] ] ] }, { "type": "Polygon", "coordinates": [ [ [ 127.118297358583305, 37.530023876073976 ], [ 127.118445597089305, 37.529972552967436 ], [ 127.118369025166118, 37.529847390624738 ], [ 127.118223292722092, 37.529902315134684 ], [ 127.118297358583305, 37.530023876073976 ] ] ] }, { "type": "Polygon", "coordinates": [ [ [ 127.120026048659369, 37.531098580222299 ], [ 127.120513680527665, 37.53104551695305 ], [ 127.120278348142378, 37.530410904748521 ], [ 127.120135411731695, 37.530109422749547 ], [ 127.120013010723483, 37.530115789502005 ], [ 127.119811183742627, 37.530655786107054 ], [ 127.119902760368461, 37.530680570782884 ], [ 127.119929299999384, 37.530750983854951 ], [ 127.119913952570442, 37.530782777283875 ], [ 127.120026048659369, 37.531098580222299 ] ] ] }, { "type": "Polygon", "coordinates": [ [ [ 127.119354474700813, 37.530874895773124 ], [ 127.119313361815614, 37.530889577930054 ], [ 127.119313937799532, 37.530917715384 ], [ 127.119420580135142, 37.531069291234495 ], [ 127.119484528517347, 37.530906715176002 ], [ 127.119354474700813, 37.530874895773124 ] ] ] }, { "type": "Polygon", "coordinates": [ [ [ 127.119509127939182, 37.531354439326947 ], [ 127.119497586396676, 37.531453938555281 ], [ 127.119253548902705, 37.531437702909578 ], [ 127.119251564445307, 37.53154995966225 ], [ 127.119489472867713, 37.531567814212039 ], [ 127.119481192802638, 37.531683717267597 ], [ 127.119706449841971, 37.53163500961093 ], [ 127.119509127939182, 37.531354439326947 ] ] ] }, { "type": "Polygon", "coordinates": [ [ [ 127.119094161716262, 37.532215446027479 ], [ 127.118984021848945, 37.532301546427121 ], [ 127.11905901052809, 37.532338367497111 ], [ 127.119066603528367, 37.53237535472595 ], [ 127.119208961983546, 37.532323378806197 ], [ 127.119143815083731, 37.532199394944158 ], [ 127.119094161716262, 37.532215446027479 ] ] ] }, { "type": "Polygon", "coordinates": [ [ [ 127.117675749129305, 37.533310177877986 ], [ 127.117788516355631, 37.533245654911724 ], [ 127.117701040754682, 37.53317486887169 ], [ 127.117606461605249, 37.533229075526577 ], [ 127.117675749129305, 37.533310177877986 ] ] ] }, { "type": "Polygon", "coordinates": [ [ [ 127.118653178832787, 37.534084219761716 ], [ 127.118793485273912, 37.534041769887416 ], [ 127.118727625403423, 37.533896496074021 ], [ 127.11857178912966, 37.533941529094115 ], [ 127.118653178832787, 37.534084219761716 ] ] ] }, { "type": "Polygon", "coordinates": [ [ [ 127.121528590765507, 37.534523152848344 ], [ 127.12140476403377, 37.534547992847862 ], [ 127.12145079532651, 37.534671616405504 ], [ 127.121570171468491, 37.534644068893456 ], [ 127.121528590765507, 37.534523152848344 ] ] ] }, { "type": "Polygon", "coordinates": [ [ [ 127.118912881219629, 37.535138484083376 ], [ 127.118302741322907, 37.534303571187628 ], [ 127.118110545102937, 37.534082585308973 ], [ 127.117248023169566, 37.534303239916376 ], [ 127.11719759206251, 37.534344329556333 ], [ 127.117143164793347, 37.534435266020971 ], [ 127.117093897958284, 37.534571066860778 ], [ 127.117067290960662, 37.534705485009745 ], [ 127.117089967189401, 37.534787930708255 ], [ 127.117139083335104, 37.534869566655836 ], [ 127.117563721674614, 37.535414962668128 ], [ 127.117643345382177, 37.535440472600918 ], [ 127.117977486418923, 37.535359378578022 ], [ 127.118897546373773, 37.535179152124812 ], [ 127.118912881219629, 37.535138484083376 ] ] ] }, { "type": "Polygon", "coordinates": [ [ [ 127.120710094948706, 37.535325450969346 ], [ 127.120652242635629, 37.535238320262515 ], [ 127.120517644671764, 37.535264008118169 ], [ 127.120559347342478, 37.535355651124213 ], [ 127.120710094948706, 37.535325450969346 ] ] ] }, { "type": "Polygon", "coordinates": [ [ [ 127.120861119195482, 37.535760045509086 ], [ 127.120891814971486, 37.535724668539487 ], [ 127.120867434195247, 37.535697176860545 ], [ 127.120541740912998, 37.535746249256995 ], [ 127.12058354627024, 37.535838243530463 ], [ 127.120861119195482, 37.535760045509086 ] ] ] }, { "type": "Polygon", "coordinates": [ [ [ 127.121278132179341, 37.535967257157658 ], [ 127.121158063420083, 37.535994660912614 ], [ 127.121239702061942, 37.536168271560882 ], [ 127.121352715775032, 37.536143893208035 ], [ 127.121278132179341, 37.535967257157658 ] ] ] }, { "type": "Polygon", "coordinates": [ [ [ 127.121139079354279, 37.536200917378743 ], [ 127.121095242422086, 37.536126783041084 ], [ 127.12088372174486, 37.536190976509964 ], [ 127.120919185482904, 37.536271948915847 ], [ 127.121139079354279, 37.536200917378743 ] ] ] }, { "type": "Polygon", "coordinates": [ [ [ 127.121230477972261, 37.536867189932096 ], [ 127.121295968664199, 37.536953817037563 ], [ 127.121462139213165, 37.53690145388768 ], [ 127.121417221946118, 37.536810228946173 ], [ 127.121230477972261, 37.536867189932096 ] ] ] }, { "type": "Polygon", "coordinates": [ [ [ 127.120705737040367, 37.537201114960034 ], [ 127.120888797706655, 37.537167944733106 ], [ 127.120837440750236, 37.537068175664061 ], [ 127.120697512922931, 37.537109636473865 ], [ 127.120705737040367, 37.537201114960034 ] ] ] }, { "type": "Polygon", "coordinates": [ [ [ 127.117446153613045, 37.538541936999984 ], [ 127.117487929672563, 37.538623760151758 ], [ 127.117653273325274, 37.538573989031882 ], [ 127.117604166527812, 37.538493020076906 ], [ 127.117446153613045, 37.538541936999984 ] ] ] }, { "type": "Polygon", "coordinates": [ [ [ 127.118607298092144, 37.53875039834675 ], [ 127.118670178392065, 37.538767698109254 ], [ 127.118578757306409, 37.538841246667943 ], [ 127.118613629518251, 37.538870332168855 ], [ 127.118811721459281, 37.538721778194017 ], [ 127.11871288331362, 37.538632362727199 ], [ 127.118536707532499, 37.53877336252868 ], [ 127.118607298092144, 37.53875039834675 ] ] ] }, { "type": "Polygon", "coordinates": [ [ [ 127.120283456011165, 37.538690934962929 ], [ 127.120167163446268, 37.538762329359017 ], [ 127.120281504572461, 37.538873081533964 ], [ 127.12039983599189, 37.538803036462689 ], [ 127.120283456011165, 37.538690934962929 ] ] ] }, { "type": "Polygon", "coordinates": [ [ [ 127.120443257144458, 37.539063658828034 ], [ 127.120307742193916, 37.539164742389246 ], [ 127.120353861638492, 37.539200654591724 ], [ 127.120483056499438, 37.539102631708715 ], [ 127.120443257144458, 37.539063658828034 ] ] ] }, { "type": "Polygon", "coordinates": [ [ [ 127.124257204493119, 37.4832925670474 ], [ 127.12419544351205, 37.483413545496227 ], [ 127.124411283667712, 37.483483599262485 ], [ 127.124463377323977, 37.483466065653673 ], [ 127.124510261847973, 37.483374565278744 ], [ 127.124257204493119, 37.4832925670474 ] ] ] }, { "type": "Polygon", "coordinates": [ [ [ 127.123863533602659, 37.484827920129966 ], [ 127.123807405220546, 37.484937359705839 ], [ 127.123837542988198, 37.484975530933717 ], [ 127.123986688985283, 37.484982854741304 ], [ 127.123994139052442, 37.484836794826187 ], [ 127.123863533602659, 37.484827920129966 ] ] ] }, { "type": "Polygon", "coordinates": [ [ [ 127.123808737821307, 37.485199999986911 ], [ 127.123676213743849, 37.48519364987186 ], [ 127.123616816303809, 37.485309489834236 ], [ 127.123646953977982, 37.485347571008276 ], [ 127.123796213616231, 37.485354804837804 ], [ 127.123808737821307, 37.485199999986911 ] ] ] }, { "type": "Polygon", "coordinates": [ [ [ 127.124485748013825, 37.485388056944956 ], [ 127.124649255363693, 37.485395995668107 ], [ 127.124691606315508, 37.485366128409375 ], [ 127.124701127514484, 37.485242771514052 ], [ 127.124497705027395, 37.485232982312993 ], [ 127.124485748013825, 37.485388056944956 ] ] ] }, { "type": "Polygon", "coordinates": [ [ [ 127.123180415002452, 37.485401031149252 ], [ 127.123430425067838, 37.485482764497128 ], [ 127.123490386213646, 37.485365662648945 ], [ 127.123240150487476, 37.485284019758609 ], [ 127.123180415002452, 37.485401031149252 ] ] ] }, { "type": "Polygon", "coordinates": [ [ [ 127.123949216365858, 37.485577193516534 ], [ 127.123793624389037, 37.485569876334232 ], [ 127.123781991120808, 37.485716391047767 ], [ 127.123936791931925, 37.485723709064722 ], [ 127.123949216365858, 37.485577193516534 ] ] ] }, { "type": "Polygon", "coordinates": [ [ [ 127.124358225705791, 37.485743634278208 ], [ 127.124368726890324, 37.48559694048636 ], [ 127.124220484759618, 37.485589976624183 ], [ 127.124208400201596, 37.485736581947378 ], [ 127.124358225705791, 37.485743634278208 ] ] ] }, { "type": "Polygon", "coordinates": [ [ [ 127.124663704520827, 37.485726197280556 ], [ 127.124672674377948, 37.485611310374011 ], [ 127.124514029164914, 37.485603817122815 ], [ 127.124502849714133, 37.485750421533147 ], [ 127.124621466421985, 37.485756064410054 ], [ 127.124663704520827, 37.485726197280556 ] ] ] }, { "type": "Polygon", "coordinates": [ [ [ 127.124127133526386, 37.486722721109693 ], [ 127.124119381283094, 37.486822199585546 ], [ 127.124322242983993, 37.48683217021518 ], [ 127.124329994811774, 37.48673260162677 ], [ 127.124127133526386, 37.486722721109693 ] ] ] }, { "type": "Polygon", "coordinates": [ [ [ 127.123981804585981, 37.486770084245428 ], [ 127.123836273521761, 37.486762936894195 ], [ 127.123826332957506, 37.486907467629415 ], [ 127.123970620545307, 37.486914616281275 ], [ 127.123981804585981, 37.486770084245428 ] ] ] }, { "type": "Polygon", "coordinates": [ [ [ 127.122728214177513, 37.487051407808281 ], [ 127.123062171892244, 37.4871610768663 ], [ 127.123112103501271, 37.48706353726471 ], [ 127.122955081399127, 37.487012792241615 ], [ 127.123004224194432, 37.486916875294341 ], [ 127.122825935804428, 37.486860115260527 ], [ 127.122728214177513, 37.487051407808281 ] ] ] }, { "type": "Polygon", "coordinates": [ [ [ 127.124396530285821, 37.487039953739583 ], [ 127.124387340638137, 37.487159075527231 ], [ 127.124749309567036, 37.487179872058995 ], [ 127.124761155610315, 37.487026239164109 ], [ 127.124438995481171, 37.487010176560226 ], [ 127.124396530285821, 37.487039953739583 ] ] ] }, { "type": "Polygon", "coordinates": [ [ [ 127.122696855856333, 37.487517797687183 ], [ 127.122775755437885, 37.487363555606905 ], [ 127.12259803019532, 37.487305983756009 ], [ 127.122547647223215, 37.487404604799522 ], [ 127.122564337921943, 37.487447655510657 ], [ 127.122696855856333, 37.487517797687183 ] ] ] }, { "type": "Polygon", "coordinates": [ [ [ 127.122600334355866, 37.487682779673122 ], [ 127.122433242569642, 37.487628620480898 ], [ 127.12238004112541, 37.487732650333086 ], [ 127.122547133105343, 37.48778680959925 ], [ 127.122600334355866, 37.487682779673122 ] ] ] }, { "type": "Polygon", "coordinates": [ [ [ 127.124887476312921, 37.4886214181413 ], [ 127.124871001089403, 37.4886416177429 ], [ 127.125015513009487, 37.488714267578828 ], [ 127.125103980047854, 37.48853568697691 ], [ 127.124751988037872, 37.488466317234696 ], [ 127.124704995562226, 37.488562683140763 ], [ 127.124887476312921, 37.4886214181413 ] ] ] }, { "type": "Polygon", "coordinates": [ [ [ 127.12436860184873, 37.48848978209228 ], [ 127.124281032066293, 37.488595830714061 ], [ 127.124437770389235, 37.488677838953301 ], [ 127.124515382835227, 37.488567565883066 ], [ 127.12436860184873, 37.48848978209228 ] ] ] }, { "type": "Polygon", "coordinates": [ [ [ 127.123660265298483, 37.489287541047524 ], [ 127.123571313364351, 37.489240240376233 ], [ 127.123515808819491, 37.489248857200387 ], [ 127.123414237636226, 37.489368254422423 ], [ 127.123536461367138, 37.489433000252234 ], [ 127.123660265298483, 37.489287541047524 ] ] ] }, { "type": "Polygon", "coordinates": [ [ [ 127.122604803334724, 37.489961223851353 ], [ 127.122760526337757, 37.4900440462361 ], [ 127.122898661736713, 37.489879201639283 ], [ 127.122744636330793, 37.489797188592142 ], [ 127.122604803334724, 37.489961223851353 ] ] ] }, { "type": "Polygon", "coordinates": [ [ [ 127.123266875123107, 37.490465193433501 ], [ 127.123415583299149, 37.490544328076062 ], [ 127.123641179601648, 37.490274425887378 ], [ 127.123047141923749, 37.489958156788845 ], [ 127.122909006852396, 37.490123091656606 ], [ 127.123057487679702, 37.490202136888854 ], [ 127.12296968600495, 37.490307013449367 ], [ 127.123118280480512, 37.490386148585571 ], [ 127.123208000494046, 37.490278927340974 ], [ 127.123356595018137, 37.490357972077696 ], [ 127.123266875123107, 37.490465193433501 ] ] ] }, { "type": "Polygon", "coordinates": [ [ [ 127.125070587887166, 37.490298798447796 ], [ 127.124957754400569, 37.490238819704864 ], [ 127.124864880203901, 37.490351721868372 ], [ 127.124931992021232, 37.490387511574184 ], [ 127.124787539557161, 37.49055939292014 ], [ 127.124927535236054, 37.490633939648582 ], [ 127.125072100596014, 37.490462058015716 ], [ 127.124977600712555, 37.490411700816843 ], [ 127.125070587887166, 37.490298798447796 ] ] ] }, { "type": "Polygon", "coordinates": [ [ [ 127.123564178567761, 37.490623372546871 ], [ 127.123712661074777, 37.4907024169461 ], [ 127.123938370001795, 37.490432604181123 ], [ 127.123789661351012, 37.490353380095797 ], [ 127.123564178567761, 37.490623372546871 ] ] ] }, { "type": "Polygon", "coordinates": [ [ [ 127.123981497136924, 37.490807014960481 ], [ 127.123992311450621, 37.490851242834225 ], [ 127.124111822390248, 37.490914819562896 ], [ 127.124337983108873, 37.490645185776017 ], [ 127.124187576176027, 37.490565153060643 ], [ 127.123981497136924, 37.490807014960481 ] ] ] }, { "type": "Polygon", "coordinates": [ [ [ 127.123297442700405, 37.491449513057731 ], [ 127.123791633455482, 37.490869560782095 ], [ 127.123780819257348, 37.490825332889955 ], [ 127.122498241691048, 37.490142794372801 ], [ 127.122442736354046, 37.49015141069291 ], [ 127.121955526148099, 37.490723232278675 ], [ 127.123297442700405, 37.491449513057731 ] ] ] }, { "type": "Polygon", "coordinates": [ [ [ 127.124763628595673, 37.490871704352045 ], [ 127.124479789318727, 37.490720722251609 ], [ 127.124341655559746, 37.490885388470375 ], [ 127.124625382256539, 37.491036461115421 ], [ 127.124763628595673, 37.490871704352045 ] ] ] }, { "type": "Polygon", "coordinates": [ [ [ 127.12388579301691, 37.490919378678448 ], [ 127.12375284509028, 37.491075479336807 ], [ 127.123763659308381, 37.491119707229622 ], [ 127.123868118408296, 37.491175280878053 ], [ 127.124048247547748, 37.490967684091778 ], [ 127.123941298754275, 37.49091076168083 ], [ 127.12388579301691, 37.490919378678448 ] ] ] }, { "type": "Polygon", "coordinates": [ [ [ 127.1246794797908, 37.491216983077138 ], [ 127.124821309863236, 37.491292410989615 ], [ 127.125047355939245, 37.491022685882911 ], [ 127.124905548736322, 37.490947240194238 ], [ 127.1246794797908, 37.491216983077138 ] ] ] }, { "type": "Polygon", "coordinates": [ [ [ 127.124412598521971, 37.491465017845826 ], [ 127.12455350086654, 37.491540014561664 ], [ 127.124644131016709, 37.491436575498462 ], [ 127.124503228628697, 37.491361488789394 ], [ 127.124412598521971, 37.491465017845826 ] ] ] }, { "type": "Polygon", "coordinates": [ [ [ 127.124935782679088, 37.491591873820681 ], [ 127.124785033686592, 37.491511662038043 ], [ 127.124694742867945, 37.491615100854148 ], [ 127.124813803019904, 37.491678497133258 ], [ 127.124869309210922, 37.491669879699998 ], [ 127.124935782679088, 37.491591873820681 ] ] ] }, { "type": "Polygon", "coordinates": [ [ [ 127.123669780349076, 37.491172873204356 ], [ 127.123110217448144, 37.491829648387828 ], [ 127.123120918321277, 37.491873876450612 ], [ 127.124165537518948, 37.492439074822101 ], [ 127.124221044495229, 37.492430547793191 ], [ 127.124786245265398, 37.491767274341186 ], [ 127.124775430498289, 37.491723136647906 ], [ 127.123725286299006, 37.491164256308252 ], [ 127.123669780349076, 37.491172873204356 ] ] ] }, { "type": "Polygon", "coordinates": [ [ [ 127.122962969468958, 37.492514108931267 ], [ 127.122664523775512, 37.492352685933746 ], [ 127.122585745139887, 37.492445119128071 ], [ 127.122884191032654, 37.492606542321731 ], [ 127.122962969468958, 37.492514108931267 ] ] ] }, { "type": "Polygon", "coordinates": [ [ [ 127.124722711733327, 37.492740420004374 ], [ 127.12492880967595, 37.492851928823143 ], [ 127.125123831060122, 37.492623051313615 ], [ 127.124786560359837, 37.49244068100932 ], [ 127.124690629511463, 37.492553225784953 ], [ 127.124821802716752, 37.492624087710702 ], [ 127.124722711733327, 37.492740420004374 ] ] ] }, { "type": "Polygon", "coordinates": [ [ [ 127.122292298795898, 37.49278951113638 ], [ 127.122590745576872, 37.492951025160323 ], [ 127.122657222404229, 37.492872930474171 ], [ 127.122646634737933, 37.492828702260759 ], [ 127.122539795971235, 37.492770877488191 ], [ 127.122414283322371, 37.492702980535078 ], [ 127.122358775791753, 37.492711416615705 ], [ 127.122292298795898, 37.49278951113638 ] ] ] }, { "type": "Polygon", "coordinates": [ [ [ 127.124430147786342, 37.492858935846712 ], [ 127.124767872410345, 37.493041667080931 ], [ 127.1248785885046, 37.492911807627529 ], [ 127.124573799307456, 37.492747062393498 ], [ 127.124518291989915, 37.492755499488233 ], [ 127.124430147786342, 37.492858935846712 ] ] ] }, { "type": "Polygon", "coordinates": [ [ [ 127.124163472798671, 37.493043557441467 ], [ 127.124057764369041, 37.492986363570878 ], [ 127.123983952660197, 37.493072936039475 ], [ 127.124056613062137, 37.493112234370223 ], [ 127.124112120696125, 37.493103797492346 ], [ 127.124163472798671, 37.493043557441467 ] ] ] }, { "type": "Polygon", "coordinates": [ [ [ 127.12392622537935, 37.493107053637416 ], [ 127.123735600624002, 37.493330698810844 ], [ 127.123827841055189, 37.493380608815485 ], [ 127.123883348913708, 37.493372172045056 ], [ 127.124029054183254, 37.493201191581882 ], [ 127.124018465661564, 37.493156963495395 ], [ 127.12392622537935, 37.493107053637416 ] ] ] }, { "type": "Polygon", "coordinates": [ [ [ 127.123442497923392, 37.49325928210741 ], [ 127.123218066180144, 37.493137788497165 ], [ 127.12311626297074, 37.493257095527049 ], [ 127.123340807985628, 37.493378589211247 ], [ 127.123442497923392, 37.49325928210741 ] ] ] }, { "type": "Polygon", "coordinates": [ [ [ 127.122069826800143, 37.493322499255115 ], [ 127.122146010972884, 37.493233042364224 ], [ 127.121987450287762, 37.493147248814459 ], [ 127.121911266012489, 37.493236705604595 ], [ 127.122069826800143, 37.493322499255115 ] ] ] }, { "type": "Polygon", "coordinates": [ [ [ 127.122572025367575, 37.493332797754611 ], [ 127.122684274813466, 37.493393527170717 ], [ 127.122773234718096, 37.493289163255596 ], [ 127.122660962784806, 37.493228460975892 ], [ 127.122572025367575, 37.493332797754611 ] ] ] }, { "type": "Polygon", "coordinates": [ [ [ 127.121993529367302, 37.493411956211133 ], [ 127.121904590948034, 37.493516382585916 ], [ 127.122011317066537, 37.493574117940113 ], [ 127.122066938353612, 37.493565681907455 ], [ 127.122133416415011, 37.493487677622106 ], [ 127.121993529367302, 37.493411956211133 ] ] ] }, { "type": "Polygon", "coordinates": [ [ [ 127.124067327072623, 37.493510104540043 ], [ 127.124273652614662, 37.493621794449993 ], [ 127.124384257340679, 37.493491935587159 ], [ 127.124177932139546, 37.493380335967352 ], [ 127.124067327072623, 37.493510104540043 ] ] ] }, { "type": "Polygon", "coordinates": [ [ [ 127.123364144129411, 37.493543628211796 ], [ 127.12347653032765, 37.493604419801251 ], [ 127.12356535372723, 37.493500082464919 ], [ 127.123453080692343, 37.493439290842026 ], [ 127.123364144129411, 37.493543628211796 ] ] ] }, { "type": "Polygon", "coordinates": [ [ [ 127.124510980145132, 37.493744263717737 ], [ 127.124744696280501, 37.493870610568898 ], [ 127.124923469086099, 37.493660941657225 ], [ 127.124689527443365, 37.493534775589893 ], [ 127.124510980145132, 37.493744263717737 ] ] ] }, { "type": "Polygon", "coordinates": [ [ [ 127.123197362991561, 37.494177292639336 ], [ 127.123270273811542, 37.494091802804434 ], [ 127.123139778411669, 37.49402120877663 ], [ 127.123235036302091, 37.493909476877953 ], [ 127.123120046536883, 37.493847156043252 ], [ 127.123024675620428, 37.493958978066608 ], [ 127.122679515277966, 37.493772213027206 ], [ 127.122774852520209, 37.493660373293295 ], [ 127.122667220334932, 37.493602189059651 ], [ 127.122476590565824, 37.493825832191519 ], [ 127.123141854459405, 37.494185729087462 ], [ 127.123197362991561, 37.494177292639336 ] ] ] }, { "type": "Polygon", "coordinates": [ [ [ 127.122039928960689, 37.494068557128244 ], [ 127.122268483597509, 37.493800366592509 ], [ 127.122127350946798, 37.493724015918119 ], [ 127.121898682957124, 37.493992206300021 ], [ 127.122039928960689, 37.494068557128244 ] ] ] }, { "type": "Polygon", "coordinates": [ [ [ 127.124677790273637, 37.494237477092298 ], [ 127.124509604385821, 37.494146561283841 ], [ 127.124693908589762, 37.493930309676031 ], [ 127.12446019220566, 37.493803872626088 ], [ 127.124206815517425, 37.494101195448145 ], [ 127.124440532255903, 37.494227542892261 ], [ 127.12442507000695, 37.494245669061378 ], [ 127.124593256015217, 37.494336584988424 ], [ 127.124677790273637, 37.494237477092298 ] ] ] }, { "type": "Polygon", "coordinates": [ [ [ 127.123630207593848, 37.494022955396524 ], [ 127.123534386217003, 37.494135589192432 ], [ 127.123740712544304, 37.494247189919776 ], [ 127.123932581127136, 37.494022101883992 ], [ 127.123594740884641, 37.493839278313864 ], [ 127.123498806462479, 37.493951822101224 ], [ 127.123630207593848, 37.494022955396524 ] ] ] }, { "type": "Polygon", "coordinates": [ [ [ 127.123091065278373, 37.494245427504943 ], [ 127.122833130296343, 37.494105857572855 ], [ 127.122604576753545, 37.494374049185083 ], [ 127.122895560517605, 37.494531425443213 ], [ 127.123101653408881, 37.494289655667039 ], [ 127.123091065278373, 37.494245427504943 ] ] ] }, { "type": "Polygon", "coordinates": [ [ [ 127.124037971849646, 37.494299320176594 ], [ 127.123953662393859, 37.494398157081854 ], [ 127.124186815264522, 37.494525136304802 ], [ 127.124271576137787, 37.494425848266872 ], [ 127.124037971849646, 37.494299320176594 ] ] ] }, { "type": "Polygon", "coordinates": [ [ [ 127.124269789050985, 37.494715791629559 ], [ 127.123869353010036, 37.494497174125158 ], [ 127.123784930323467, 37.494596191224026 ], [ 127.124185140782046, 37.494814989444741 ], [ 127.124269789050985, 37.494715791629559 ] ] ] }, { "type": "Polygon", "coordinates": [ [ [ 127.124443409717017, 37.495155298636732 ], [ 127.124540811350997, 37.495040950579586 ], [ 127.124400014037519, 37.49496505278978 ], [ 127.124297081788399, 37.495085803573097 ], [ 127.124387101802654, 37.49515932160557 ], [ 127.124443409717017, 37.495155298636732 ] ] ] }, { "type": "Polygon", "coordinates": [ [ [ 127.124057718440483, 37.495311572131911 ], [ 127.124484471592197, 37.495715226754271 ], [ 127.124631647278747, 37.49554253218556 ], [ 127.124629085682116, 37.495497575007931 ], [ 127.124256147639912, 37.495155673528664 ], [ 127.124057718440483, 37.495311572131911 ] ] ] }, { "type": "Polygon", "coordinates": [ [ [ 127.124689438486399, 37.495959544340479 ], [ 127.124762084322725, 37.496056866557389 ], [ 127.125004695767274, 37.495949304257785 ], [ 127.124922066911793, 37.495832801340121 ], [ 127.124689438486399, 37.495959544340479 ] ] ] }, { "type": "Polygon", "coordinates": [ [ [ 127.121884573025653, 37.496826312959755 ], [ 127.122071210641138, 37.49692730482063 ], [ 127.122089044425124, 37.496906473550553 ], [ 127.122219770034405, 37.496977068466173 ], [ 127.122503413393616, 37.496644219695902 ], [ 127.122492825279551, 37.496599991497938 ], [ 127.122208512022695, 37.496446211489534 ], [ 127.121884573025653, 37.496826312959755 ] ] ] }, { "type": "Polygon", "coordinates": [ [ [ 127.121847273434554, 37.497189994043964 ], [ 127.121747042995921, 37.497307586317582 ], [ 127.121844606891401, 37.497360555812108 ], [ 127.121900117919864, 37.497352119973741 ], [ 127.121978112540972, 37.497260679207677 ], [ 127.121847273434554, 37.497189994043964 ] ] ] }, { "type": "Polygon", "coordinates": [ [ [ 127.123903935425119, 37.497326094599885 ], [ 127.1239429278194, 37.497451293013476 ], [ 127.123913619922277, 37.497578274088227 ], [ 127.123405385604741, 37.498185802276424 ], [ 127.123407155110115, 37.498230850377531 ], [ 127.124286626172093, 37.499129766886448 ], [ 127.124342949173013, 37.499133132137153 ], [ 127.125460895131326, 37.498290612224821 ], [ 127.124730988899728, 37.496746613573336 ], [ 127.123877740621111, 37.497004555300059 ], [ 127.123748276962687, 37.497154164999685 ], [ 127.1237584137059, 37.497198483647281 ], [ 127.123833693625969, 37.497246789361107 ], [ 127.123903935425119, 37.497326094599885 ] ] ] }, { "type": "Polygon", "coordinates": [ [ [ 127.122372847065108, 37.498988030899554 ], [ 127.12249394762982, 37.498838070914516 ], [ 127.122479007105525, 37.498829977226684 ], [ 127.122485184145091, 37.498803481547611 ], [ 127.122192815424398, 37.498638537431844 ], [ 127.122071132053904, 37.498777865926435 ], [ 127.122372847065108, 37.498988030899554 ] ] ] }, { "type": "Polygon", "coordinates": [ [ [ 127.121861766779887, 37.498822408506285 ], [ 127.121697646268558, 37.498732205428254 ], [ 127.121626359268404, 37.498846975028293 ], [ 127.121726972215399, 37.498966615389193 ], [ 127.121861766779887, 37.498822408506285 ] ] ] }, { "type": "Polygon", "coordinates": [ [ [ 127.121743777254594, 37.499009125414524 ], [ 127.121905858810436, 37.499096807705939 ], [ 127.122044468821954, 37.49893430646155 ], [ 127.121898553650325, 37.498843364291446 ], [ 127.121743777254594, 37.499009125414524 ] ] ] }, { "type": "Polygon", "coordinates": [ [ [ 127.12280231188663, 37.498893346349796 ], [ 127.122733120757218, 37.498974507220694 ], [ 127.122786164027644, 37.499047794055954 ], [ 127.122923802202848, 37.498984763003826 ], [ 127.12285874496223, 37.498895000298361 ], [ 127.12280231188663, 37.498893346349796 ] ] ] }, { "type": "Polygon", "coordinates": [ [ [ 127.123739435531164, 37.49922304698233 ], [ 127.123900423308356, 37.499123860600697 ], [ 127.123828152780803, 37.499049783276412 ], [ 127.123673605604736, 37.499145629207369 ], [ 127.123739435531164, 37.49922304698233 ] ] ] }, { "type": "Polygon", "coordinates": [ [ [ 127.125019496231801, 37.499168737057907 ], [ 127.124933658407869, 37.499097287488873 ], [ 127.124846575840095, 37.499162790910532 ], [ 127.12493128456282, 37.499235322919645 ], [ 127.125019496231801, 37.499168737057907 ] ] ] }, { "type": "Polygon", "coordinates": [ [ [ 127.124016188560262, 37.499170952936872 ], [ 127.1239088640951, 37.499237467752323 ], [ 127.124034148552497, 37.499365820259591 ], [ 127.124133430331554, 37.499291024494475 ], [ 127.124016188560262, 37.499170952936872 ] ] ] }, { "type": "Polygon", "coordinates": [ [ [ 127.123101860547436, 37.49923055245219 ], [ 127.122964221780123, 37.499293403510251 ], [ 127.123031999726081, 37.499386947545922 ], [ 127.123169751841473, 37.499324186392904 ], [ 127.123101860547436, 37.49923055245219 ] ] ] }, { "type": "Polygon", "coordinates": [ [ [ 127.122347656851758, 37.499426662682225 ], [ 127.122416104542566, 37.499515160793834 ], [ 127.122613622860314, 37.499416479378823 ], [ 127.122476446515037, 37.499275703763146 ], [ 127.122347656851758, 37.499426662682225 ] ] ] }, { "type": "Polygon", "coordinates": [ [ [ 127.124564878215054, 37.499509248211055 ], [ 127.124666532273139, 37.499433098031659 ], [ 127.124582278297652, 37.499362006958819 ], [ 127.124519591885971, 37.499409104355202 ], [ 127.124514433600098, 37.499435779276496 ], [ 127.124564878215054, 37.499509248211055 ] ] ] }, { "type": "Polygon", "coordinates": [ [ [ 127.122100841317973, 37.499531250468941 ], [ 127.121791390483935, 37.499363890120215 ], [ 127.121699396867157, 37.499471743143722 ], [ 127.122043196667121, 37.49965558399186 ], [ 127.122111429764388, 37.499575568779306 ], [ 127.122100841317973, 37.499531250468941 ] ] ] }, { "type": "Polygon", "coordinates": [ [ [ 127.123137066973769, 37.499531810064603 ], [ 127.12316244418804, 37.499566841782297 ], [ 127.122999042492651, 37.499650081964205 ], [ 127.123059823624757, 37.499738488472182 ], [ 127.123225700315786, 37.499654164459649 ], [ 127.123288038397817, 37.499740145560544 ], [ 127.12342556447723, 37.499677204146025 ], [ 127.123274366184617, 37.499468598758114 ], [ 127.123137066973769, 37.499531810064603 ] ] ] }, { "type": "Polygon", "coordinates": [ [ [ 127.124710657574724, 37.499721281387657 ], [ 127.124811065730327, 37.49964387098813 ], [ 127.124728172579367, 37.499575301397222 ], [ 127.124666051077071, 37.499622127981034 ], [ 127.12466077974095, 37.499648803025543 ], [ 127.124710657574724, 37.499721281387657 ] ] ] }, { "type": "Polygon", "coordinates": [ [ [ 127.122679017595374, 37.499855018312601 ], [ 127.122879705405111, 37.499757864904559 ], [ 127.122812488671642, 37.499661797416067 ], [ 127.122608642857486, 37.499764089638674 ], [ 127.122679017595374, 37.499855018312601 ] ] ] }, { "type": "Polygon", "coordinates": [ [ [ 127.122701455949311, 37.499884007442944 ], [ 127.122566195302596, 37.499949828886265 ], [ 127.122637137207292, 37.500041748099122 ], [ 127.122772624279634, 37.499976016442972 ], [ 127.122701455949311, 37.499884007442944 ] ] ] }, { "type": "Polygon", "coordinates": [ [ [ 127.123513720293246, 37.500061749310539 ], [ 127.123421220781893, 37.499926965354085 ], [ 127.123268398911279, 37.50004209032469 ], [ 127.123335392588444, 37.500139509274256 ], [ 127.123513720293246, 37.500061749310539 ] ] ] }, { "type": "Polygon", "coordinates": [ [ [ 127.121905412080991, 37.499945638702506 ], [ 127.121798744154219, 37.500070805912436 ], [ 127.121806844982927, 37.500115397078282 ], [ 127.121928882853155, 37.500195191301017 ], [ 127.122046273588651, 37.50005721886177 ], [ 127.121905412080991, 37.499945638702506 ] ] ] }, { "type": "Polygon", "coordinates": [ [ [ 127.123015958584034, 37.499956034578695 ], [ 127.122827813920878, 37.500047408947175 ], [ 127.122946012836536, 37.500200186918683 ], [ 127.123097801658972, 37.500075152450066 ], [ 127.123015958584034, 37.499956034578695 ] ] ] }, { "type": "Polygon", "coordinates": [ [ [ 127.124812361391463, 37.500019225516517 ], [ 127.12458657640525, 37.500189389205381 ], [ 127.124732195639112, 37.500303123593667 ], [ 127.124913705039376, 37.500166523017725 ], [ 127.124812361391463, 37.500019225516517 ] ] ] }, { "type": "Polygon", "coordinates": [ [ [ 127.123692371333263, 37.500321502680755 ], [ 127.123513930108444, 37.500399263028207 ], [ 127.123625134259115, 37.500561147614221 ], [ 127.123948131051975, 37.500430709188166 ], [ 127.123882950152478, 37.500335991708631 ], [ 127.123743608687022, 37.500395782033621 ], [ 127.123692371333263, 37.500321502680755 ] ] ] }, { "type": "Polygon", "coordinates": [ [ [ 127.124407438562486, 37.500324365015018 ], [ 127.124290659749917, 37.500412342766197 ], [ 127.124431184832972, 37.500529857997414 ], [ 127.124549669401603, 37.500440716044999 ], [ 127.124407438562486, 37.500324365015018 ] ] ] }, { "type": "Polygon", "coordinates": [ [ [ 127.125092145488438, 37.500775771666255 ], [ 127.125199108499288, 37.500695110500182 ], [ 127.125042378476024, 37.500565260446926 ], [ 127.124964217388694, 37.500624087225198 ], [ 127.12477079089625, 37.50046012731832 ], [ 127.12465569524403, 37.5005468332647 ], [ 127.124849121709516, 37.500710793357669 ], [ 127.124935528125562, 37.50064565105572 ], [ 127.125092145488438, 37.500775771666255 ] ] ] }, { "type": "Polygon", "coordinates": [ [ [ 127.123305907803427, 37.500715908218417 ], [ 127.123391832772427, 37.5008407880497 ], [ 127.123571521359153, 37.5007643781002 ], [ 127.123485709268579, 37.5006394982816 ], [ 127.123305907803427, 37.500715908218417 ] ] ] }, { "type": "Polygon", "coordinates": [ [ [ 127.1246191552884, 37.500883934749098 ], [ 127.124425164167704, 37.500720425370943 ], [ 127.124318200138873, 37.500800995737812 ], [ 127.124489939859814, 37.500981196918232 ], [ 127.1246191552884, 37.500883934749098 ] ] ] }, { "type": "Polygon", "coordinates": [ [ [ 127.12328107405331, 37.501092460931716 ], [ 127.123222354899781, 37.501007196918117 ], [ 127.123068661051732, 37.501074299310808 ], [ 127.123127380229619, 37.501159653499698 ], [ 127.12328107405331, 37.501092460931716 ] ] ] }, { "type": "Polygon", "coordinates": [ [ [ 127.124604893795123, 37.501221012993355 ], [ 127.124476550284371, 37.501298632476733 ], [ 127.124591988600557, 37.50141987670731 ], [ 127.124720332198621, 37.501342257099957 ], [ 127.124604893795123, 37.501221012993355 ] ] ] }, { "type": "Polygon", "coordinates": [ [ [ 127.123757124191016, 37.501333166497446 ], [ 127.123958771085981, 37.501544782315307 ], [ 127.124129256089375, 37.501441261023693 ], [ 127.123927722083579, 37.501229645376256 ], [ 127.123757124191016, 37.501333166497446 ] ] ] }, { "type": "Polygon", "coordinates": [ [ [ 127.123515121085376, 37.501409370790043 ], [ 127.123458795824519, 37.501405644750285 ], [ 127.123357364635638, 37.501482154036999 ], [ 127.123439042630338, 37.501567934883063 ], [ 127.123583091738524, 37.501480749723441 ], [ 127.123515121085376, 37.501409370790043 ] ] ] }, { "type": "Polygon", "coordinates": [ [ [ 127.124628168100955, 37.501965122993319 ], [ 127.124293180426562, 37.501613451698574 ], [ 127.124122808203012, 37.501716883007035 ], [ 127.12400555793559, 37.501593928306399 ], [ 127.12387777759119, 37.501670915852742 ], [ 127.124077160229604, 37.501880281305716 ], [ 127.124204940577485, 37.501803203446556 ], [ 127.124287072993667, 37.501889433727733 ], [ 127.124159292583712, 37.501966511674723 ], [ 127.124249808205903, 37.502061472956171 ], [ 127.124377588684041, 37.501984394912391 ], [ 127.124457682303827, 37.502068464797269 ], [ 127.124628168100955, 37.501965122993319 ] ] ] }, { "type": "Polygon", "coordinates": [ [ [ 127.125004953869436, 37.502973667155672 ], [ 127.124922479418217, 37.502886987249362 ], [ 127.124808829691844, 37.502961077832097 ], [ 127.124923456623335, 37.503068447183239 ], [ 127.12499858116729, 37.503018363307021 ], [ 127.125004953869436, 37.502973667155672 ] ] ] }, { "type": "Polygon", "coordinates": [ [ [ 127.124852953730624, 37.503590648997665 ], [ 127.124974283466074, 37.503509702771545 ], [ 127.124850474754169, 37.503389909295812 ], [ 127.124728127087025, 37.503470766358255 ], [ 127.124852953730624, 37.503590648997665 ] ] ] }, { "type": "Polygon", "coordinates": [ [ [ 127.124838882219436, 37.503974128294324 ], [ 127.125050611742239, 37.503846776312578 ], [ 127.124868698086942, 37.503674155045019 ], [ 127.124554300672514, 37.503883604463461 ], [ 127.12454190169224, 37.503908845310477 ], [ 127.124567613778524, 37.504070817906495 ], [ 127.124838882219436, 37.503974128294324 ] ] ] }, { "type": "Polygon", "coordinates": [ [ [ 127.12423604381928, 37.509682122841923 ], [ 127.124406374025881, 37.509611127425593 ], [ 127.124301492153677, 37.509451489756351 ], [ 127.124131162209636, 37.509522485022927 ], [ 127.12423604381928, 37.509682122841923 ] ] ] }, { "type": "Polygon", "coordinates": [ [ [ 127.124994286108233, 37.510161654060624 ], [ 127.124886778440541, 37.509988414621766 ], [ 127.12479621542137, 37.510008511294579 ], [ 127.124771738764451, 37.510049171787223 ], [ 127.124861816547096, 37.510215311656097 ], [ 127.124994286108233, 37.510161654060624 ] ] ] }, { "type": "Polygon", "coordinates": [ [ [ 127.12285524460323, 37.510359386857949 ], [ 127.122908202991582, 37.510375189990384 ], [ 127.123298691988012, 37.510268560564413 ], [ 127.123124736827194, 37.509919333245833 ], [ 127.122662069838057, 37.510083970233801 ], [ 127.12285524460323, 37.510359386857949 ] ] ] }, { "type": "Polygon", "coordinates": [ [ [ 127.124674991221411, 37.510917473052963 ], [ 127.124575862996195, 37.51095704000992 ], [ 127.124674742184709, 37.511110106376321 ], [ 127.124808568646642, 37.511055186186233 ], [ 127.124728739158385, 37.51093147255083 ], [ 127.124674991221411, 37.510917473052963 ] ] ] }, { "type": "Polygon", "coordinates": [ [ [ 127.124070386031136, 37.511158487734946 ], [ 127.123973743865449, 37.511197060510057 ], [ 127.123956169337063, 37.511239876062483 ], [ 127.124040533150378, 37.511370342984975 ], [ 127.124172212570201, 37.511316056442027 ], [ 127.124070386031136, 37.511158487734946 ] ] ] }, { "type": "Polygon", "coordinates": [ [ [ 127.12350164301975, 37.511406580160049 ], [ 127.123469394128563, 37.511398144090286 ], [ 127.123375577082101, 37.511435542162801 ], [ 127.123437264852271, 37.511532786132101 ], [ 127.123552558154728, 37.511486806359706 ], [ 127.12350164301975, 37.511406580160049 ] ] ] }, { "type": "Polygon", "coordinates": [ [ [ 127.124436049414967, 37.511982159181372 ], [ 127.124742813593627, 37.511855970375755 ], [ 127.124643933278193, 37.511702904087777 ], [ 127.124337056599401, 37.511829182856168 ], [ 127.124436049414967, 37.511982159181372 ] ] ] }, { "type": "Polygon", "coordinates": [ [ [ 127.122434277384556, 37.512116581566843 ], [ 127.12235999652745, 37.511995113162385 ], [ 127.122131550122432, 37.512083554189374 ], [ 127.122207871843955, 37.512208264237763 ], [ 127.122434277384556, 37.512116581566843 ] ] ] }, { "type": "Polygon", "coordinates": [ [ [ 127.122295830071977, 37.513026369105042 ], [ 127.122371684797841, 37.513148295425736 ], [ 127.122548598252493, 37.513078548372626 ], [ 127.122473692733934, 37.512956197724009 ], [ 127.122295830071977, 37.513026369105042 ] ] ] }, { "type": "Polygon", "coordinates": [ [ [ 127.122070325211283, 37.535510476753089 ], [ 127.121903588746747, 37.535673149893888 ], [ 127.121924491072363, 37.535739540763608 ], [ 127.122190672291765, 37.53586013726661 ], [ 127.122070325211283, 37.535510476753089 ] ] ] }, { "type": "Polygon", "coordinates": [ [ [ 127.12233268966763, 37.537094892615343 ], [ 127.122371398184114, 37.537060912620518 ], [ 127.122269343970245, 37.53697105290091 ], [ 127.122117319113016, 37.537066947712667 ], [ 127.122179604217905, 37.537157623054313 ], [ 127.122228338800639, 37.537138517259848 ], [ 127.1222495961795, 37.537235217081417 ], [ 127.122373133244551, 37.537203583017181 ], [ 127.12233268966763, 37.537094892615343 ] ] ] }, { "type": "Polygon", "coordinates": [ [ [ 127.121881613136537, 37.537973109107405 ], [ 127.122004469714796, 37.537925555588977 ], [ 127.121961156016667, 37.537847267486811 ], [ 127.121931426789402, 37.537857713275166 ], [ 127.121919260467266, 37.53784167900367 ], [ 127.121949676413223, 37.537822042394978 ], [ 127.121896892610224, 37.53772971745191 ], [ 127.121765446373459, 37.537768882356318 ], [ 127.121881613136537, 37.537973109107405 ] ] ] }, { "type": "Polygon", "coordinates": [ [ [ 127.126290327741799, 37.480174505682108 ], [ 127.126215725518847, 37.480320546641217 ], [ 127.126409198025442, 37.480337731629675 ], [ 127.126417649371234, 37.480185002982047 ], [ 127.126290327741799, 37.480174505682108 ] ] ] }, { "type": "Polygon", "coordinates": [ [ [ 127.127099707372551, 37.480372409114956 ], [ 127.127045492547083, 37.480201636884487 ], [ 127.126881202303849, 37.48019217059062 ], [ 127.126859305878298, 37.480349688840171 ], [ 127.127099707372551, 37.480372409114956 ] ] ] }, { "type": "Polygon", "coordinates": [ [ [ 127.126422684271887, 37.483481580207332 ], [ 127.126686647866904, 37.483504907093597 ], [ 127.126704602974925, 37.483376495461144 ], [ 127.126440560681971, 37.483353168697377 ], [ 127.126422684271887, 37.483481580207332 ] ] ] }, { "type": "Polygon", "coordinates": [ [ [ 127.126783592962468, 37.484028916476618 ], [ 127.126615328105061, 37.484014048034943 ], [ 127.126633205361316, 37.483886267207211 ], [ 127.126369388023704, 37.483863300449812 ], [ 127.126333970407444, 37.484118050765126 ], [ 127.126597450037536, 37.484141378357734 ], [ 127.126561583059811, 37.48439748070534 ], [ 127.126689930830722, 37.484408787513672 ], [ 127.126734092457539, 37.484380719601852 ], [ 127.126783592962468, 37.484028916476618 ] ] ] }, { "type": "Polygon", "coordinates": [ [ [ 127.126144472208765, 37.4842531305924 ], [ 127.126164471606828, 37.484109129589648 ], [ 127.125922816648725, 37.4840875800557 ], [ 127.125910862009974, 37.484242204357031 ], [ 127.126144472208765, 37.4842531305924 ] ] ] }, { "type": "Polygon", "coordinates": [ [ [ 127.125042244256903, 37.484347181210005 ], [ 127.125050214483963, 37.484243647901764 ], [ 127.124869635208441, 37.484234736453253 ], [ 127.124861664584984, 37.484338179649995 ], [ 127.125042244256903, 37.484347181210005 ] ] ] }, { "type": "Polygon", "coordinates": [ [ [ 127.127035883948139, 37.48425795340458 ], [ 127.126844776000425, 37.484241037253355 ], [ 127.126832372538061, 37.484328897971729 ], [ 127.127023593621004, 37.484345723922374 ], [ 127.127035883948139, 37.48425795340458 ] ] ] }, { "type": "Polygon", "coordinates": [ [ [ 127.125834486291765, 37.485299699018185 ], [ 127.125952310919374, 37.485305341393328 ], [ 127.125964381242483, 37.485152248694817 ], [ 127.125846556555871, 37.485146426131337 ], [ 127.125834486291765, 37.485299699018185 ] ] ] }, { "type": "Polygon", "coordinates": [ [ [ 127.125028046498272, 37.488085536658268 ], [ 127.125023148926999, 37.488201320286471 ], [ 127.125195148110961, 37.488212492969254 ], [ 127.125205973955232, 37.488126346030768 ], [ 127.125168604987721, 37.488092597642186 ], [ 127.125028046498272, 37.488085536658268 ] ] ] }, { "type": "Polygon", "coordinates": [ [ [ 127.125282925586191, 37.488233394355284 ], [ 127.125258923730513, 37.488351810900568 ], [ 127.12529392105418, 37.48838718354358 ], [ 127.125443978985444, 37.488394774847066 ], [ 127.125452998213788, 37.4882418656805 ], [ 127.125282925586191, 37.488233394355284 ] ] ] }, { "type": "Polygon", "coordinates": [ [ [ 127.125815601039875, 37.488573683479096 ], [ 127.125870221322245, 37.488509564904852 ], [ 127.125845391704175, 37.488469136134704 ], [ 127.125642072649853, 37.488458898306803 ], [ 127.12563301481002, 37.488519905522772 ], [ 127.125766711149666, 37.488547696002321 ], [ 127.125815601039875, 37.488573683479096 ] ] ] }, { "type": "Polygon", "coordinates": [ [ [ 127.127101671730188, 37.488909297489108 ], [ 127.126969331798776, 37.488949532577266 ], [ 127.126946107554545, 37.488990552730797 ], [ 127.126987297897855, 37.489077365387821 ], [ 127.127157159961712, 37.489026368486911 ], [ 127.127101671730188, 37.488909297489108 ] ] ] }, { "type": "Polygon", "coordinates": [ [ [ 127.125501625721242, 37.48968287396206 ], [ 127.125397393790806, 37.48962739160487 ], [ 127.12532246139962, 37.489717119630178 ], [ 127.125446385371689, 37.489783032996904 ], [ 127.125508227730677, 37.489709356428726 ], [ 127.125501625721242, 37.48968287396206 ] ] ] }, { "type": "Polygon", "coordinates": [ [ [ 127.125579035968968, 37.489724148596167 ], [ 127.12554580116155, 37.489729409288024 ], [ 127.125411734462972, 37.489889387314271 ], [ 127.125440633705537, 37.490065952963739 ], [ 127.125681344285994, 37.489778641713762 ], [ 127.125579035968968, 37.489724148596167 ] ] ] }, { "type": "Polygon", "coordinates": [ [ [ 127.125623868128073, 37.491329502770306 ], [ 127.125331197647725, 37.491173756707838 ], [ 127.125192952002152, 37.49133851412568 ], [ 127.125176088917001, 37.491329521780607 ], [ 127.125088175817851, 37.491434400010718 ], [ 127.125246960482571, 37.491518927790359 ], [ 127.125334873458158, 37.491414049443819 ], [ 127.125484264741601, 37.491493541150916 ], [ 127.125623868128073, 37.491329502770306 ] ] ] }, { "type": "Polygon", "coordinates": [ [ [ 127.125114349013359, 37.491535014283528 ], [ 127.125058843098969, 37.491543721931691 ], [ 127.124994175455029, 37.491619563594618 ], [ 127.125125121159144, 37.49169042543361 ], [ 127.125212924549928, 37.491587439394308 ], [ 127.125114349013359, 37.491535014283528 ] ] ] }, { "type": "Polygon", "coordinates": [ [ [ 127.125043863476392, 37.49178583616672 ], [ 127.125174696590392, 37.491856788166167 ], [ 127.125256067110442, 37.491761287126224 ], [ 127.125125121159144, 37.49169042543361 ], [ 127.125043863476392, 37.49178583616672 ] ] ] }, { "type": "Polygon", "coordinates": [ [ [ 127.12623222892023, 37.492358254081701 ], [ 127.126287735748946, 37.492349816182028 ], [ 127.126519317165219, 37.492078100264756 ], [ 127.126870958709532, 37.492264955382737 ], [ 127.127027933872284, 37.49207675014825 ], [ 127.126639057234541, 37.491869842641414 ], [ 127.126482194752782, 37.492058137347037 ], [ 127.126351813709348, 37.491987997220875 ], [ 127.126508451271462, 37.491800333623566 ], [ 127.126439413495774, 37.491763555760244 ], [ 127.126161883127949, 37.491806736452133 ], [ 127.126115612027121, 37.491861025427653 ], [ 127.126349889761897, 37.491987008154283 ], [ 127.126265360543698, 37.492086297475943 ], [ 127.126030743859559, 37.491960585241017 ], [ 127.125945988543393, 37.492060144873072 ], [ 127.126180831101934, 37.492185586735886 ], [ 127.126095737249614, 37.492285597328497 ], [ 127.12623222892023, 37.492358254081701 ] ] ] }, { "type": "Polygon", "coordinates": [ [ [ 127.124978307968703, 37.49221550123773 ], [ 127.124882490772379, 37.492328046054332 ], [ 127.125219761346528, 37.492510506188573 ], [ 127.125315578268356, 37.492397961102448 ], [ 127.124978307968703, 37.49221550123773 ] ] ] }, { "type": "Polygon", "coordinates": [ [ [ 127.126045064782318, 37.492345296909541 ], [ 127.125809656864362, 37.492220035575095 ], [ 127.12562581163327, 37.492435837999359 ], [ 127.125859865386474, 37.492562542719376 ], [ 127.126045064782318, 37.492345296909541 ] ] ] }, { "type": "Polygon", "coordinates": [ [ [ 127.126267408389992, 37.492501746145606 ], [ 127.126111213590931, 37.492684903938731 ], [ 127.126270004752939, 37.49277105211462 ], [ 127.126449447639189, 37.492560479152708 ], [ 127.126322915021021, 37.492493128029892 ], [ 127.126267408389992, 37.492501746145606 ] ] ] }, { "type": "Polygon", "coordinates": [ [ [ 127.125419490525985, 37.493079097789142 ], [ 127.12577465745278, 37.492662463095051 ], [ 127.125540716607958, 37.492535758089979 ], [ 127.125185549274917, 37.492952572290591 ], [ 127.125419490525985, 37.493079097789142 ] ] ] }, { "type": "Polygon", "coordinates": [ [ [ 127.126786378560041, 37.492739781665513 ], [ 127.126679991153793, 37.492683221558678 ], [ 127.12662448442363, 37.492691839842038 ], [ 127.12654130885528, 37.492789416017409 ], [ 127.126680406569648, 37.492864412086128 ], [ 127.126786378560041, 37.492739781665513 ] ] ] }, { "type": "Polygon", "coordinates": [ [ [ 127.126398151009724, 37.493196098309632 ], [ 127.126474668368331, 37.493106187777578 ], [ 127.126335344254116, 37.493031191709086 ], [ 127.126258713576576, 37.493121012171848 ], [ 127.126398151009724, 37.493196098309632 ] ] ] }, { "type": "Polygon", "coordinates": [ [ [ 127.124992197637908, 37.493179538026077 ], [ 127.124867396460246, 37.493326008693018 ], [ 127.125101507262997, 37.493452111166022 ], [ 127.125223768951614, 37.493308688291663 ], [ 127.124992197637908, 37.493179538026077 ] ] ] }, { "type": "Polygon", "coordinates": [ [ [ 127.12503408421405, 37.493531181286762 ], [ 127.124964099190606, 37.493613326452333 ], [ 127.125132510587974, 37.493704241386546 ], [ 127.125202574636731, 37.493622078019861 ], [ 127.12503408421405, 37.493531181286762 ] ] ] }, { "type": "Polygon", "coordinates": [ [ [ 127.124970068382652, 37.494079677396627 ], [ 127.124914447044873, 37.494088114795375 ], [ 127.124828671760923, 37.494188665756916 ], [ 127.124987252283077, 37.494276329531964 ], [ 127.125096604251809, 37.494148111144568 ], [ 127.124970068382652, 37.494079677396627 ] ] ] }, { "type": "Polygon", "coordinates": [ [ [ 127.127065896062916, 37.494287311536041 ], [ 127.12706888765166, 37.49418297265963 ], [ 127.12689994633034, 37.494182971870082 ], [ 127.126897068640673, 37.494287941320884 ], [ 127.127065896062916, 37.494287311536041 ] ] ] }, { "type": "Polygon", "coordinates": [ [ [ 127.126225364228972, 37.494554537076148 ], [ 127.1262299269343, 37.494442267774531 ], [ 127.126084505827748, 37.49444233108936 ], [ 127.12604384891273, 37.494473638617485 ], [ 127.126040809067788, 37.49454977624373 ], [ 127.126225364228972, 37.494554537076148 ] ] ] }, { "type": "Polygon", "coordinates": [ [ [ 127.125240601996452, 37.49458800840155 ], [ 127.125380720520113, 37.494663635606273 ], [ 127.125504304059177, 37.494518625326002 ], [ 127.125364298613903, 37.494442908047425 ], [ 127.125240601996452, 37.49458800840155 ] ] ] }, { "type": "Polygon", "coordinates": [ [ [ 127.12679677893243, 37.494566096026766 ], [ 127.126641733592677, 37.494558872140189 ], [ 127.126636413300929, 37.494691144436246 ], [ 127.126791456054406, 37.49469665643398 ], [ 127.12679677893243, 37.494566096026766 ] ] ] }, { "type": "Polygon", "coordinates": [ [ [ 127.126221458121833, 37.494653651096243 ], [ 127.126209626360222, 37.494950813065586 ], [ 127.126381516565047, 37.494955046419783 ], [ 127.126393347796196, 37.494657974534384 ], [ 127.126221458121833, 37.494653651096243 ] ] ] }, { "type": "Polygon", "coordinates": [ [ [ 127.126445672339131, 37.495046249796715 ], [ 127.126438401295204, 37.495229610777493 ], [ 127.12647746866547, 37.49526218562535 ], [ 127.126599372103612, 37.495263137825503 ], [ 127.126605181036624, 37.495152579101955 ], [ 127.126772554347383, 37.495160330564978 ], [ 127.126786675839014, 37.49481361117742 ], [ 127.126625757611905, 37.494811078692379 ], [ 127.126621273257186, 37.495037774792216 ], [ 127.12661066483561, 37.495050490110835 ], [ 127.126445672339131, 37.495046249796715 ] ] ] }, { "type": "Polygon", "coordinates": [ [ [ 127.124985588696191, 37.495127342902471 ], [ 127.125061771213481, 37.495037884161846 ], [ 127.124921765391022, 37.494962256466216 ], [ 127.124845582783038, 37.495051715117896 ], [ 127.124985588696191, 37.495127342902471 ] ] ] }, { "type": "Polygon", "coordinates": [ [ [ 127.125527631913883, 37.495496274866198 ], [ 127.125597493665822, 37.495414120511818 ], [ 127.125441867223984, 37.495329950352549 ], [ 127.125372005379432, 37.495412104616221 ], [ 127.125527631913883, 37.495496274866198 ] ] ] }, { "type": "Polygon", "coordinates": [ [ [ 127.12580641394328, 37.495790518456765 ], [ 127.125551907468861, 37.49608928685047 ], [ 127.125723834736078, 37.496182629904538 ], [ 127.125913463852172, 37.496039712176483 ], [ 127.125920956140106, 37.495852566824126 ], [ 127.12580641394328, 37.495790518456765 ] ] ] }, { "type": "Polygon", "coordinates": [ [ [ 127.125283846851033, 37.49639888086778 ], [ 127.125078376369316, 37.496056716385652 ], [ 127.124836329504546, 37.496163917845948 ], [ 127.125028425094357, 37.49648771635151 ], [ 127.125283846851033, 37.49639888086778 ] ] ] }, { "type": "Polygon", "coordinates": [ [ [ 127.126341091757368, 37.496213063818367 ], [ 127.126343914042337, 37.496142242329107 ], [ 127.126305185068517, 37.496109396785187 ], [ 127.126218786237715, 37.49610723551416 ], [ 127.126128658919654, 37.496175085721596 ], [ 127.126253110449667, 37.49627938015422 ], [ 127.126341091757368, 37.496213063818367 ] ] ] }, { "type": "Polygon", "coordinates": [ [ [ 127.125273451074023, 37.496198059122705 ], [ 127.125326648688755, 37.496296032057515 ], [ 127.125472676898767, 37.496182172885042 ], [ 127.125323160515478, 37.496101059566776 ], [ 127.125278805002907, 37.496153183772535 ], [ 127.125273451074023, 37.496198059122705 ] ] ] }, { "type": "Polygon", "coordinates": [ [ [ 127.125800449764412, 37.49642230511548 ], [ 127.125716759520827, 37.496485372940334 ], [ 127.125841098210742, 37.496589848119811 ], [ 127.125946021650066, 37.496510810168822 ], [ 127.125820101724585, 37.496407508060472 ], [ 127.125930446035767, 37.496324319822939 ], [ 127.125806107513554, 37.496219754632463 ], [ 127.125676450210577, 37.496317559233937 ], [ 127.125800449764412, 37.49642230511548 ] ] ] }, { "type": "Polygon", "coordinates": [ [ [ 127.125504314217878, 37.496645343166357 ], [ 127.125674632011126, 37.496517132376731 ], [ 127.125550519541491, 37.496412476583266 ], [ 127.125459939514442, 37.496480687152534 ], [ 127.125447233774096, 37.496524669221685 ], [ 127.125504314217878, 37.496645343166357 ] ] ] }, { "type": "Polygon", "coordinates": [ [ [ 127.126280785871884, 37.49687319921442 ], [ 127.126474431052245, 37.497036255523675 ], [ 127.126530975289612, 37.497037547202545 ], [ 127.126625055952033, 37.49696653901588 ], [ 127.126508641616596, 37.496868183077233 ], [ 127.126491248494261, 37.496881265958635 ], [ 127.126359320868133, 37.496770222198329 ], [ 127.126282407184519, 37.496828147566333 ], [ 127.126280785871884, 37.49687319921442 ] ] ] }, { "type": "Polygon", "coordinates": [ [ [ 127.126576010250901, 37.497121833016408 ], [ 127.126762069381286, 37.497278499785835 ], [ 127.126818613805881, 37.497279791326662 ], [ 127.126895527536533, 37.497221865613945 ], [ 127.12665533548558, 37.497018134172535 ], [ 127.1265776313912, 37.497076781366474 ], [ 127.126576010250901, 37.497121833016408 ] ] ] }, { "type": "Polygon", "coordinates": [ [ [ 127.125797091835409, 37.49719383385969 ], [ 127.125784386173237, 37.497237815959615 ], [ 127.125845893383428, 37.497367765353474 ], [ 127.126119442073517, 37.497161689071575 ], [ 127.125987626988135, 37.497050284383313 ], [ 127.125797091835409, 37.49719383385969 ] ] ] }, { "type": "Polygon", "coordinates": [ [ [ 127.126361572359812, 37.497239640138758 ], [ 127.126252695483103, 37.497321746018919 ], [ 127.126372847379372, 37.497423341847067 ], [ 127.126480593727322, 37.497341417253132 ], [ 127.126361572359812, 37.497239640138758 ] ] ] }, { "type": "Polygon", "coordinates": [ [ [ 127.12695408431793, 37.497276944573812 ], [ 127.126880784759365, 37.497332163493191 ], [ 127.126879163796133, 37.497377215145022 ], [ 127.126975987431649, 37.497458652740619 ], [ 127.127078313109607, 37.497381508651479 ], [ 127.12695408431793, 37.497276944573812 ] ] ] }, { "type": "Polygon", "coordinates": [ [ [ 127.126157573258666, 37.497583045913061 ], [ 127.12603968458582, 37.497482348481903 ], [ 127.125961414703255, 37.497541356262374 ], [ 127.125948708929641, 37.497585248277588 ], [ 127.126052773199348, 37.497805252583454 ], [ 127.126107975657092, 37.497815375664601 ], [ 127.126230858420371, 37.49772271345654 ], [ 127.126108892087814, 37.497618236207337 ], [ 127.126157573258666, 37.497583045913061 ] ] ] }, { "type": "Polygon", "coordinates": [ [ [ 127.126286704362201, 37.497779777801036 ], [ 127.126130051308451, 37.497897883850456 ], [ 127.126117345723486, 37.497941865980799 ], [ 127.126174654949935, 37.498062809629154 ], [ 127.126410480119063, 37.497883982651054 ], [ 127.126286704362201, 37.497779777801036 ] ] ] }, { "type": "Polygon", "coordinates": [ [ [ 127.125987633287963, 37.497871724825131 ], [ 127.125953928871581, 37.49780058144313 ], [ 127.125689553296596, 37.497879696983851 ], [ 127.125777048800671, 37.498064760192044 ], [ 127.12597492762383, 37.497915706940475 ], [ 127.125987633287963, 37.497871724825131 ] ] ] }, { "type": "Polygon", "coordinates": [ [ [ 127.126231285061905, 37.498387289524736 ], [ 127.126178287583272, 37.498275261246349 ], [ 127.125912888915053, 37.498352035764981 ], [ 127.125965886052157, 37.498464064161524 ], [ 127.126231285061905, 37.498387289524736 ] ] ] }, { "type": "Polygon", "coordinates": [ [ [ 127.125285033069687, 37.498556681245859 ], [ 127.125366286737901, 37.498728506598979 ], [ 127.125631685660039, 37.498650742213272 ], [ 127.125495846077669, 37.498363466330716 ], [ 127.125297739246207, 37.498512699208632 ], [ 127.125285033069687, 37.498556681245859 ] ] ] }, { "type": "Polygon", "coordinates": [ [ [ 127.126805594243095, 37.498739810191758 ], [ 127.126967296720892, 37.498617976777744 ], [ 127.12682698641288, 37.498500635487062 ], [ 127.126661184141383, 37.498625599518903 ], [ 127.126805594243095, 37.498739810191758 ] ] ] }, { "type": "Polygon", "coordinates": [ [ [ 127.126108877367216, 37.498766558828713 ], [ 127.126374390385749, 37.498689783753463 ], [ 127.126284282699274, 37.498499317776904 ], [ 127.126018883347982, 37.49857609253192 ], [ 127.126108877367216, 37.498766558828713 ] ] ] }, { "type": "Polygon", "coordinates": [ [ [ 127.125135979831583, 37.498759291655674 ], [ 127.125058180411216, 37.498693239751127 ], [ 127.124967823211236, 37.498761359586027 ], [ 127.12504890718273, 37.498830471509564 ], [ 127.125139377181512, 37.498762171295731 ], [ 127.12522068748504, 37.498831282864437 ], [ 127.125277838420558, 37.498788245383892 ], [ 127.125285484890355, 37.498761928219253 ], [ 127.125245425299937, 37.498677096127068 ], [ 127.125135979831583, 37.498759291655674 ] ] ] }, { "type": "Polygon", "coordinates": [ [ [ 127.126505126995099, 37.498966252025205 ], [ 127.126443276864009, 37.498835582575623 ], [ 127.126177763400676, 37.498912357804549 ], [ 127.126228605037497, 37.499019793254654 ], [ 127.126393875798115, 37.499050072421824 ], [ 127.126505126995099, 37.498966252025205 ] ] ] }, { "type": "Polygon", "coordinates": [ [ [ 127.125390527371579, 37.49902662156012 ], [ 127.125398173677041, 37.499000214289602 ], [ 127.125357206161027, 37.498913581194181 ], [ 127.12524877572632, 37.498994244062843 ], [ 127.125336538888916, 37.499067313183296 ], [ 127.125390527371579, 37.49902662156012 ] ] ] }, { "type": "Polygon", "coordinates": [ [ [ 127.125935144353107, 37.49929274477806 ], [ 127.125896559107602, 37.499211064856645 ], [ 127.125631271567826, 37.49928882971416 ], [ 127.125748388342359, 37.499536571257984 ], [ 127.125897139147781, 37.499424420653533 ], [ 127.125935144353107, 37.49929274477806 ] ] ] }, { "type": "Polygon", "coordinates": [ [ [ 127.124901637709172, 37.499568092572524 ], [ 127.124979661259076, 37.499632432438752 ], [ 127.125076005874206, 37.499559891450552 ], [ 127.124997416730693, 37.499495462138512 ], [ 127.124901637709172, 37.499568092572524 ] ] ] }, { "type": "Polygon", "coordinates": [ [ [ 127.126973912818954, 37.499733676015374 ], [ 127.127084039835324, 37.499653640469681 ], [ 127.127201720592424, 37.499762355923679 ], [ 127.127335119036999, 37.499667699212608 ], [ 127.127165232916028, 37.499516151905304 ], [ 127.127034207409906, 37.499609634608106 ], [ 127.126942357842324, 37.499528822510278 ], [ 127.126885537828215, 37.499566634649042 ], [ 127.126973912818954, 37.499733676015374 ] ] ] }, { "type": "Polygon", "coordinates": [ [ [ 127.125088500149374, 37.499798913230023 ], [ 127.124874801794192, 37.499959874650095 ], [ 127.12498170032481, 37.500115365377951 ], [ 127.125320206700792, 37.499860479125125 ], [ 127.125172759309919, 37.499735394788196 ], [ 127.125288646966112, 37.499650038995085 ], [ 127.125174505776627, 37.49956005869138 ], [ 127.124979670696902, 37.499706854888174 ], [ 127.125088500149374, 37.499798913230023 ] ] ] }, { "type": "Polygon", "coordinates": [ [ [ 127.127022255559666, 37.499968695112464 ], [ 127.126855918176531, 37.499707582208998 ], [ 127.126778186669952, 37.499548278054291 ], [ 127.126519586211401, 37.499635137894657 ], [ 127.126749908596508, 37.500086384193438 ], [ 127.127022255559666, 37.499968695112464 ] ] ] }, { "type": "Polygon", "coordinates": [ [ [ 127.125415145109926, 37.499552868882255 ], [ 127.125301183811487, 37.499640385178211 ], [ 127.125447611947081, 37.499764569427796 ], [ 127.125562592544526, 37.499677952920464 ], [ 127.125415145109926, 37.499552868882255 ] ] ] }, { "type": "Polygon", "coordinates": [ [ [ 127.126089600762256, 37.499620365202354 ], [ 127.125924328716422, 37.499589995514839 ], [ 127.125812737129507, 37.499674086014352 ], [ 127.125898188097636, 37.499852303638768 ], [ 127.126159622171926, 37.499768415465496 ], [ 127.126089600762256, 37.499620365202354 ] ] ] }, { "type": "Polygon", "coordinates": [ [ [ 127.125835009480596, 37.500216193224617 ], [ 127.125913847094225, 37.50015682455561 ], [ 127.125926440231112, 37.500112932681667 ], [ 127.12585131563938, 37.499956238076642 ], [ 127.125679747872312, 37.500085351363118 ], [ 127.125835009480596, 37.500216193224617 ] ] ] }, { "type": "Polygon", "coordinates": [ [ [ 127.126285922296688, 37.500028580540778 ], [ 127.126024038843667, 37.500114721959534 ], [ 127.126169655738053, 37.500361892410417 ], [ 127.126414434956246, 37.500258649790226 ], [ 127.126285922296688, 37.500028580540778 ] ] ] }, { "type": "Polygon", "coordinates": [ [ [ 127.125309955036386, 37.500363877576518 ], [ 127.125540031207024, 37.500190644612282 ], [ 127.125345587972731, 37.500027407500447 ], [ 127.12511562479186, 37.500200549872737 ], [ 127.125309955036386, 37.500363877576518 ] ] ] }, { "type": "Polygon", "coordinates": [ [ [ 127.127155258599274, 37.500177675428567 ], [ 127.126879401868024, 37.500293296240912 ], [ 127.126949120771386, 37.500394404334173 ], [ 127.127221816866452, 37.500282120417161 ], [ 127.127155258599274, 37.500177675428567 ] ] ] }, { "type": "Polygon", "coordinates": [ [ [ 127.125938639460244, 37.500513233329976 ], [ 127.126096789530607, 37.500407830078508 ], [ 127.12603668387041, 37.500306441050213 ], [ 127.12585153656623, 37.500430523301148 ], [ 127.125938639460244, 37.500513233329976 ] ] ] }, { "type": "Polygon", "coordinates": [ [ [ 127.125001320520411, 37.500286624632416 ], [ 127.124886112460331, 37.500373421022793 ], [ 127.125079312950206, 37.500537471079454 ], [ 127.125194521186231, 37.500450764602732 ], [ 127.125001320520411, 37.500286624632416 ] ] ] }, { "type": "Polygon", "coordinates": [ [ [ 127.126241474197926, 37.500637972546244 ], [ 127.126185821030731, 37.500630102504807 ], [ 127.126080764187193, 37.500700220876425 ], [ 127.126204114154163, 37.500817671008676 ], [ 127.126317417587686, 37.50074213782873 ], [ 127.126241474197926, 37.500637972546244 ] ] ] }, { "type": "Polygon", "coordinates": [ [ [ 127.127010937471738, 37.501044408827362 ], [ 127.126657844109616, 37.500622395465115 ], [ 127.126414997819111, 37.500732394026279 ], [ 127.126776033588726, 37.501170527551352 ], [ 127.127010937471738, 37.501044408827362 ] ] ] }, { "type": "Polygon", "coordinates": [ [ [ 127.126052958879413, 37.501117682608864 ], [ 127.126156999720692, 37.501048286136914 ], [ 127.126033876225151, 37.500931196120874 ], [ 127.125943730096935, 37.500991297572064 ], [ 127.125820493041715, 37.500873666852932 ], [ 127.125668667774917, 37.500974918489426 ], [ 127.125792017849335, 37.501092549246032 ], [ 127.125929835431791, 37.501000592485688 ], [ 127.126052958879413, 37.501117682608864 ] ] ] }, { "type": "Polygon", "coordinates": [ [ [ 127.127195260638928, 37.501238558164481 ], [ 127.127101796663879, 37.501140448769476 ], [ 127.126868930971071, 37.501268187306025 ], [ 127.127034900761316, 37.501442714601886 ], [ 127.127180060336187, 37.501345973298868 ], [ 127.127195260638928, 37.501238558164481 ] ] ] }, { "type": "Polygon", "coordinates": [ [ [ 127.126253788638223, 37.501242439163576 ], [ 127.126162399217421, 37.501303082690093 ], [ 127.126299909268724, 37.501434122838567 ], [ 127.126390846375372, 37.501373479685085 ], [ 127.126253788638223, 37.501242439163576 ] ] ] }, { "type": "Polygon", "coordinates": [ [ [ 127.126423306395694, 37.501850523803419 ], [ 127.126644380261894, 37.501703066790661 ], [ 127.126965427360389, 37.501489009592049 ], [ 127.12681883011588, 37.501334824209714 ], [ 127.126672879363397, 37.501432106506385 ], [ 127.126563687391481, 37.501328697461389 ], [ 127.126467328138901, 37.501392950475235 ], [ 127.126576294191082, 37.501496540046944 ], [ 127.126267333345112, 37.501702564544523 ], [ 127.126423306395694, 37.501850523803419 ] ] ] }, { "type": "Polygon", "coordinates": [ [ [ 127.126049659785039, 37.501378344820921 ], [ 127.125937033067402, 37.501453516624856 ], [ 127.126074429761744, 37.501584467052126 ], [ 127.126187169628309, 37.501509294999416 ], [ 127.126049659785039, 37.501378344820921 ] ] ] }, { "type": "Polygon", "coordinates": [ [ [ 127.125429396880762, 37.502086730936753 ], [ 127.125338879439141, 37.501991590362913 ], [ 127.125210535373682, 37.502069210634488 ], [ 127.125301165838451, 37.502164351187012 ], [ 127.125429396880762, 37.502086730936753 ] ] ] }, { "type": "Polygon", "coordinates": [ [ [ 127.125391570200733, 37.502259401805617 ], [ 127.125309662591093, 37.502173352262943 ], [ 127.125138046790155, 37.502276966528207 ], [ 127.125220067557336, 37.502363106169696 ], [ 127.125391570200733, 37.502259401805617 ] ] ] }, { "type": "Polygon", "coordinates": [ [ [ 127.125177387245344, 37.502541818730123 ], [ 127.12500235683558, 37.502358108148727 ], [ 127.124832209199255, 37.502460999634103 ], [ 127.125007578414284, 37.502644529910754 ], [ 127.125177387245344, 37.502541818730123 ] ] ] }, { "type": "Polygon", "coordinates": [ [ [ 127.125270963848507, 37.502640109706292 ], [ 127.124973036106653, 37.502820801188079 ], [ 127.125159509975347, 37.503016663291532 ], [ 127.125457891010029, 37.502836331268838 ], [ 127.125270963848507, 37.502640109706292 ] ] ] }, { "type": "Polygon", "coordinates": [ [ [ 127.12518746295541, 37.503165298664427 ], [ 127.125065117354566, 37.503246966974295 ], [ 127.12519118551613, 37.503365226166451 ], [ 127.125275460634086, 37.503309005752179 ], [ 127.125281719953307, 37.503264219607196 ], [ 127.12518746295541, 37.503165298664427 ] ] ] }, { "type": "Polygon", "coordinates": [ [ [ 127.12675971839559, 37.508600079967657 ], [ 127.126767657170916, 37.508613045906138 ], [ 127.12658545791821, 37.508685318698376 ], [ 127.126687298699693, 37.508850273461846 ], [ 127.126869385152517, 37.508778000634024 ], [ 127.126824474900957, 37.508705067533434 ], [ 127.12697988988424, 37.508645346679565 ], [ 127.12691513336398, 37.50854044929774 ], [ 127.12675971839559, 37.508600079967657 ] ] ] }, { "type": "Polygon", "coordinates": [ [ [ 127.125258054586595, 37.510099209284618 ], [ 127.125524693563449, 37.509994594260341 ], [ 127.125411059318168, 37.509810459665204 ], [ 127.125182520778111, 37.509905393891152 ], [ 127.125164947241387, 37.509948209631112 ], [ 127.125258054586595, 37.510099209284618 ] ] ] }, { "type": "Polygon", "coordinates": [ [ [ 127.125306976892276, 37.510341886531727 ], [ 127.125192321894176, 37.510156040913039 ], [ 127.125029782153177, 37.510219010440743 ], [ 127.125144888667677, 37.510404495344218 ], [ 127.125306976892276, 37.510341886531727 ] ] ] }, { "type": "Polygon", "coordinates": [ [ [ 127.125431278883326, 37.510615839382993 ], [ 127.125304685063114, 37.510666337819544 ], [ 127.125410041511472, 37.51083705632243 ], [ 127.125572919496804, 37.510772824527002 ], [ 127.125484914235699, 37.510630199054326 ], [ 127.125431278883326, 37.510615839382993 ] ] ] }, { "type": "Polygon", "coordinates": [ [ [ 127.12540502472217, 37.511154933167695 ], [ 127.12556643258722, 37.51109043262705 ], [ 127.125488180364471, 37.510963744561572 ], [ 127.125326772257807, 37.511027974697846 ], [ 127.12540502472217, 37.511154933167695 ] ] ] }, { "type": "Polygon", "coordinates": [ [ [ 127.126500422064808, 37.511273161318066 ], [ 127.126292330520826, 37.51135483138588 ], [ 127.126387596453071, 37.511509161516848 ], [ 127.126595575064698, 37.511427401303052 ], [ 127.126500422064808, 37.511273161318066 ] ] ] }, { "type": "Polygon", "coordinates": [ [ [ 127.125240861988317, 37.511606324265585 ], [ 127.125380791126801, 37.511548063352642 ], [ 127.125310371300259, 37.51143848589966 ], [ 127.125169762933254, 37.511496296942916 ], [ 127.125240861988317, 37.511606324265585 ] ] ] }, { "type": "Polygon", "coordinates": [ [ [ 127.127639558418039, 37.481108853088131 ], [ 127.127686598480594, 37.481113037574076 ], [ 127.127793923876823, 37.481064449064185 ], [ 127.127688518324618, 37.480977254653148 ], [ 127.127656650768841, 37.480986388788615 ], [ 127.127639558418039, 37.481108853088131 ] ] ] }, { "type": "Polygon", "coordinates": [ [ [ 127.127241020300275, 37.481850531392084 ], [ 127.127227512133331, 37.481953349979158 ], [ 127.127428339268889, 37.481971246266809 ], [ 127.12744263889391, 37.481868607014015 ], [ 127.127241020300275, 37.481850531392084 ] ] ] }, { "type": "Polygon", "coordinates": [ [ [ 127.128215153575397, 37.482250706611751 ], [ 127.128175387237405, 37.482537267538724 ], [ 127.128520392032854, 37.482567801542679 ], [ 127.128574072908307, 37.482553778317367 ], [ 127.128721548765512, 37.482445499534819 ], [ 127.12872384669663, 37.482400447015266 ], [ 127.128589105294068, 37.482283822277758 ], [ 127.128215153575397, 37.482250706611751 ] ] ] }, { "type": "Polygon", "coordinates": [ [ [ 127.128196438312969, 37.482884851108565 ], [ 127.128373328435586, 37.482920250862428 ], [ 127.128418784051604, 37.482722252164045 ], [ 127.128229489012796, 37.482705516498442 ], [ 127.128196438312969, 37.482884851108565 ] ] ] }, { "type": "Polygon", "coordinates": [ [ [ 127.128552162298618, 37.482968352373106 ], [ 127.128854570627666, 37.483080922260889 ], [ 127.128958628082486, 37.482904394112147 ], [ 127.128947052389279, 37.482878908273001 ], [ 127.12866613896945, 37.482773613595974 ], [ 127.128552162298618, 37.482968352373106 ] ] ] }, { "type": "Polygon", "coordinates": [ [ [ 127.129285870267722, 37.483325258580919 ], [ 127.129425348546732, 37.483433227766085 ], [ 127.129549447239171, 37.483340470483249 ], [ 127.129457504023662, 37.483260921606416 ], [ 127.129378021827065, 37.483261728443139 ], [ 127.129285870267722, 37.483325258580919 ] ] ] }, { "type": "Polygon", "coordinates": [ [ [ 127.127614221803697, 37.483457068791495 ], [ 127.12747411510783, 37.483444694319061 ], [ 127.127429954308511, 37.48347276251048 ], [ 127.127418782657074, 37.483553053582362 ], [ 127.127598580946866, 37.483568989776209 ], [ 127.127614221803697, 37.483457068791495 ] ] ] }, { "type": "Polygon", "coordinates": [ [ [ 127.127057447203029, 37.484103589083041 ], [ 127.127248554847569, 37.484120504891251 ], [ 127.127263972324542, 37.484009845601626 ], [ 127.127072978022866, 37.483992929697401 ], [ 127.127057447203029, 37.484103589083041 ] ] ] }, { "type": "Polygon", "coordinates": [ [ [ 127.128925868879662, 37.484452979375824 ], [ 127.128802043760714, 37.484441940424908 ], [ 127.128781723744524, 37.484593961112751 ], [ 127.128905548958528, 37.484604909984363 ], [ 127.128925868879662, 37.484452979375824 ] ] ] }, { "type": "Polygon", "coordinates": [ [ [ 127.130524390959465, 37.484916972050833 ], [ 127.130653817944719, 37.485028915129185 ], [ 127.130821283586087, 37.484906286012837 ], [ 127.130691856408404, 37.484794253015764 ], [ 127.130524390959465, 37.484916972050833 ] ] ] }, { "type": "Polygon", "coordinates": [ [ [ 127.130360762549159, 37.485035812360195 ], [ 127.130296105753317, 37.484979840616631 ], [ 127.130204863421284, 37.485046884364479 ], [ 127.130285261117038, 37.485117255011453 ], [ 127.130359338953824, 37.485062753827357 ], [ 127.130360762549159, 37.485035812360195 ] ] ] }, { "type": "Polygon", "coordinates": [ [ [ 127.126282571999383, 37.485097672901006 ], [ 127.126365697262472, 37.485450416890693 ], [ 127.12652204898896, 37.485845880870535 ], [ 127.127284299697266, 37.485884085286671 ], [ 127.127902910890583, 37.48596289343476 ], [ 127.127949111677637, 37.485936895195564 ], [ 127.128015586275808, 37.48546208692607 ], [ 127.127060931731876, 37.485375257588359 ], [ 127.127180262442096, 37.48452477543691 ], [ 127.126288271943466, 37.48444579296676 ], [ 127.126260380658678, 37.484739368412285 ], [ 127.126282571999383, 37.485097672901006 ] ] ] }, { "type": "Polygon", "coordinates": [ [ [ 127.128558148378985, 37.485969669037658 ], [ 127.128537816175879, 37.48611502225517 ], [ 127.128691444459719, 37.486163601117589 ], [ 127.128715334502616, 37.485982834730656 ], [ 127.128558148378985, 37.485969669037658 ] ] ] }, { "type": "Polygon", "coordinates": [ [ [ 127.132892869297081, 37.486129000953028 ], [ 127.132776916993492, 37.486031281188922 ], [ 127.132587995189894, 37.486168803361672 ], [ 127.132702253335893, 37.486267606390243 ], [ 127.132892869297081, 37.486129000953028 ] ] ] }, { "type": "Polygon", "coordinates": [ [ [ 127.130082938952938, 37.486871542818903 ], [ 127.130313116516433, 37.487051311973687 ], [ 127.130439593904683, 37.486958190816431 ], [ 127.130497797833954, 37.487008493204385 ], [ 127.130644488474914, 37.486900393156702 ], [ 127.130378720908638, 37.486670477750302 ], [ 127.130322294708961, 37.486667565975772 ], [ 127.130083992440234, 37.486826491661525 ], [ 127.130082938952938, 37.486871542818903 ] ] ] }, { "type": "Polygon", "coordinates": [ [ [ 127.132403093072767, 37.487897937561975 ], [ 127.132555447685135, 37.48779640618487 ], [ 127.132453855311269, 37.487699931606379 ], [ 127.132301613826584, 37.487801462728903 ], [ 127.132403093072767, 37.487897937561975 ] ] ] }, { "type": "Polygon", "coordinates": [ [ [ 127.127479206315542, 37.48789166659364 ], [ 127.127668617398257, 37.487835242106094 ], [ 127.12761494428031, 37.487721683287909 ], [ 127.12742553374585, 37.487778287889768 ], [ 127.127479206315542, 37.48789166659364 ] ] ] }, { "type": "Polygon", "coordinates": [ [ [ 127.128620250058106, 37.488054967233516 ], [ 127.129634364340689, 37.48903866490474 ], [ 127.130681583499836, 37.4883501518662 ], [ 127.130697103910848, 37.488170385398412 ], [ 127.129723042014575, 37.487335408378158 ], [ 127.128620250058106, 37.488054967233516 ] ] ] }, { "type": "Polygon", "coordinates": [ [ [ 127.132102303396493, 37.488404722486358 ], [ 127.132234668993661, 37.488316458320924 ], [ 127.132104306349731, 37.488191273377247 ], [ 127.131973409015458, 37.488278544677335 ], [ 127.132102303396493, 37.488404722486358 ] ] ] }, { "type": "Polygon", "coordinates": [ [ [ 127.127225349370363, 37.488760591075774 ], [ 127.127184385824123, 37.488674228755912 ], [ 127.127014525329145, 37.488725676196722 ], [ 127.127069672716217, 37.488841936701569 ], [ 127.127202125475392, 37.488801701380439 ], [ 127.127225349370363, 37.488760591075774 ] ] ] }, { "type": "Polygon", "coordinates": [ [ [ 127.127983569102625, 37.489341107067617 ], [ 127.127926036154435, 37.489219353453613 ], [ 127.127732664700375, 37.489276052873677 ], [ 127.127793249273253, 37.489397172619547 ], [ 127.127983569102625, 37.489341107067617 ] ] ] }, { "type": "Polygon", "coordinates": [ [ [ 127.127366222276777, 37.492256860480246 ], [ 127.127231139385358, 37.492418102984097 ], [ 127.127242068775232, 37.492462240324308 ], [ 127.127345400637466, 37.492517271482363 ], [ 127.127502828349691, 37.492329605743137 ], [ 127.127366222276777, 37.492256860480246 ] ] ] }, { "type": "Polygon", "coordinates": [ [ [ 127.131374199249791, 37.492497414903333 ], [ 127.131472603741358, 37.492578396645449 ], [ 127.131609470200686, 37.492472648899096 ], [ 127.131510952623785, 37.492391667393939 ], [ 127.131374199249791, 37.492497414903333 ] ] ] }, { "type": "Polygon", "coordinates": [ [ [ 127.127608880822137, 37.492657726680505 ], [ 127.127766420790138, 37.492469790175235 ], [ 127.127634681061124, 37.492399743022872 ], [ 127.127477140606572, 37.492587499155526 ], [ 127.127608880822137, 37.492657726680505 ] ] ] }, { "type": "Polygon", "coordinates": [ [ [ 127.127872022456387, 37.492798001449216 ], [ 127.128029674831055, 37.492609884277606 ], [ 127.127898047687779, 37.492539837300384 ], [ 127.127740508055069, 37.492727864078383 ], [ 127.127872022456387, 37.492798001449216 ] ] ] }, { "type": "Polygon", "coordinates": [ [ [ 127.131119972262596, 37.492742315369263 ], [ 127.131024059992754, 37.492663853401844 ], [ 127.130877141511235, 37.492777179868071 ], [ 127.130971582830611, 37.492855102965379 ], [ 127.131119972262596, 37.492742315369263 ] ] ] }, { "type": "Polygon", "coordinates": [ [ [ 127.131367968162564, 37.492686541510629 ], [ 127.131207621033525, 37.492815560532826 ], [ 127.131060701911096, 37.492928526825352 ], [ 127.131152652161376, 37.493004290108729 ], [ 127.131300365798879, 37.492893034729171 ], [ 127.131388807714785, 37.492966999684313 ], [ 127.131555605589384, 37.492841036717337 ], [ 127.131367968162564, 37.492686541510629 ] ] ] }, { "type": "Polygon", "coordinates": [ [ [ 127.128266453752119, 37.493008232597504 ], [ 127.128424104966712, 37.492819754508233 ], [ 127.128292703547089, 37.492749887931154 ], [ 127.128135051843998, 37.492938185648129 ], [ 127.128266453752119, 37.493008232597504 ] ] ] }, { "type": "Polygon", "coordinates": [ [ [ 127.127717809091749, 37.493148745102971 ], [ 127.127750489724903, 37.493149340889609 ], [ 127.127840872180272, 37.493041295562676 ], [ 127.127699861829328, 37.492966221816346 ], [ 127.127599649689344, 37.493085891407986 ], [ 127.127717809091749, 37.493148745102971 ] ] ] }, { "type": "Polygon", "coordinates": [ [ [ 127.131509856376454, 37.493064084381658 ], [ 127.13136293816045, 37.493177591643793 ], [ 127.131461003831348, 37.49325830345812 ], [ 127.131517544206346, 37.493258962058093 ], [ 127.131635666041547, 37.493167741004235 ], [ 127.131509856376454, 37.493064084381658 ] ] ] }, { "type": "Polygon", "coordinates": [ [ [ 127.127324585431609, 37.493388379779965 ], [ 127.127491494542753, 37.493391355427995 ], [ 127.127493135528283, 37.493291162562024 ], [ 127.127327470652631, 37.493288275691093 ], [ 127.127324585431609, 37.493388379779965 ] ] ] }, { "type": "Polygon", "coordinates": [ [ [ 127.133401207499844, 37.493260208092671 ], [ 127.133344668060133, 37.493260090992642 ], [ 127.133182630734979, 37.49339127696495 ], [ 127.133312283971136, 37.493492675012838 ], [ 127.133334867389181, 37.493474269435303 ], [ 127.133481052501423, 37.493588172738612 ], [ 127.133641960529417, 37.493457888623581 ], [ 127.133401207499844, 37.493260208092671 ] ] ] }, { "type": "Polygon", "coordinates": [ [ [ 127.134119355082021, 37.493700173054783 ], [ 127.133990605664508, 37.493599135283482 ], [ 127.134216891905453, 37.493415978510797 ], [ 127.134075450845373, 37.493299547994852 ], [ 127.133547290062069, 37.493727176963809 ], [ 127.133690238656683, 37.493839227561388 ], [ 127.133966893173437, 37.493618443250817 ], [ 127.134095529354113, 37.493719391074755 ], [ 127.134119355082021, 37.493700173054783 ] ] ] }, { "type": "Polygon", "coordinates": [ [ [ 127.132966839142384, 37.493434404812078 ], [ 127.132732064779418, 37.493615226021888 ], [ 127.133002374581878, 37.493837832690474 ], [ 127.133171994682044, 37.49383845469756 ], [ 127.133316869374838, 37.493721163283048 ], [ 127.132966839142384, 37.493434404812078 ] ] ] }, { "type": "Polygon", "coordinates": [ [ [ 127.12731281695622, 37.493787985460855 ], [ 127.127482553932964, 37.49379095810967 ], [ 127.127485550220271, 37.493689772706482 ], [ 127.127315813019067, 37.493686529762243 ], [ 127.12731281695622, 37.493787985460855 ] ] ] }, { "type": "Polygon", "coordinates": [ [ [ 127.131911281349886, 37.493908238663856 ], [ 127.132056447281798, 37.494022054747347 ], [ 127.132024716492651, 37.494047678176756 ], [ 127.132153577433513, 37.494148898160574 ], [ 127.132258480432043, 37.494063908006716 ], [ 127.132258628065941, 37.494018857888499 ], [ 127.132046865570857, 37.493844388308212 ], [ 127.131990325691021, 37.493844270560899 ], [ 127.131911281349886, 37.493908238663856 ] ] ] }, { "type": "Polygon", "coordinates": [ [ [ 127.127476784619233, 37.493991616774167 ], [ 127.127646522062648, 37.493994589186471 ], [ 127.127649406572004, 37.493894304901275 ], [ 127.127479669355452, 37.49389133249268 ], [ 127.127476784619233, 37.493991616774167 ] ] ] }, { "type": "Polygon", "coordinates": [ [ [ 127.13177877512355, 37.494246980292353 ], [ 127.13196125531941, 37.494099195308991 ], [ 127.131816089381942, 37.49398537911005 ], [ 127.131633496096072, 37.494133163996608 ], [ 127.13177877512355, 37.494246980292353 ] ] ] }, { "type": "Polygon", "coordinates": [ [ [ 127.133479233166511, 37.49403236733734 ], [ 127.133357958187517, 37.494130531431821 ], [ 127.13347188154647, 37.494224378450703 ], [ 127.133595979549725, 37.494123958587274 ], [ 127.133479233166511, 37.49403236733734 ] ] ] }, { "type": "Polygon", "coordinates": [ [ [ 127.127468019556289, 37.494293821224801 ], [ 127.127471016183961, 37.494192816030093 ], [ 127.127301051987715, 37.494189753507563 ], [ 127.127298055433485, 37.494290938897926 ], [ 127.127468019556289, 37.494293821224801 ] ] ] }, { "type": "Polygon", "coordinates": [ [ [ 127.132453712405962, 37.494420127030125 ], [ 127.132301291652809, 37.494296949084458 ], [ 127.132358656512125, 37.494251204916914 ], [ 127.132239305110772, 37.494156461830862 ], [ 127.132101767879831, 37.494267887313619 ], [ 127.132223155352051, 37.494362988683925 ], [ 127.132193570012731, 37.494386897885533 ], [ 127.132346550515592, 37.494506831751963 ], [ 127.132453712405962, 37.494420127030125 ] ] ] }, { "type": "Polygon", "coordinates": [ [ [ 127.134168448615029, 37.494541110473378 ], [ 127.134064489277065, 37.494455361945228 ], [ 127.134193451214188, 37.494356017200417 ], [ 127.134062993227289, 37.494248674445593 ], [ 127.133772431957425, 37.494471817124868 ], [ 127.134011718543519, 37.494668777700106 ], [ 127.134168448615029, 37.494541110473378 ] ] ] }, { "type": "Polygon", "coordinates": [ [ [ 127.133315267706919, 37.494289785597061 ], [ 127.133220256274484, 37.494211594731297 ], [ 127.133060803612494, 37.494334848844105 ], [ 127.133090925689174, 37.494359232376354 ], [ 127.133043848102872, 37.494396595165362 ], [ 127.133186184696171, 37.494514007985053 ], [ 127.133293803800868, 37.494430635688921 ], [ 127.133215778875368, 37.49436648145906 ], [ 127.133315267706919, 37.494289785597061 ] ] ] }, { "type": "Polygon", "coordinates": [ [ [ 127.133339647408903, 37.494585556377885 ], [ 127.133558549701021, 37.494766052328849 ], [ 127.133731214273922, 37.494632241080645 ], [ 127.133511180048416, 37.494451116010772 ], [ 127.133339647408903, 37.494585556377885 ] ] ] }, { "type": "Polygon", "coordinates": [ [ [ 127.132002958463573, 37.494540818994899 ], [ 127.131885411126035, 37.494638256655172 ], [ 127.132037146511252, 37.494757471491816 ], [ 127.132156052685104, 37.494661113378875 ], [ 127.132002958463573, 37.494540818994899 ] ] ] }, { "type": "Polygon", "coordinates": [ [ [ 127.131674700254749, 37.494614162003892 ], [ 127.131524288288986, 37.494736052578368 ], [ 127.131644203709939, 37.494829984857077 ], [ 127.131795860961603, 37.494708903657795 ], [ 127.131674700254749, 37.494614162003892 ] ] ] }, { "type": "Polygon", "coordinates": [ [ [ 127.130624641804744, 37.494881108862479 ], [ 127.130876590753914, 37.495342775426593 ], [ 127.131138085462197, 37.495240856143006 ], [ 127.130871565572917, 37.494789477472295 ], [ 127.130624641804744, 37.494881108862479 ] ] ] }, { "type": "Polygon", "coordinates": [ [ [ 127.133889530800829, 37.49476252845848 ], [ 127.133677114509453, 37.494926297574111 ], [ 127.133827845604529, 37.495051187519124 ], [ 127.134039920766455, 37.494886337319869 ], [ 127.133889530800829, 37.49476252845848 ] ] ] }, { "type": "Polygon", "coordinates": [ [ [ 127.131675118388074, 37.495050605449379 ], [ 127.131787814967211, 37.494959390246024 ], [ 127.131633814985435, 37.49483846568932 ], [ 127.131521571659931, 37.494930220848289 ], [ 127.131675118388074, 37.495050605449379 ] ] ] }, { "type": "Polygon", "coordinates": [ [ [ 127.131398459484615, 37.495275799248226 ], [ 127.131611769208618, 37.49510212226253 ], [ 127.131457316580651, 37.494981017777349 ], [ 127.131244006841797, 37.495154694487795 ], [ 127.131398459484615, 37.495275799248226 ] ] ] }, { "type": "Polygon", "coordinates": [ [ [ 127.129374035358609, 37.494987615470222 ], [ 127.129313392143118, 37.495035343928585 ], [ 127.129314957402471, 37.495754879969233 ], [ 127.129094589876502, 37.495971808359577 ], [ 127.129096297401219, 37.496244358655026 ], [ 127.128877408474764, 37.496334334301011 ], [ 127.128445078055123, 37.496326240078631 ], [ 127.128424213927374, 37.497027780100495 ], [ 127.129090233563446, 37.497020665706366 ], [ 127.130054226463315, 37.496378199854895 ], [ 127.130717299713226, 37.495826065326668 ], [ 127.130733804112424, 37.495691528148811 ], [ 127.130551633332047, 37.495431248475981 ], [ 127.130371511901188, 37.495112491443138 ], [ 127.130027135402429, 37.495152780787429 ], [ 127.129988632293362, 37.494922347127158 ], [ 127.129374035358609, 37.494987615470222 ] ] ] }, { "type": "Polygon", "coordinates": [ [ [ 127.130689067010351, 37.496045038911234 ], [ 127.130910686634039, 37.49622869024963 ], [ 127.131090025722997, 37.49609172208261 ], [ 127.13096575259344, 37.495963465982726 ], [ 127.130796454519256, 37.495955632469098 ], [ 127.130689067010351, 37.496045038911234 ] ] ] }, { "type": "Polygon", "coordinates": [ [ [ 127.134008276909569, 37.496241294876022 ], [ 127.134130691479172, 37.496146642763364 ], [ 127.134227513137063, 37.496159508425912 ], [ 127.13423144349234, 37.496080035920343 ], [ 127.134251093057713, 37.496064877066559 ], [ 127.134134074586058, 37.49596866467887 ], [ 127.13389831390306, 37.496150957867123 ], [ 127.134008276909569, 37.496241294876022 ] ] ] }, { "type": "Polygon", "coordinates": [ [ [ 127.131421980595164, 37.496385803946062 ], [ 127.131209295593905, 37.496203765563187 ], [ 127.131036841442949, 37.496333157971428 ], [ 127.131385637857861, 37.496622175867017 ], [ 127.13148682561291, 37.496544218304805 ], [ 127.131356140885543, 37.496436512450984 ], [ 127.131421980595164, 37.496385803946062 ] ] ] }, { "type": "Polygon", "coordinates": [ [ [ 127.13370441667665, 37.49655851649625 ], [ 127.133542812980295, 37.496425799889813 ], [ 127.133441176303748, 37.496504390413151 ], [ 127.133603006315766, 37.496637197003686 ], [ 127.13370441667665, 37.49655851649625 ] ] ] }, { "type": "Polygon", "coordinates": [ [ [ 127.131404866592916, 37.496690090030583 ], [ 127.131303511455627, 37.49660613823854 ], [ 127.131196443088498, 37.496684102098122 ], [ 127.131298589640693, 37.496767963011649 ], [ 127.131404866592916, 37.496690090030583 ] ] ] }, { "type": "Polygon", "coordinates": [ [ [ 127.131611938633526, 37.497025213897473 ], [ 127.131498581405495, 37.496932896206211 ], [ 127.131393890190736, 37.497012389322904 ], [ 127.131479503878353, 37.497082843368894 ], [ 127.131536047292911, 37.497083592053926 ], [ 127.131611938633526, 37.497025213897473 ] ] ] }, { "type": "Polygon", "coordinates": [ [ [ 127.133174914215218, 37.497118636931255 ], [ 127.133295195549053, 37.497024880062426 ], [ 127.133180815811286, 37.496931033429654 ], [ 127.133060353012766, 37.497024484046058 ], [ 127.133174914215218, 37.497118636931255 ] ] ] }, { "type": "Polygon", "coordinates": [ [ [ 127.127532451452581, 37.49703918623478 ], [ 127.127438484493211, 37.497110104921525 ], [ 127.127554788094741, 37.497208910556182 ], [ 127.127648755218956, 37.497138081877821 ], [ 127.127532451452581, 37.49703918623478 ] ] ] }, { "type": "Polygon", "coordinates": [ [ [ 127.130363228474977, 37.497992182512171 ], [ 127.131446276146363, 37.497159104400339 ], [ 127.130392423136769, 37.4962919662402 ], [ 127.13017019327097, 37.496477093391782 ], [ 127.129336354866084, 37.497030220568931 ], [ 127.129328962344999, 37.497138258305498 ], [ 127.130363228474977, 37.497992182512171 ] ] ] }, { "type": "Polygon", "coordinates": [ [ [ 127.128342824629755, 37.497581260858304 ], [ 127.128940956673461, 37.49713038824126 ], [ 127.128407208400262, 37.497136098405754 ], [ 127.128340234843691, 37.497186626243533 ], [ 127.128450645639731, 37.497277328331954 ], [ 127.128206128868555, 37.497461574708296 ], [ 127.128342824629755, 37.497581260858304 ] ] ] }, { "type": "Polygon", "coordinates": [ [ [ 127.133457366726262, 37.497672517040876 ], [ 127.133659627927926, 37.497516868736533 ], [ 127.133780916395224, 37.497423479662473 ], [ 127.133654870764786, 37.497320005870876 ], [ 127.133331660375816, 37.497569042529904 ], [ 127.133457366726262, 37.497672517040876 ] ] ] }, { "type": "Polygon", "coordinates": [ [ [ 127.12751755768285, 37.498203292297354 ], [ 127.127632533343686, 37.498116583661293 ], [ 127.127411477329503, 37.497930402834356 ], [ 127.127354932404927, 37.497929111578323 ], [ 127.127268757087421, 37.497994075230473 ], [ 127.12751755768285, 37.498203292297354 ] ] ] }, { "type": "Polygon", "coordinates": [ [ [ 127.127304094960479, 37.498364077697353 ], [ 127.12741082643609, 37.498283685045912 ], [ 127.12727074178062, 37.498166073735582 ], [ 127.127163897537599, 37.498246646581713 ], [ 127.127304094960479, 37.498364077697353 ] ] ] }, { "type": "Polygon", "coordinates": [ [ [ 127.127056939979113, 37.498327219450658 ], [ 127.126941963328917, 37.49841392752522 ], [ 127.127082386589237, 37.498531178461192 ], [ 127.127197476342104, 37.498444470131368 ], [ 127.127056939979113, 37.498327219450658 ] ] ] }, { "type": "Polygon", "coordinates": [ [ [ 127.127398579854201, 37.500217600932288 ], [ 127.127316908122921, 37.500272198318221 ], [ 127.127391177168462, 37.500388798473736 ], [ 127.127446606070279, 37.500397839484357 ], [ 127.127529972360861, 37.500342159004617 ], [ 127.127398579854201, 37.500217600932288 ] ] ] }, { "type": "Polygon", "coordinates": [ [ [ 127.127683307030168, 37.500333706168341 ], [ 127.127570118984025, 37.500409420738585 ], [ 127.12763536419763, 37.500472330875958 ], [ 127.12775058575167, 37.500395352673749 ], [ 127.127683307030168, 37.500333706168341 ] ] ] }, { "type": "Polygon", "coordinates": [ [ [ 127.12810833570687, 37.500357218048848 ], [ 127.128074518759504, 37.500355272084271 ], [ 127.127997704882318, 37.500406711241645 ], [ 127.128075294198538, 37.500479699098726 ], [ 127.128172327454422, 37.500414272745047 ], [ 127.12810833570687, 37.500357218048848 ] ] ] }, { "type": "Polygon", "coordinates": [ [ [ 127.127022343667335, 37.500494337364394 ], [ 127.127118787950494, 37.500616860714636 ], [ 127.127312971374693, 37.50048718067287 ], [ 127.127324319313558, 37.500443019679409 ], [ 127.12728837531931, 37.500386565366092 ], [ 127.127022343667335, 37.500494337364394 ] ] ] }, { "type": "Polygon", "coordinates": [ [ [ 127.127880549401624, 37.500611002789789 ], [ 127.127688289012326, 37.500740591607673 ], [ 127.127744367527683, 37.500799456979124 ], [ 127.127778073397891, 37.500802484354359 ], [ 127.127957344455183, 37.500682369774673 ], [ 127.127880549401624, 37.500611002789789 ] ] ] }, { "type": "Polygon", "coordinates": [ [ [ 127.128335687210281, 37.500716562569082 ], [ 127.12825878415498, 37.500648439539951 ], [ 127.128158360421622, 37.500715311193701 ], [ 127.128232326626488, 37.500785509733184 ], [ 127.128335687210281, 37.500716562569082 ] ] ] }, { "type": "Polygon", "coordinates": [ [ [ 127.127486369251471, 37.500640796292032 ], [ 127.12725759496891, 37.500779253118736 ], [ 127.127347325373236, 37.500876555475116 ], [ 127.127573727177392, 37.500739452505513 ], [ 127.127486369251471, 37.500640796292032 ] ] ] }, { "type": "Polygon", "coordinates": [ [ [ 127.128436726376691, 37.500812950959897 ], [ 127.128363555390763, 37.5007450041903 ], [ 127.127970896865506, 37.501006804681438 ], [ 127.127967097083186, 37.501033658490869 ], [ 127.128020570405113, 37.501089823522257 ], [ 127.128436726376691, 37.500812950959897 ] ] ] }, { "type": "Polygon", "coordinates": [ [ [ 127.128278670508806, 37.501307137890542 ], [ 127.128467770748017, 37.501181065412283 ], [ 127.12857361689332, 37.501110493576981 ], [ 127.128503387968635, 37.501043805130855 ], [ 127.128292709537874, 37.501182694998597 ], [ 127.128223726156179, 37.501116815948521 ], [ 127.128133243055146, 37.501177369927852 ], [ 127.128129443322521, 37.501204223741624 ], [ 127.128222455901238, 37.501302062506241 ], [ 127.128278670508806, 37.501307137890542 ] ] ] }, { "type": "Polygon", "coordinates": [ [ [ 127.128820825029294, 37.501039589202549 ], [ 127.128713397636872, 37.501111154060276 ], [ 127.128894867039946, 37.501287013552968 ], [ 127.129041605791983, 37.501189457361114 ], [ 127.128877262599232, 37.501042862066008 ], [ 127.128820825029294, 37.501039589202549 ] ] ] }, { "type": "Polygon", "coordinates": [ [ [ 127.127774089345579, 37.501324436787307 ], [ 127.127981060104332, 37.50119915688618 ], [ 127.127985685569868, 37.501172374272983 ], [ 127.127863523805701, 37.501043950583366 ], [ 127.127637347644111, 37.501180963760817 ], [ 127.127774089345579, 37.501324436787307 ] ] ] }, { "type": "Polygon", "coordinates": [ [ [ 127.128406638259278, 37.501611267534742 ], [ 127.128619349341221, 37.501470032691621 ], [ 127.128439010890261, 37.501294081466277 ], [ 127.128232400767843, 37.501431705453072 ], [ 127.128210055897966, 37.501593458556449 ], [ 127.128406638259278, 37.501611267534742 ] ] ] }, { "type": "Polygon", "coordinates": [ [ [ 127.133010888048318, 37.502498941171346 ], [ 127.133161992002172, 37.502441649626903 ], [ 127.133040864811917, 37.502245186818428 ], [ 127.132939609414322, 37.502288006800747 ], [ 127.132838430430709, 37.502374525005138 ], [ 127.133010888048318, 37.502498941171346 ] ] ] }, { "type": "Polygon", "coordinates": [ [ [ 127.128472480805442, 37.503295071656723 ], [ 127.128335620767615, 37.50315141941789 ], [ 127.12819746322225, 37.50324355951588 ], [ 127.128343360284575, 37.503381075426788 ], [ 127.128472480805442, 37.503295071656723 ] ] ] }, { "type": "Polygon", "coordinates": [ [ [ 127.127344789329285, 37.504015454484303 ], [ 127.127226283577315, 37.503890972676054 ], [ 127.127081345182631, 37.503987623662596 ], [ 127.12719452603632, 37.504106525094116 ], [ 127.127344789329285, 37.504015454484303 ] ] ] }, { "type": "Polygon", "coordinates": [ [ [ 127.129442279671551, 37.505229818721126 ], [ 127.130427570177318, 37.504634089351349 ], [ 127.129294473532042, 37.503444471856476 ], [ 127.128346685156259, 37.504076371738833 ], [ 127.129442279671551, 37.505229818721126 ] ] ] }, { "type": "Polygon", "coordinates": [ [ [ 127.130271702441007, 37.504818873715749 ], [ 127.130369025523706, 37.50491994961731 ], [ 127.130579052632058, 37.504793040108162 ], [ 127.130482294134566, 37.504691513262443 ], [ 127.130271702441007, 37.504818873715749 ] ] ] }, { "type": "Polygon", "coordinates": [ [ [ 127.131259315739896, 37.505507056200706 ], [ 127.130774043456952, 37.504997713738732 ], [ 127.130564580192399, 37.505123812076704 ], [ 127.131050879241243, 37.505638650346455 ], [ 127.131259315739896, 37.505507056200706 ] ] ] }, { "type": "Polygon", "coordinates": [ [ [ 127.131174863742842, 37.505786818490201 ], [ 127.131394146191596, 37.5056485448251 ], [ 127.131314040972143, 37.505564479715595 ], [ 127.131092725365747, 37.505704197059693 ], [ 127.131174863742842, 37.505786818490201 ] ] ] }, { "type": "Polygon", "coordinates": [ [ [ 127.129007202169845, 37.506562864069799 ], [ 127.12893740895386, 37.506489598197867 ], [ 127.128831135309696, 37.50657909170171 ], [ 127.12896075085267, 37.506648328725511 ], [ 127.129008379117465, 37.506589892715624 ], [ 127.129007202169845, 37.506562864069799 ] ] ] }, { "type": "Polygon", "coordinates": [ [ [ 127.130144008494284, 37.506659660242128 ], [ 127.130034906860928, 37.506550217727309 ], [ 127.129879846906846, 37.506648198571405 ], [ 127.129988891815358, 37.506757587229515 ], [ 127.130144008494284, 37.506659660242128 ] ] ] }, { "type": "Polygon", "coordinates": [ [ [ 127.130126665172014, 37.506900515665414 ], [ 127.130295971934103, 37.507162431283611 ], [ 127.13035118076786, 37.50717192165547 ], [ 127.13053804424996, 37.507053957394405 ], [ 127.130285419766139, 37.506800268971361 ], [ 127.130126665172014, 37.506900515665414 ] ] ] }, { "type": "Polygon", "coordinates": [ [ [ 127.127623531207973, 37.50742299951888 ], [ 127.127786843778978, 37.507353718592569 ], [ 127.127627179982611, 37.507104403046768 ], [ 127.127459464351432, 37.507178103335121 ], [ 127.127623531207973, 37.50742299951888 ] ] ] }, { "type": "Polygon", "coordinates": [ [ [ 127.128515982662151, 37.507344828002147 ], [ 127.1284539335944, 37.50737003251092 ], [ 127.128520265029678, 37.507469251094598 ], [ 127.128713187407882, 37.507387232992912 ], [ 127.128604109326616, 37.507224360016103 ], [ 127.128479870080753, 37.507258100799675 ], [ 127.128515982662151, 37.507344828002147 ] ] ] }, { "type": "Polygon", "coordinates": [ [ [ 127.133421758308472, 37.507516407960857 ], [ 127.13335280606978, 37.507409806884233 ], [ 127.133105295731042, 37.507511354913134 ], [ 127.133174021512261, 37.507617956384955 ], [ 127.133421758308472, 37.507516407960857 ] ] ] }, { "type": "Polygon", "coordinates": [ [ [ 127.129854763021669, 37.50814878237896 ], [ 127.130134038883682, 37.508034232229619 ], [ 127.129763331103263, 37.507460519963495 ], [ 127.129449020299361, 37.507589433046029 ], [ 127.129800903338321, 37.508134965526715 ], [ 127.129854763021669, 37.50814878237896 ] ] ] }, { "type": "Polygon", "coordinates": [ [ [ 127.133960994193117, 37.507950535667526 ], [ 127.134149046764634, 37.507867523061805 ], [ 127.134070244219316, 37.507755707687942 ], [ 127.134015821413257, 37.507743515183265 ], [ 127.1338525202966, 37.507816498787321 ], [ 127.133960994193117, 37.507950535667526 ] ] ] }, { "type": "Polygon", "coordinates": [ [ [ 127.134165393480927, 37.508604700369695 ], [ 127.134068479760472, 37.508484886472786 ], [ 127.133803561483603, 37.508593393155472 ], [ 127.133884991146118, 37.508719531596746 ], [ 127.134165393480927, 37.508604700369695 ] ] ] }, { "type": "Polygon", "coordinates": [ [ [ 127.130606134957105, 37.508764605976012 ], [ 127.130516092254922, 37.508625230023156 ], [ 127.130277954980485, 37.508722977690446 ], [ 127.130367997358348, 37.508862353823098 ], [ 127.130606134957105, 37.508764605976012 ] ] ] }, { "type": "Polygon", "coordinates": [ [ [ 127.13356627714856, 37.508916035299151 ], [ 127.133233521685995, 37.509039573054579 ], [ 127.133368366711551, 37.509247913275829 ], [ 127.133445560124727, 37.509216292204592 ], [ 127.13356627714856, 37.508916035299151 ] ] ] }, { "type": "Polygon", "coordinates": [ [ [ 127.132587853150596, 37.509187423990589 ], [ 127.132205565067494, 37.508596072829512 ], [ 127.131006192346476, 37.509088247676296 ], [ 127.13140672081208, 37.509707882925888 ], [ 127.132570623478244, 37.509230330552384 ], [ 127.132587853150596, 37.509187423990589 ] ] ] }, { "type": "Polygon", "coordinates": [ [ [ 127.131055445874438, 37.509459863853024 ], [ 127.130957122771477, 37.509307613080196 ], [ 127.130780129074395, 37.509380156926795 ], [ 127.130878451913915, 37.509532407845562 ], [ 127.131055445874438, 37.509459863853024 ] ] ] }, { "type": "Polygon", "coordinates": [ [ [ 127.13253652795008, 37.509589055172476 ], [ 127.132401910822225, 37.509380713760017 ], [ 127.132273178781489, 37.509433474530915 ], [ 127.132407795804511, 37.509641906188186 ], [ 127.13253652795008, 37.509589055172476 ] ] ] }, { "type": "Polygon", "coordinates": [ [ [ 127.131255835040363, 37.5097697670098 ], [ 127.131153882324554, 37.5096120243157 ], [ 127.130976775153485, 37.509684658677791 ], [ 127.131078727596247, 37.509842401523272 ], [ 127.131255835040363, 37.5097697670098 ] ] ] }, { "type": "Polygon", "coordinates": [ [ [ 127.142707986799991, 37.48945921842877 ], [ 127.142589670034894, 37.489195997539454 ], [ 127.142403710506514, 37.489400295867085 ], [ 127.14238671981677, 37.489444645311728 ], [ 127.142383738537816, 37.489543038033361 ], [ 127.142707986799991, 37.48945921842877 ] ] ] }, { "type": "Polygon", "coordinates": [ [ [ 127.1353044220117, 37.492304090241774 ], [ 127.135120485020011, 37.492453143471884 ], [ 127.135399991376531, 37.492695015681392 ], [ 127.135533587746067, 37.492597376094579 ], [ 127.13558477788736, 37.492641647182658 ], [ 127.1357344091128, 37.492531825681077 ], [ 127.135474041709898, 37.492306420845907 ], [ 127.1353044220117, 37.492304090241774 ] ] ] }, { "type": "Polygon", "coordinates": [ [ [ 127.135856269229379, 37.492637284300187 ], [ 127.135707091088719, 37.492747555939161 ], [ 127.135620112934205, 37.492672331156449 ], [ 127.135486856259618, 37.492770240754453 ], [ 127.135761948170384, 37.493008332901546 ], [ 127.135895204745566, 37.492910332897395 ], [ 127.135848431203911, 37.492869931221364 ], [ 127.135998175574159, 37.492760109261305 ], [ 127.135856269229379, 37.492637284300187 ] ] ] }, { "type": "Polygon", "coordinates": [ [ [ 127.134781417404753, 37.492991062576067 ], [ 127.134616319701081, 37.492861504791279 ], [ 127.134399295407121, 37.493037263733868 ], [ 127.134573338441172, 37.493173659338233 ], [ 127.134693594020561, 37.493076306031014 ], [ 127.134793581619618, 37.493154850513399 ], [ 127.134992651927547, 37.492993707322746 ], [ 127.134887682187781, 37.492911384434031 ], [ 127.134781417404753, 37.492991062576067 ] ] ] }, { "type": "Polygon", "coordinates": [ [ [ 127.142441287720473, 37.493151832457585 ], [ 127.142193574349804, 37.493282313030846 ], [ 127.142246028009652, 37.493346771109692 ], [ 127.142278268861574, 37.493353940694959 ], [ 127.142512438612499, 37.493231116581789 ], [ 127.142441287720473, 37.493151832457585 ] ] ] }, { "type": "Polygon", "coordinates": [ [ [ 127.13624583918731, 37.493213840607311 ], [ 127.136715281724108, 37.493620285663724 ], [ 127.1368647998341, 37.49351028267823 ], [ 127.136395470581263, 37.493104018278871 ], [ 127.13624583918731, 37.493213840607311 ] ] ] }, { "type": "Polygon", "coordinates": [ [ [ 127.141905008985347, 37.493300243773085 ], [ 127.141982264261983, 37.493390837509999 ], [ 127.142133774238673, 37.493304197407738 ], [ 127.142089003800905, 37.493248478838723 ], [ 127.142038198611289, 37.493230879693122 ], [ 127.141905008985347, 37.493300243773085 ] ] ] }, { "type": "Polygon", "coordinates": [ [ [ 127.142438309925495, 37.493432677433582 ], [ 127.142587502109293, 37.493352454628614 ], [ 127.142523851049361, 37.493268710665077 ], [ 127.142369718793688, 37.493349660079581 ], [ 127.142438309925495, 37.493432677433582 ] ] ] }, { "type": "Polygon", "coordinates": [ [ [ 127.134496906333027, 37.493497564497574 ], [ 127.134496646964891, 37.493542614747291 ], [ 127.134606947052617, 37.493633491461651 ], [ 127.134875594686136, 37.493426859724437 ], [ 127.134759292942917, 37.493331214730617 ], [ 127.134702753449503, 37.49333109828062 ], [ 127.134496906333027, 37.493497564497574 ] ] ] }, { "type": "Polygon", "coordinates": [ [ [ 127.141728412310712, 37.493680305688692 ], [ 127.141852673903813, 37.493583057485409 ], [ 127.141885663575593, 37.493531102728454 ], [ 127.141847911103682, 37.493485187612144 ], [ 127.141621609226632, 37.493607721764839 ], [ 127.141598541021096, 37.493783263735203 ], [ 127.141672413834343, 37.493788320828727 ], [ 127.141728412310712, 37.493680305688692 ] ] ] }, { "type": "Polygon", "coordinates": [ [ [ 127.142142673956414, 37.493587911429891 ], [ 127.141910081010948, 37.493714327916635 ], [ 127.141985101086746, 37.493794625881982 ], [ 127.142216748077601, 37.493670228613574 ], [ 127.142142673956414, 37.493587911429891 ] ] ] }, { "type": "Polygon", "coordinates": [ [ [ 127.14240420769309, 37.493638596393858 ], [ 127.142376144529777, 37.493628178266057 ], [ 127.142301113176856, 37.49366852433559 ], [ 127.142358930720746, 37.493740904759619 ], [ 127.142449543315479, 37.493693953765522 ], [ 127.14240420769309, 37.493638596393858 ] ] ] }, { "type": "Polygon", "coordinates": [ [ [ 127.134752579410872, 37.493753250303783 ], [ 127.135046790397496, 37.493995467108462 ], [ 127.13531555022449, 37.493788293657239 ], [ 127.13502111351039, 37.493546348068158 ], [ 127.134752579410872, 37.493753250303783 ] ] ] }, { "type": "Polygon", "coordinates": [ [ [ 127.134737754202121, 37.494064922608104 ], [ 127.134875861503986, 37.493958539007572 ], [ 127.134536240252714, 37.493678981446685 ], [ 127.134284417730512, 37.493873249811053 ], [ 127.134472064286143, 37.494027830437439 ], [ 127.134585892789659, 37.493940035075667 ], [ 127.134737754202121, 37.494064922608104 ] ] ] }, { "type": "Polygon", "coordinates": [ [ [ 127.136986704008038, 37.493763594014226 ], [ 127.137138916596356, 37.493893073153792 ], [ 127.137070710071171, 37.493944778676052 ], [ 127.137191102049798, 37.494048976175442 ], [ 127.137348857965904, 37.49392950263487 ], [ 127.137142617286941, 37.493750891250052 ], [ 127.137007029907039, 37.493747893322031 ], [ 127.136986704008038, 37.493763594014226 ] ] ] }, { "type": "Polygon", "coordinates": [ [ [ 127.142040976788607, 37.49380842581165 ], [ 127.141846788945884, 37.493912893198008 ], [ 127.141840277549306, 37.493938128904482 ], [ 127.141964501886989, 37.494092592727014 ], [ 127.14224940089764, 37.493939083876114 ], [ 127.142174027492842, 37.493845469735923 ], [ 127.142101853912976, 37.493884316616992 ], [ 127.142040976788607, 37.49380842581165 ] ] ] }, { "type": "Polygon", "coordinates": [ [ [ 127.141438441496319, 37.493903466522298 ], [ 127.141441274603594, 37.49402798123176 ], [ 127.141521669491738, 37.494025453292977 ], [ 127.141538281832311, 37.493898753143654 ], [ 127.141438441496319, 37.493903466522298 ] ] ] }, { "type": "Polygon", "coordinates": [ [ [ 127.134196592748808, 37.494086344656417 ], [ 127.134326908915185, 37.49398591704059 ], [ 127.134224649225374, 37.493901788532575 ], [ 127.134094106431093, 37.494001945991627 ], [ 127.134196592748808, 37.494086344656417 ] ] ] }, { "type": "Polygon", "coordinates": [ [ [ 127.141805267139915, 37.493961776655695 ], [ 127.141776199703642, 37.493958567570644 ], [ 127.141644761322212, 37.494052166144137 ], [ 127.141758452157532, 37.494203660366708 ], [ 127.141926997286774, 37.49411281968252 ], [ 127.141805267139915, 37.493961776655695 ] ] ] }, { "type": "Polygon", "coordinates": [ [ [ 127.135922800224847, 37.494174943899708 ], [ 127.135809666728605, 37.494081819147077 ], [ 127.135698210733267, 37.494167720892342 ], [ 127.135811570703524, 37.494261025692701 ], [ 127.135922800224847, 37.494174943899708 ] ] ] }, { "type": "Polygon", "coordinates": [ [ [ 127.141159857592228, 37.494169951230603 ], [ 127.141069298113834, 37.494179338522308 ], [ 127.141157364866871, 37.494282687169765 ], [ 127.141381828440416, 37.494167346066334 ], [ 127.141366757778357, 37.494150695425084 ], [ 127.141266077425286, 37.494190278313454 ], [ 127.141159857592228, 37.494169951230603 ] ] ] }, { "type": "Polygon", "coordinates": [ [ [ 127.135220468342965, 37.494242324630392 ], [ 127.135123642987381, 37.494162605650516 ], [ 127.135001006584702, 37.494257168971259 ], [ 127.135098961126644, 37.494335985774654 ], [ 127.135220468342965, 37.494242324630392 ] ] ] }, { "type": "Polygon", "coordinates": [ [ [ 127.135700340926817, 37.494347107380207 ], [ 127.135586754482645, 37.494253622531659 ], [ 127.135498447481922, 37.494321658034423 ], [ 127.135497510234515, 37.494366709048307 ], [ 127.135583464624816, 37.494437520164709 ], [ 127.135700340926817, 37.494347107380207 ] ] ] }, { "type": "Polygon", "coordinates": [ [ [ 127.141222510010493, 37.494416120181384 ], [ 127.141333916865889, 37.49441624968189 ], [ 127.141240783211657, 37.494282273196056 ], [ 127.141157308629957, 37.494325367557558 ], [ 127.141222510010493, 37.494416120181384 ] ] ] }, { "type": "Polygon", "coordinates": [ [ [ 127.135974646352764, 37.494395179168549 ], [ 127.135811570703524, 37.494261025692701 ], [ 127.135700340926817, 37.494347107380207 ], [ 127.135863416565243, 37.494481261007635 ], [ 127.135974646352764, 37.494395179168549 ] ] ] }, { "type": "Polygon", "coordinates": [ [ [ 127.134699061708034, 37.494499878466343 ], [ 127.134829264836839, 37.494399450430855 ], [ 127.134734478170259, 37.494321440731795 ], [ 127.134604275049341, 37.494421868664112 ], [ 127.134699061708034, 37.494499878466343 ] ] ] }, { "type": "Polygon", "coordinates": [ [ [ 127.140786929002374, 37.49447304598997 ], [ 127.140738301314755, 37.49441651155778 ], [ 127.140610642770156, 37.494482344743489 ], [ 127.140612826919423, 37.494562531078046 ], [ 127.140786929002374, 37.49447304598997 ] ] ] }, { "type": "Polygon", "coordinates": [ [ [ 127.135210485949585, 37.494986020486088 ], [ 127.135421881971496, 37.494822610173678 ], [ 127.135269790438571, 37.494697003000162 ], [ 127.135346353813091, 37.494637990965103 ], [ 127.135220990165223, 37.494535058620151 ], [ 127.135136748093927, 37.494600115952849 ], [ 127.135264265083237, 37.494705748945272 ], [ 127.135187136975276, 37.494765212064983 ], [ 127.135059619993015, 37.494659578990365 ], [ 127.134945564955231, 37.494747465153928 ], [ 127.135210485949585, 37.494986020486088 ] ] ] }, { "type": "Polygon", "coordinates": [ [ [ 127.134910605571847, 37.49467407321437 ], [ 127.134797132853649, 37.494580677583031 ], [ 127.13467505995844, 37.494674789424394 ], [ 127.134760787286865, 37.494745331092147 ], [ 127.134817215886727, 37.494746078337926 ], [ 127.134910605571847, 37.49467407321437 ] ] ] }, { "type": "Polygon", "coordinates": [ [ [ 127.134610786956927, 37.494905337380857 ], [ 127.134267085283739, 37.494622269794498 ], [ 127.134106051941131, 37.494746428083765 ], [ 127.134449866499537, 37.495029405905733 ], [ 127.134610786956927, 37.494905337380857 ] ] ] }, { "type": "Polygon", "coordinates": [ [ [ 127.141618380761997, 37.494645946735076 ], [ 127.141288850422498, 37.494820680332531 ], [ 127.141408077692887, 37.494963437643008 ], [ 127.141737608379728, 37.494788703716551 ], [ 127.141618380761997, 37.494645946735076 ] ] ] }, { "type": "Polygon", "coordinates": [ [ [ 127.142436790585734, 37.494670381569904 ], [ 127.142380691574218, 37.494664501876649 ], [ 127.14217305590941, 37.494774581021488 ], [ 127.142260777679795, 37.49487971322263 ], [ 127.142380298215073, 37.494816320659126 ], [ 127.142467907074433, 37.4949213627402 ], [ 127.142587766403153, 37.494857789363401 ], [ 127.14259514583523, 37.494813181107418 ], [ 127.142436790585734, 37.494670381569904 ] ] ] }, { "type": "Polygon", "coordinates": [ [ [ 127.141889845228022, 37.495227759879398 ], [ 127.142002814510974, 37.495167889379921 ], [ 127.141915206181466, 37.49506293705732 ], [ 127.141802236986138, 37.495122807473933 ], [ 127.141889845228022, 37.495227759879398 ] ] ] }, { "type": "Polygon", "coordinates": [ [ [ 127.134819444528389, 37.495045657971552 ], [ 127.134637969099288, 37.495184256022164 ], [ 127.13472426334296, 37.495255337670436 ], [ 127.134859964043287, 37.495256986589162 ], [ 127.134972664424055, 37.495169912944455 ], [ 127.134819444528389, 37.495045657971552 ] ] ] }, { "type": "Polygon", "coordinates": [ [ [ 127.13421299744698, 37.495305377850073 ], [ 127.134189169800081, 37.495323784987207 ], [ 127.134290751309777, 37.495407013267368 ], [ 127.13411876285528, 37.49553992355856 ], [ 127.134300975588218, 37.495689014415589 ], [ 127.134600458721835, 37.495457571241211 ], [ 127.13460252866463, 37.495349539145479 ], [ 127.134205033261168, 37.495022292938515 ], [ 127.134032369435772, 37.495156555368951 ], [ 127.13421299744698, 37.495305377850073 ] ] ] }, { "type": "Polygon", "coordinates": [ [ [ 127.140999014831905, 37.495180431314502 ], [ 127.140858141121839, 37.49525511014955 ], [ 127.140933507944837, 37.495345301319198 ], [ 127.141054160153644, 37.495281368166069 ], [ 127.141061427290197, 37.495236670041066 ], [ 127.140999014831905, 37.495180431314502 ] ] ] }, { "type": "Polygon", "coordinates": [ [ [ 127.134954186137563, 37.495334726512105 ], [ 127.134952116861925, 37.495442848712983 ], [ 127.135791855677098, 37.496134134685612 ], [ 127.13594441964338, 37.496016470955851 ], [ 127.135144317488965, 37.495357847488584 ], [ 127.135268201327889, 37.495264363821995 ], [ 127.135160389192649, 37.495175377036105 ], [ 127.134954186137563, 37.495334726512105 ] ] ] }, { "type": "Polygon", "coordinates": [ [ [ 127.141463328485074, 37.495302508173928 ], [ 127.141332283350479, 37.495371950136835 ], [ 127.141413159756894, 37.495444925400925 ], [ 127.14146925927794, 37.495450805551791 ], [ 127.141550936464199, 37.495407460828019 ], [ 127.141463328485074, 37.495302508173928 ] ] ] }, { "type": "Polygon", "coordinates": [ [ [ 127.141175265141342, 37.495339249394739 ], [ 127.141119165894068, 37.495333459203621 ], [ 127.141029919458077, 37.495380776962833 ], [ 127.14111752692348, 37.495485729937919 ], [ 127.14125614135996, 37.495412224767044 ], [ 127.141175265141342, 37.495339249394739 ] ] ] }, { "type": "Polygon", "coordinates": [ [ [ 127.134901048800572, 37.495595265283953 ], [ 127.134830382166825, 37.495537050419848 ], [ 127.134694680800365, 37.495535311368478 ], [ 127.134584237987255, 37.495620580202917 ], [ 127.134721833675215, 37.495733770799575 ], [ 127.134901048800572, 37.495595265283953 ] ] ] }, { "type": "Polygon", "coordinates": [ [ [ 127.135107273350471, 37.495764960655883 ], [ 127.135012597907746, 37.495687041173774 ], [ 127.134833382770125, 37.495825546856452 ], [ 127.134927944959841, 37.495903376508352 ], [ 127.135107273350471, 37.495764960655883 ] ] ] }, { "type": "Polygon", "coordinates": [ [ [ 127.138253172776402, 37.495924442365165 ], [ 127.138366272301369, 37.49599576061398 ], [ 127.138666776918157, 37.495834403673747 ], [ 127.138628176480353, 37.495751015991445 ], [ 127.138253172776402, 37.495924442365165 ] ] ] }, { "type": "Polygon", "coordinates": [ [ [ 127.134437581171866, 37.49597110768876 ], [ 127.134348311759055, 37.496040188555675 ], [ 127.134473333652991, 37.496147338857938 ], [ 127.134563225127195, 37.49607831125725 ], [ 127.134437581171866, 37.49597110768876 ] ] ] }, { "type": "Polygon", "coordinates": [ [ [ 127.13541474333114, 37.496017973446143 ], [ 127.135235414745168, 37.496156299659724 ], [ 127.135363046482681, 37.496261301686339 ], [ 127.135542375244142, 37.496123065381177 ], [ 127.13541474333114, 37.496017973446143 ] ] ] }, { "type": "Polygon", "coordinates": [ [ [ 127.136304788258997, 37.496190944225752 ], [ 127.136096068300674, 37.496019181504913 ], [ 127.13603952564965, 37.496018435000742 ], [ 127.135839080816609, 37.496173004148687 ], [ 127.13607962411011, 37.496371040239701 ], [ 127.136304788258997, 37.496190944225752 ] ] ] }, { "type": "Polygon", "coordinates": [ [ [ 127.136540462808654, 37.496384840337463 ], [ 127.136437361201644, 37.496464516309068 ], [ 127.136323543812665, 37.496370672070142 ], [ 127.136197518010121, 37.496468123662112 ], [ 127.136458788091701, 37.496683164214474 ], [ 127.136685990519382, 37.496504596853185 ], [ 127.136540462808654, 37.496384840337463 ] ] ] }, { "type": "Polygon", "coordinates": [ [ [ 127.13566868408688, 37.496499809789086 ], [ 127.135778763139399, 37.496590325210654 ], [ 127.135949848483079, 37.496458584853066 ], [ 127.13583988233998, 37.496367979360663 ], [ 127.13566868408688, 37.496499809789086 ] ] ] }, { "type": "Polygon", "coordinates": [ [ [ 127.135640313841918, 37.496697160709282 ], [ 127.135750393150616, 37.496787676153716 ], [ 127.135888842619067, 37.49668093062742 ], [ 127.135778763139399, 37.496590325210654 ], [ 127.135640313841918, 37.496697160709282 ] ] ] }, { "type": "Polygon", "coordinates": [ [ [ 127.13662957138439, 37.496823705012311 ], [ 127.136798317960654, 37.496837837785911 ], [ 127.136975348641997, 37.496742759786564 ], [ 127.136789728878455, 37.496589982893646 ], [ 127.136560940837498, 37.496767200766286 ], [ 127.13662957138439, 37.496823705012311 ] ] ] }, { "type": "Polygon", "coordinates": [ [ [ 127.136143656761661, 37.496890393020081 ], [ 127.136314629224159, 37.496758742369458 ], [ 127.136158807115493, 37.496630518736403 ], [ 127.13598781224762, 37.496762277309728 ], [ 127.136143656761661, 37.496890393020081 ] ] ] }, { "type": "Polygon", "coordinates": [ [ [ 127.13379269565452, 37.496792767446642 ], [ 127.134604461653254, 37.497458504653494 ], [ 127.134738283453203, 37.497355099393133 ], [ 127.134295366504645, 37.496991954975428 ], [ 127.134441949273977, 37.496878895014937 ], [ 127.134229720804839, 37.496704159667033 ], [ 127.133914512735444, 37.496679285362617 ], [ 127.133861163763711, 37.496694301714122 ], [ 127.133793294701405, 37.496747716842762 ], [ 127.13379269565452, 37.496792767446642 ] ] ] }, { "type": "Polygon", "coordinates": [ [ [ 127.13620124539699, 37.497158374466686 ], [ 127.13636347784967, 37.497071243045006 ], [ 127.136143656761661, 37.496890393020081 ], [ 127.13600520727104, 37.496997138841238 ], [ 127.13620124539699, 37.497158374466686 ] ] ] }, { "type": "Polygon", "coordinates": [ [ [ 127.1425345950598, 37.496980488672527 ], [ 127.142494959573185, 37.496980743205079 ], [ 127.142485596854428, 37.497089378761018 ], [ 127.14251692385379, 37.497114857655752 ], [ 127.142606358082901, 37.497046545296186 ], [ 127.1425345950598, 37.496980488672527 ] ] ] }, { "type": "Polygon", "coordinates": [ [ [ 127.135382187943335, 37.497165342052071 ], [ 127.13538810147088, 37.497120555721452 ], [ 127.135309278918541, 37.497055592912204 ], [ 127.135163260288238, 37.497167391908441 ], [ 127.135248763155843, 37.497237032444936 ], [ 127.135382187943335, 37.497165342052071 ] ] ] }, { "type": "Polygon", "coordinates": [ [ [ 127.135965868602213, 37.497068362505452 ], [ 127.135691111757581, 37.497215898033325 ], [ 127.135817015002473, 37.497364690041515 ], [ 127.136124986878258, 37.497199276613202 ], [ 127.135965868602213, 37.497068362505452 ] ] ] }, { "type": "Polygon", "coordinates": [ [ [ 127.135249256964357, 37.497323707948553 ], [ 127.135324730134357, 37.497412731249575 ], [ 127.135247567165123, 37.497454174452038 ], [ 127.135373356848106, 37.497602967055947 ], [ 127.135645279875433, 37.497456868080135 ], [ 127.135519489899764, 37.497308075762618 ], [ 127.135456121572957, 37.497342124276386 ], [ 127.135380648318574, 37.497253101058398 ], [ 127.135249256964357, 37.497323707948553 ] ] ] }, { "type": "Polygon", "coordinates": [ [ [ 127.134993249517137, 37.497332737145932 ], [ 127.134883849624671, 37.497242670736675 ], [ 127.134739302813429, 37.497355999242238 ], [ 127.134852554461091, 37.497449935730359 ], [ 127.134987335737392, 37.497377523455683 ], [ 127.134993249517137, 37.497332737145932 ] ] ] }, { "type": "Polygon", "coordinates": [ [ [ 127.142422306748102, 37.497253562132265 ], [ 127.142380295938707, 37.497283705579797 ], [ 127.142367957082413, 37.497457612999376 ], [ 127.142524932828309, 37.497344800936574 ], [ 127.142422306748102, 37.497253562132265 ] ] ] }, { "type": "Polygon", "coordinates": [ [ [ 127.14194256242132, 37.497473796767068 ], [ 127.142049286692469, 37.497398616691719 ], [ 127.14199026979071, 37.49734534776757 ], [ 127.141956454359956, 37.497343676072553 ], [ 127.141885643719263, 37.497393585442531 ], [ 127.14188354553589, 37.49742052779024 ], [ 127.14194256242132, 37.497473796767068 ] ] ] }, { "type": "Polygon", "coordinates": [ [ [ 127.142124162201114, 37.497466102488808 ], [ 127.142062273253984, 37.497509604256003 ], [ 127.142062527326445, 37.497584837325611 ], [ 127.142188616625901, 37.497584597159268 ], [ 127.142186237816816, 37.497522160798212 ], [ 127.142124162201114, 37.497466102488808 ] ] ] }, { "type": "Polygon", "coordinates": [ [ [ 127.142437008930713, 37.497735668877539 ], [ 127.14252026510735, 37.497809361311511 ], [ 127.142654767646434, 37.497712613674359 ], [ 127.142571737445763, 37.497638830964377 ], [ 127.142437008930713, 37.497735668877539 ] ] ] }, { "type": "Polygon", "coordinates": [ [ [ 127.142261154214196, 37.498575428786694 ], [ 127.142381208150567, 37.498491853259658 ], [ 127.142301118941901, 37.498418787661755 ], [ 127.142244570202436, 37.498415791640497 ], [ 127.142154670856002, 37.498478337876257 ], [ 127.142261154214196, 37.498575428786694 ] ] ] }, { "type": "Polygon", "coordinates": [ [ [ 127.14231944444731, 37.49890359300327 ], [ 127.14187944728171, 37.499037374220272 ], [ 127.141934958169699, 37.499150203333215 ], [ 127.14198847570205, 37.499164735883227 ], [ 127.142173918649476, 37.499093606682941 ], [ 127.142408597376061, 37.499045484038824 ], [ 127.142429100473478, 37.499003563167705 ], [ 127.14231944444731, 37.49890359300327 ] ] ] }, { "type": "Polygon", "coordinates": [ [ [ 127.138378430634774, 37.499250153073177 ], [ 127.138215169543329, 37.499084468313427 ], [ 127.138075552657412, 37.499171756310218 ], [ 127.138238813631602, 37.499337441260693 ], [ 127.138378430634774, 37.499250153073177 ] ] ] }, { "type": "Polygon", "coordinates": [ [ [ 127.137238663588988, 37.500522956542859 ], [ 127.137139642119152, 37.500422699075564 ], [ 127.136926822689176, 37.500556020611675 ], [ 127.137025844051635, 37.500656278255278 ], [ 127.137238663588988, 37.500522956542859 ] ] ] }, { "type": "Polygon", "coordinates": [ [ [ 127.137583093091038, 37.500625093928491 ], [ 127.137526990977577, 37.500619752542157 ], [ 127.137406686853637, 37.500694944119253 ], [ 127.137563038458438, 37.500853610121986 ], [ 127.137714859156318, 37.500758830400763 ], [ 127.137583093091038, 37.500625093928491 ] ] ] }, { "type": "Polygon", "coordinates": [ [ [ 127.137801646047151, 37.500846938020629 ], [ 127.137649938534636, 37.500941807821363 ], [ 127.137745902706271, 37.501039185182975 ], [ 127.137875956686955, 37.500977136582051 ], [ 127.137886280503494, 37.50093288566466 ], [ 127.137801646047151, 37.500846938020629 ] ] ] }, { "type": "Polygon", "coordinates": [ [ [ 127.141882918459984, 37.50113354212219 ], [ 127.141981178054607, 37.501064679193405 ], [ 127.141854067516007, 37.500945357930014 ], [ 127.141754233126662, 37.50101872761347 ], [ 127.141882918459984, 37.50113354212219 ] ] ] }, { "type": "Polygon", "coordinates": [ [ [ 127.136893591915452, 37.501442730812371 ], [ 127.137157287957223, 37.501300160772544 ], [ 127.136922539808438, 37.501002470038614 ], [ 127.136742031119567, 37.500804997830322 ], [ 127.136322567878821, 37.500420300547773 ], [ 127.136152935953135, 37.500421394986127 ], [ 127.135211885618958, 37.501226604431352 ], [ 127.136169454565632, 37.501937125034367 ], [ 127.13622252255621, 37.501952741898577 ], [ 127.136471422810345, 37.501944799348784 ], [ 127.136515591071927, 37.501916727852091 ], [ 127.136565822728841, 37.501801703114303 ], [ 127.136663944706413, 37.501653286655781 ], [ 127.136792629056785, 37.501520512484056 ], [ 127.136893591915452, 37.501442730812371 ] ] ] }, { "type": "Polygon", "coordinates": [ [ [ 127.141503545069867, 37.50139978664366 ], [ 127.141384146035406, 37.50129180831695 ], [ 127.141248727365863, 37.501386753542839 ], [ 127.141367674666981, 37.501495092938619 ], [ 127.141503545069867, 37.50139978664366 ] ] ] }, { "type": "Polygon", "coordinates": [ [ [ 127.137341608184272, 37.502102197508094 ], [ 127.137328281490966, 37.502174653052812 ], [ 127.137607944366152, 37.502104954390013 ], [ 127.137526524819052, 37.501921514898186 ], [ 127.13741480588196, 37.501992461894474 ], [ 127.137341608184272, 37.502102197508094 ] ] ] }, { "type": "Polygon", "coordinates": [ [ [ 127.139449161357035, 37.502395733392696 ], [ 127.139231059377494, 37.502547715856586 ], [ 127.139227975531341, 37.502592769337475 ], [ 127.13932142586323, 37.502673840260428 ], [ 127.139522922875955, 37.502532418705009 ], [ 127.139463565431271, 37.502479689563529 ], [ 127.1395504824943, 37.502390569463699 ], [ 127.139449161357035, 37.502395733392696 ] ] ] }, { "type": "Polygon", "coordinates": [ [ [ 127.137327310476508, 37.502700025962724 ], [ 127.137292655370857, 37.502735565107166 ], [ 127.137284302273272, 37.502869192666651 ], [ 127.137422397298849, 37.502873899269588 ], [ 127.137429655071386, 37.502697655768827 ], [ 127.137402709349473, 37.502681288607377 ], [ 127.137327310476508, 37.502700025962724 ] ] ] }, { "type": "Polygon", "coordinates": [ [ [ 127.138336639889928, 37.503059350499505 ], [ 127.13859583728059, 37.502990754404173 ], [ 127.13841074789724, 37.50282905974327 ], [ 127.138283009212344, 37.502921920355739 ], [ 127.138336639889928, 37.503059350499505 ] ] ] }, { "type": "Polygon", "coordinates": [ [ [ 127.139960020588262, 37.503075091756664 ], [ 127.140033270344986, 37.503197127111719 ], [ 127.140118092536241, 37.503124848706953 ], [ 127.139960020588262, 37.503075091756664 ] ] ] }, { "type": "Polygon", "coordinates": [ [ [ 127.135552343024983, 37.503788115699621 ], [ 127.135385856259362, 37.50384479702317 ], [ 127.135452804581746, 37.503969419201027 ], [ 127.135582217585764, 37.503924492830883 ], [ 127.135603178205741, 37.503882572655989 ], [ 127.135552343024983, 37.503788115699621 ] ] ] }, { "type": "Polygon", "coordinates": [ [ [ 127.140540631401905, 37.50392975393747 ], [ 127.140408031869171, 37.503962345817733 ], [ 127.140433150416641, 37.504029620795968 ], [ 127.140566436810971, 37.504001442967059 ], [ 127.140540631401905, 37.50392975393747 ] ] ] }, { "type": "Polygon", "coordinates": [ [ [ 127.138233318144032, 37.504386819711819 ], [ 127.13847093636987, 37.504327709346917 ], [ 127.138420146047523, 37.504198024581527 ], [ 127.138182641122597, 37.504257044614462 ], [ 127.138233318144032, 37.504386819711819 ] ] ] }, { "type": "Polygon", "coordinates": [ [ [ 127.139188495964547, 37.504496623220753 ], [ 127.139143839529879, 37.504382248579475 ], [ 127.138873437132034, 37.504448516299625 ], [ 127.13891820645469, 37.504562981010558 ], [ 127.139188495964547, 37.504496623220753 ] ] ] }, { "type": "Polygon", "coordinates": [ [ [ 127.136054498562714, 37.50455375317253 ], [ 127.135968944575723, 37.504397617614764 ], [ 127.135829131727604, 37.504445619621201 ], [ 127.135914685478824, 37.504601755279381 ], [ 127.136054498562714, 37.50455375317253 ] ] ] }, { "type": "Polygon", "coordinates": [ [ [ 127.138355126245159, 37.504699144589694 ], [ 127.138592971389315, 37.504639943619203 ], [ 127.13852161377342, 37.504457394218413 ], [ 127.138283848169877, 37.504516513864822 ], [ 127.138355126245159, 37.504699144589694 ] ] ] }, { "type": "Polygon", "coordinates": [ [ [ 127.134577529918744, 37.507645576151305 ], [ 127.134192050588595, 37.507818100138181 ], [ 127.134414286786708, 37.508133649759216 ], [ 127.134623791309451, 37.50771120671449 ], [ 127.134577529918744, 37.507645576151305 ] ] ] }, { "type": "Polygon", "coordinates": [ [ [ 127.134927527351124, 37.512766626214507 ], [ 127.135457935778092, 37.511779344975864 ], [ 127.134053735390097, 37.511340341573415 ], [ 127.133794845057778, 37.51211440743711 ], [ 127.13382058770263, 37.512152580851122 ], [ 127.133745323000781, 37.512381518180291 ], [ 127.133832073880797, 37.512444220480916 ], [ 127.134927527351124, 37.512766626214507 ] ] ] }, { "type": "Polygon", "coordinates": [ [ [ 127.144196484258458, 37.490236344471725 ], [ 127.144605363662762, 37.490119981452757 ], [ 127.144529506985577, 37.48995032497244 ], [ 127.144119385093248, 37.490066959531099 ], [ 127.144196484258458, 37.490236344471725 ] ] ] }, { "type": "Polygon", "coordinates": [ [ [ 127.142673116787364, 37.489916787723935 ], [ 127.142475118416215, 37.48997333658594 ], [ 127.14263208850673, 37.490346793742248 ], [ 127.143013057233858, 37.490238668661902 ], [ 127.143038415516202, 37.490194489310802 ], [ 127.14292429796555, 37.48994072425765 ], [ 127.142711155872306, 37.490001526336691 ], [ 127.142673116787364, 37.489916787723935 ] ] ] }, { "type": "Polygon", "coordinates": [ [ [ 127.142384476901952, 37.490839485465813 ], [ 127.142280169139468, 37.490931872131156 ], [ 127.14336772151627, 37.490930571418701 ], [ 127.143103712733208, 37.490342715608975 ], [ 127.143052224544675, 37.490321784009403 ], [ 127.142446925221691, 37.490494868777738 ], [ 127.142379831146158, 37.490713891674162 ], [ 127.142384476901952, 37.490839485465813 ] ] ] }, { "type": "Polygon", "coordinates": [ [ [ 127.143689421473908, 37.491802550384584 ], [ 127.14371830832475, 37.491824229704328 ], [ 127.143517019742205, 37.491279871739465 ], [ 127.143498501434053, 37.491371309394388 ], [ 127.14343322032434, 37.491483517199853 ], [ 127.143420032585311, 37.49153567387382 ], [ 127.143585382919269, 37.491678707032499 ], [ 127.143575152614204, 37.491722129482113 ], [ 127.143442656312047, 37.491767302644092 ], [ 127.14345957168203, 37.491904306301279 ], [ 127.143689421473908, 37.491802550384584 ] ] ] }, { "type": "Polygon", "coordinates": [ [ [ 127.143768947877703, 37.492458382137002 ], [ 127.143706547025204, 37.492378286339992 ], [ 127.143535585236194, 37.492467618810934 ], [ 127.143598212323027, 37.492547813534991 ], [ 127.143529484142519, 37.492583782964246 ], [ 127.143590785738965, 37.492662618774986 ], [ 127.143752449223811, 37.492577288847677 ], [ 127.143691487629866, 37.492498912220228 ], [ 127.143768947877703, 37.492458382137002 ] ] ] }, { "type": "Polygon", "coordinates": [ [ [ 127.143784075573237, 37.492719635672891 ], [ 127.143717397347586, 37.492638058387207 ], [ 127.143636797263369, 37.492680664510644 ], [ 127.143705102593344, 37.492761627203684 ], [ 127.143784075573237, 37.492719635672891 ] ] ] }, { "type": "Polygon", "coordinates": [ [ [ 127.143350532186204, 37.492789434754414 ], [ 127.143288641168809, 37.492709770608649 ], [ 127.143269549976097, 37.492719785596698 ], [ 127.143206854875089, 37.492639392562374 ], [ 127.14312188179052, 37.492683796567491 ], [ 127.143184531777038, 37.492764279800348 ], [ 127.143114007001856, 37.492801170160327 ], [ 127.143176351241266, 37.492881374452544 ], [ 127.143350532186204, 37.492789434754414 ] ] ] }, { "type": "Polygon", "coordinates": [ [ [ 127.143038738657197, 37.492727243260113 ], [ 127.142872045412659, 37.492814344185867 ], [ 127.143011884886221, 37.49296817557363 ], [ 127.143094225433131, 37.492924720853203 ], [ 127.143031880565317, 37.492844156119311 ], [ 127.143101456471584, 37.492807744475201 ], [ 127.143038738657197, 37.492727243260113 ] ] ] }, { "type": "Polygon", "coordinates": [ [ [ 127.143961170237318, 37.492781167766417 ], [ 127.144016113555679, 37.492846036521904 ], [ 127.143923589919225, 37.492897874441468 ], [ 127.144009498748403, 37.492994979660473 ], [ 127.144078857963294, 37.492957774824113 ], [ 127.144117475594243, 37.492869340202837 ], [ 127.144060667805576, 37.492727861784076 ], [ 127.143961170237318, 37.492781167766417 ] ] ] }, { "type": "Polygon", "coordinates": [ [ [ 127.143790912360487, 37.49299154898933 ], [ 127.143701254298605, 37.493040076616161 ], [ 127.143632741405682, 37.492957122966509 ], [ 127.14348104277849, 37.49303839526592 ], [ 127.143550054196425, 37.493121916032628 ], [ 127.143473149359679, 37.493163571550006 ], [ 127.143540926643425, 37.493246201813861 ], [ 127.143859370698806, 37.493075439651427 ], [ 127.143790912360487, 37.49299154898933 ] ] ] }, { "type": "Polygon", "coordinates": [ [ [ 127.14323217985185, 37.493127856908423 ], [ 127.143098824559814, 37.492964990004495 ], [ 127.143022787543828, 37.49300516655132 ], [ 127.143158685246689, 37.493167102462991 ], [ 127.14323217985185, 37.493127856908423 ] ] ] }, { "type": "Polygon", "coordinates": [ [ [ 127.142807101212227, 37.49307655856596 ], [ 127.142748666685975, 37.492988744974959 ], [ 127.142711113834764, 37.49298293336458 ], [ 127.14270194609243, 37.493038535968189 ], [ 127.14267076559409, 37.493053980309924 ], [ 127.142717010322201, 37.493123815554647 ], [ 127.142807101212227, 37.49307655856596 ] ] ] }, { "type": "Polygon", "coordinates": [ [ [ 127.143323812794634, 37.493244480407419 ], [ 127.143398481117501, 37.493204026002346 ], [ 127.143328993621139, 37.493119847990279 ], [ 127.143254109849082, 37.493159960230777 ], [ 127.143323812794634, 37.493244480407419 ] ] ] }, { "type": "Polygon", "coordinates": [ [ [ 127.142961913035677, 37.493272583908229 ], [ 127.142892313243223, 37.493188594984211 ], [ 127.142820016247811, 37.493227424435219 ], [ 127.142884769556261, 37.493313869917991 ], [ 127.142961913035677, 37.493272583908229 ] ] ] }, { "type": "Polygon", "coordinates": [ [ [ 127.143179757038581, 37.493199846537188 ], [ 127.143123410540767, 37.493230034485826 ], [ 127.143117012540586, 37.493255180029344 ], [ 127.143174159441017, 37.493325470545003 ], [ 127.143248963568141, 37.493284989042053 ], [ 127.143179757038581, 37.493199846537188 ] ] ] }, { "type": "Polygon", "coordinates": [ [ [ 127.142861443918733, 37.493609218295788 ], [ 127.14309098589041, 37.493484965989204 ], [ 127.142931674528413, 37.493331860797056 ], [ 127.142772653907357, 37.493416862072984 ], [ 127.142807453817284, 37.493521885964554 ], [ 127.142861443918733, 37.493609218295788 ] ] ] }, { "type": "Polygon", "coordinates": [ [ [ 127.144332765078644, 37.493451648167621 ], [ 127.144059859925505, 37.493379762663295 ], [ 127.143838519375848, 37.493468931079775 ], [ 127.143949468605598, 37.493717112715878 ], [ 127.144136512911558, 37.493663638032267 ], [ 127.144121523300726, 37.493630409261158 ], [ 127.144380095580473, 37.493556278026311 ], [ 127.144332765078644, 37.493451648167621 ] ] ] }, { "type": "Polygon", "coordinates": [ [ [ 127.142668013491502, 37.494295560294283 ], [ 127.143327400644324, 37.493945993968893 ], [ 127.143208284089141, 37.493803058239656 ], [ 127.142548897802911, 37.494152714007065 ], [ 127.142668013491502, 37.494295560294283 ] ] ] }, { "type": "Polygon", "coordinates": [ [ [ 127.143993416236199, 37.494112688388988 ], [ 127.144011314568985, 37.494069869352067 ], [ 127.143929096091426, 37.493886164690842 ], [ 127.143875469560456, 37.493871993534974 ], [ 127.143773450148473, 37.49392607724797 ], [ 127.143948241125273, 37.494136637351225 ], [ 127.143993416236199, 37.494112688388988 ] ] ] }, { "type": "Polygon", "coordinates": [ [ [ 127.144310788698434, 37.494031035125197 ], [ 127.144450988074624, 37.494198901902166 ], [ 127.144482732017252, 37.494182375212965 ], [ 127.144543708169479, 37.494255372426508 ], [ 127.144306907869293, 37.494380339090903 ], [ 127.14442878662517, 37.494505484636299 ], [ 127.144600096063087, 37.494590592878374 ], [ 127.144823142441439, 37.494511124739276 ], [ 127.144549258679547, 37.49390460680678 ], [ 127.144310788698434, 37.494031035125197 ] ] ] }, { "type": "Polygon", "coordinates": [ [ [ 127.143766579545286, 37.494471108802941 ], [ 127.144119712587354, 37.494283906018616 ], [ 127.144079967366295, 37.494195926386851 ], [ 127.144026340756611, 37.494181845400377 ], [ 127.143571650859883, 37.494422869597223 ], [ 127.143696888916011, 37.49457291546841 ], [ 127.143804093467836, 37.494515572976077 ], [ 127.143766579545286, 37.494471108802941 ] ] ] }, { "type": "Polygon", "coordinates": [ [ [ 127.142657462847964, 37.49451775923788 ], [ 127.142523708977151, 37.49458864736372 ], [ 127.142516442773854, 37.494633345581711 ], [ 127.142593694688543, 37.494702990676203 ], [ 127.142744958834129, 37.494622891353544 ], [ 127.142657462847964, 37.49451775923788 ] ] ] }, { "type": "Polygon", "coordinates": [ [ [ 127.144203676175295, 37.494801942084962 ], [ 127.144304933207138, 37.494780547168212 ], [ 127.144360270179661, 37.494831494831949 ], [ 127.144529952143699, 37.494792177196295 ], [ 127.144526677026363, 37.494782531462903 ], [ 127.14465155287543, 37.49476516215217 ], [ 127.144685455381165, 37.494694545832452 ], [ 127.144610554762977, 37.494637360074044 ], [ 127.144524997487594, 37.494690451411117 ], [ 127.144299062556172, 37.494767742059274 ], [ 127.144138446380424, 37.494799416959545 ], [ 127.144116603825609, 37.494647219564619 ], [ 127.144203472773484, 37.494629635305039 ], [ 127.144150020190594, 37.494463438520484 ], [ 127.144037392756488, 37.494523220565767 ], [ 127.143875195943195, 37.494758558805209 ], [ 127.144053493154416, 37.494908819653382 ], [ 127.144203676175295, 37.494801942084962 ] ] ] }, { "type": "Polygon", "coordinates": [ [ [ 127.14328824321106, 37.494706844474315 ], [ 127.143096607376918, 37.494845647904043 ], [ 127.143200139531842, 37.494938957372895 ], [ 127.143391775582131, 37.494800243877016 ], [ 127.14328824321106, 37.494706844474315 ] ] ] }, { "type": "Polygon", "coordinates": [ [ [ 127.143781955406311, 37.49501202298616 ], [ 127.143888068526465, 37.494897684548519 ], [ 127.143816356406347, 37.494834124383964 ], [ 127.143735107376173, 37.494929304625231 ], [ 127.143738134244956, 37.494969098100675 ], [ 127.143781955406311, 37.49501202298616 ] ] ] }, { "type": "Polygon", "coordinates": [ [ [ 127.144264793849885, 37.494943234976326 ], [ 127.144185622255264, 37.494870007321609 ], [ 127.144094168926983, 37.494932908332238 ], [ 127.144171948011206, 37.495005299799978 ], [ 127.144264793849885, 37.494943234976326 ] ] ] }, { "type": "Polygon", "coordinates": [ [ [ 127.144343296689314, 37.495015553376625 ], [ 127.144433619444499, 37.494952833741479 ], [ 127.14435455596805, 37.494883029865093 ], [ 127.144264793849885, 37.494943234976326 ], [ 127.144343296689314, 37.495015553376625 ] ] ] }, { "type": "Polygon", "coordinates": [ [ [ 127.143813621014161, 37.495180444601871 ], [ 127.143711964992477, 37.495093143079529 ], [ 127.143505866030665, 37.495220098416219 ], [ 127.143706234557641, 37.495404787441899 ], [ 127.143831134033547, 37.495357505811178 ], [ 127.143712876948612, 37.495252078172648 ], [ 127.143813621014161, 37.495180444601871 ] ] ] }, { "type": "Polygon", "coordinates": [ [ [ 127.144211478038628, 37.495241412862384 ], [ 127.144103851379526, 37.495303135081429 ], [ 127.144185284637985, 37.495376179854397 ], [ 127.144283990735886, 37.495309323638814 ], [ 127.144211478038628, 37.495241412862384 ] ] ] }, { "type": "Polygon", "coordinates": [ [ [ 127.144295500925168, 37.495320410034346 ], [ 127.1443640692586, 37.495383451123921 ], [ 127.144265372402444, 37.495449235205861 ], [ 127.144335843687614, 37.495513895808848 ], [ 127.144402226100709, 37.495515662591522 ], [ 127.14454836109077, 37.495408564241359 ], [ 127.144383912499492, 37.495257422450159 ], [ 127.144295500925168, 37.495320410034346 ] ] ] }, { "type": "Polygon", "coordinates": [ [ [ 127.144037652687544, 37.495766913965859 ], [ 127.143459772557392, 37.495237236740579 ], [ 127.143346547556149, 37.495340717280286 ], [ 127.143328097275059, 37.49539101516023 ], [ 127.143750949748664, 37.495758024238 ], [ 127.143931811093964, 37.495840157643471 ], [ 127.144037652687544, 37.495766913965859 ] ] ] }, { "type": "Polygon", "coordinates": [ [ [ 127.143943637978836, 37.495458237051302 ], [ 127.143840300164157, 37.495527801557195 ], [ 127.144077035718055, 37.495741269076895 ], [ 127.144175050862103, 37.495673503781063 ], [ 127.143943637978836, 37.495458237051302 ] ] ] }, { "type": "Polygon", "coordinates": [ [ [ 127.144321963782758, 37.495832109298405 ], [ 127.144401708613444, 37.495902903459069 ], [ 127.1444095333772, 37.49589074853305 ], [ 127.14447954330933, 37.495962257193028 ], [ 127.144370883223019, 37.496039919565497 ], [ 127.144332587824636, 37.496007277632117 ], [ 127.144317080078352, 37.496016991123 ], [ 127.144282750302224, 37.495982452282817 ], [ 127.144075622351025, 37.496122113920016 ], [ 127.14415525657526, 37.496194169775016 ], [ 127.144255424758811, 37.496122536533612 ], [ 127.144413112757917, 37.496261874565057 ], [ 127.14451146803944, 37.49619437888402 ], [ 127.144396937840753, 37.496087604948265 ], [ 127.144428525250987, 37.496065654455592 ], [ 127.144643474911391, 37.496250450362382 ], [ 127.144719200599297, 37.49619401915448 ], [ 127.144628959426242, 37.496110506816159 ], [ 127.144637901667295, 37.496103215914594 ], [ 127.144512507820195, 37.496004275917585 ], [ 127.144612340135666, 37.495940652656593 ], [ 127.144440210030879, 37.495782564551988 ], [ 127.144414438669486, 37.495770738582557 ], [ 127.144321963782758, 37.495832109298405 ] ] ] }, { "type": "Polygon", "coordinates": [ [ [ 127.142802382558557, 37.49665268278337 ], [ 127.143804442641184, 37.495951404248459 ], [ 127.143807975976841, 37.495906440158087 ], [ 127.143156189980758, 37.495318871175172 ], [ 127.142099255116477, 37.496063367432399 ], [ 127.142745948384658, 37.496649776962975 ], [ 127.142802382558557, 37.49665268278337 ] ] ] }, { "type": "Polygon", "coordinates": [ [ [ 127.143777350608218, 37.496066016876433 ], [ 127.143944492665071, 37.496217967142357 ], [ 127.14404538975117, 37.496154883677711 ], [ 127.143864184447281, 37.496005193984736 ], [ 127.143777350608218, 37.496066016876433 ] ] ] }, { "type": "Polygon", "coordinates": [ [ [ 127.144284394509739, 37.496365023334434 ], [ 127.144116991310824, 37.496219002440341 ], [ 127.143886088170376, 37.496392218593641 ], [ 127.14400461288686, 37.496500537919395 ], [ 127.144042350521389, 37.496465740883416 ], [ 127.144088772360234, 37.496507986756917 ], [ 127.144284394509739, 37.496365023334434 ] ] ] }, { "type": "Polygon", "coordinates": [ [ [ 127.144414137274097, 37.497037002403978 ], [ 127.144127167347932, 37.496771338342974 ], [ 127.144044629524785, 37.49682594835793 ], [ 127.144036780063914, 37.496866845141582 ], [ 127.144305699864546, 37.497113682345905 ], [ 127.144414137274097, 37.497037002403978 ] ] ] }, { "type": "Polygon", "coordinates": [ [ [ 127.142807261627752, 37.497165651466226 ], [ 127.142890613418118, 37.497242217717449 ], [ 127.142985294593743, 37.497173916813892 ], [ 127.142937636794841, 37.497129788903997 ], [ 127.143071028301904, 37.497038475134282 ], [ 127.142857681308584, 37.496839168395873 ], [ 127.14272283175913, 37.496930826049862 ], [ 127.14265106798176, 37.49686436404717 ], [ 127.14255205482749, 37.496938174959006 ], [ 127.142636371216881, 37.497010802877881 ], [ 127.142734647022422, 37.496941768069945 ], [ 127.142903085780617, 37.497097799759999 ], [ 127.142807261627752, 37.497165651466226 ] ] ] }, { "type": "Polygon", "coordinates": [ [ [ 127.143329719191414, 37.497163845182463 ], [ 127.143384678278025, 37.497163896329454 ], [ 127.143600645603769, 37.49701406203129 ], [ 127.143599998636404, 37.496988924950251 ], [ 127.143483993019842, 37.496891242993627 ], [ 127.143384258415693, 37.496965848347578 ], [ 127.143272771317243, 37.496871422371754 ], [ 127.143127651622905, 37.496979689202398 ], [ 127.143329719191414, 37.497163845182463 ] ] ] }, { "type": "Polygon", "coordinates": [ [ [ 127.144091293069721, 37.497197472856662 ], [ 127.144215917141821, 37.497110988718603 ], [ 127.144132331640236, 37.497037036579506 ], [ 127.144005346356792, 37.497118739176166 ], [ 127.144091293069721, 37.497197472856662 ] ] ] }, { "type": "Polygon", "coordinates": [ [ [ 127.142846725185493, 37.497416162936112 ], [ 127.142601860503476, 37.49719250341839 ], [ 127.142498775513914, 37.497266147954605 ], [ 127.142834409180949, 37.497565626284228 ], [ 127.143031157818825, 37.497423618669288 ], [ 127.142941247265796, 37.497347312650895 ], [ 127.142846725185493, 37.497416162936112 ] ] ] }, { "type": "Polygon", "coordinates": [ [ [ 127.14426059719932, 37.497354835035075 ], [ 127.144385791217857, 37.497264755047517 ], [ 127.144302432746215, 37.497191433455392 ], [ 127.144174868947232, 37.497278182522876 ], [ 127.14426059719932, 37.497354835035075 ] ] ] }, { "type": "Polygon", "coordinates": [ [ [ 127.1440537531183, 37.497360265510331 ], [ 127.144174868947232, 37.497278182522876 ], [ 127.144091293069721, 37.497197472856662 ], [ 127.143967126519854, 37.497280883905702 ], [ 127.1440537531183, 37.497360265510331 ] ] ] }, { "type": "Polygon", "coordinates": [ [ [ 127.144349196207145, 37.497400868085499 ], [ 127.144324199861657, 37.497487520294719 ], [ 127.144469537297411, 37.497387090427495 ], [ 127.144470048397281, 37.497346725077627 ], [ 127.144430053967852, 37.497318941621351 ], [ 127.144349196207145, 37.497400868085499 ] ] ] }, { "type": "Polygon", "coordinates": [ [ [ 127.143460574022413, 37.497399479344018 ], [ 127.143386480951989, 37.497333732381627 ], [ 127.143323607523669, 37.497334582723894 ], [ 127.143233728814991, 37.49740090494933 ], [ 127.143333688529935, 37.497492803975092 ], [ 127.143460574022413, 37.497399479344018 ] ] ] }, { "type": "Polygon", "coordinates": [ [ [ 127.143892644090485, 37.497510584139192 ], [ 127.143796521180278, 37.497420762273066 ], [ 127.14369362837553, 37.497493921077663 ], [ 127.143789417670718, 37.49758077013329 ], [ 127.143892644090485, 37.497510584139192 ] ] ] }, { "type": "Polygon", "coordinates": [ [ [ 127.143204507220361, 37.49760415119097 ], [ 127.143090644515397, 37.497503682203487 ], [ 127.14300439892321, 37.497565864316243 ], [ 127.143113050250491, 37.497667321720137 ], [ 127.143204507220361, 37.49760415119097 ] ] ] }, { "type": "Polygon", "coordinates": [ [ [ 127.143872984738351, 37.497662741416129 ], [ 127.143936914430711, 37.497723707009868 ], [ 127.143988366719682, 37.497722933184519 ], [ 127.144084582368819, 37.497653007758224 ], [ 127.143996591387378, 37.497575898342021 ], [ 127.143872984738351, 37.497662741416129 ] ] ] }, { "type": "Polygon", "coordinates": [ [ [ 127.143599562003104, 37.497737384911161 ], [ 127.143727701792884, 37.497643517889507 ], [ 127.143640769830796, 37.497564109387042 ], [ 127.143514175320504, 37.497655857112044 ], [ 127.143599562003104, 37.497737384911161 ] ] ] }, { "type": "Polygon", "coordinates": [ [ [ 127.143819265932578, 37.497917230063621 ], [ 127.143914372441898, 37.498001466938234 ], [ 127.144064747800556, 37.497944829035767 ], [ 127.143964776805603, 37.497859688138448 ], [ 127.143884249924298, 37.497866290413207 ], [ 127.143819265932578, 37.497917230063621 ] ] ] }, { "type": "Polygon", "coordinates": [ [ [ 127.144509359874519, 37.49806016914043 ], [ 127.144565455425706, 37.497967956129123 ], [ 127.144461705577982, 37.497923716545358 ], [ 127.144391484963023, 37.498003756083122 ], [ 127.144509359874519, 37.49806016914043 ] ] ] }, { "type": "Polygon", "coordinates": [ [ [ 127.144196742302569, 37.498177217378363 ], [ 127.144091041643506, 37.498153792888644 ], [ 127.144032183926285, 37.498191318405041 ], [ 127.14436224190699, 37.498307013428779 ], [ 127.144394097083079, 37.498252978078497 ], [ 127.144265457758607, 37.498126101824298 ], [ 127.144196742302569, 37.498177217378363 ] ] ] }, { "type": "Polygon", "coordinates": [ [ [ 127.143044828297178, 37.49838762553216 ], [ 127.143068615766865, 37.498246716933593 ], [ 127.142964250943777, 37.49823590381223 ], [ 127.142946532494719, 37.498374949068442 ], [ 127.143044828297178, 37.49838762553216 ] ] ] }, { "type": "Polygon", "coordinates": [ [ [ 127.143375691706211, 37.498349557971054 ], [ 127.143385308858683, 37.498232551788725 ], [ 127.143175639823042, 37.498396118337986 ], [ 127.143206601438621, 37.49841932696588 ], [ 127.143375691706211, 37.498349557971054 ] ] ] }, { "type": "Polygon", "coordinates": [ [ [ 127.144247613232451, 37.498566017794239 ], [ 127.144149842315855, 37.498472792450663 ], [ 127.144039272845475, 37.498547528548926 ], [ 127.144137156466215, 37.498640573647144 ], [ 127.144247613232451, 37.498566017794239 ] ] ] }, { "type": "Polygon", "coordinates": [ [ [ 127.143281577981796, 37.498557116792391 ], [ 127.143185080030804, 37.498622284623082 ], [ 127.143047284367128, 37.498490606697658 ], [ 127.142953210929633, 37.498558204130681 ], [ 127.143088480253326, 37.498687515566239 ], [ 127.142991801198207, 37.49875277355472 ], [ 127.143130692095909, 37.49888334199796 ], [ 127.143476635193466, 37.498649748465041 ], [ 127.143376148669276, 37.498555264347232 ], [ 127.143320016389708, 37.498593173663444 ], [ 127.143281577981796, 37.498557116792391 ] ] ] }, { "type": "Polygon", "coordinates": [ [ [ 127.143934914687051, 37.498617932263684 ], [ 127.143731167265798, 37.498755399739828 ], [ 127.143828373625325, 37.498849166704552 ], [ 127.144031894949251, 37.498711699335665 ], [ 127.143934914687051, 37.498617932263684 ] ] ] }, { "type": "Polygon", "coordinates": [ [ [ 127.142857782154934, 37.498626794207745 ], [ 127.14277071022866, 37.498689337527132 ], [ 127.142767402318185, 37.498734301296281 ], [ 127.142874566370992, 37.498831931433742 ], [ 127.142991801198207, 37.49875277355472 ], [ 127.142857782154934, 37.498626794207745 ] ] ] }, { "type": "Polygon", "coordinates": [ [ [ 127.142932546869687, 37.498994312028941 ], [ 127.142736343324344, 37.498815518370591 ], [ 127.142641023041477, 37.4988819457445 ], [ 127.142645721668544, 37.499035109832967 ], [ 127.14290910209813, 37.499035335509681 ], [ 127.142932546869687, 37.498994312028941 ] ] ] }, { "type": "Polygon", "coordinates": [ [ [ 127.144255911441846, 37.498826216068082 ], [ 127.144009585106929, 37.498992567399164 ], [ 127.144009893283624, 37.499035724842223 ], [ 127.144198975271507, 37.499035857033576 ], [ 127.144363983455065, 37.498924474453055 ], [ 127.144255911441846, 37.498826216068082 ] ] ] }, { "type": "Polygon", "coordinates": [ [ [ 127.14337343847248, 37.499035589774081 ], [ 127.143374043196658, 37.498996575824755 ], [ 127.143246140482731, 37.49887626586915 ], [ 127.143091408714781, 37.498980786989705 ], [ 127.143087638771576, 37.499020525529367 ], [ 127.14312894389775, 37.49903552269582 ], [ 127.14337343847248, 37.499035589774081 ] ] ] }, { "type": "Polygon", "coordinates": [ [ [ 127.143880030755867, 37.499968594682926 ], [ 127.143999996192036, 37.500076299527755 ], [ 127.144042479099653, 37.500056065926948 ], [ 127.144027972696648, 37.499980219389634 ], [ 127.14406840950538, 37.499954492159134 ], [ 127.144072203466678, 37.499927637838432 ], [ 127.144016684588294, 37.499872113236144 ], [ 127.143880030755867, 37.499968594682926 ] ] ] }, { "type": "Polygon", "coordinates": [ [ [ 127.143864806740453, 37.500289098034095 ], [ 127.143776624531966, 37.500184237981806 ], [ 127.143711552789938, 37.500219815643739 ], [ 127.14362908352804, 37.500145672637139 ], [ 127.143479327974291, 37.500251449656062 ], [ 127.143561797205109, 37.500325592765904 ], [ 127.143676881020369, 37.500244364516639 ], [ 127.143753972588542, 37.50034509340481 ], [ 127.143864806740453, 37.500289098034095 ] ] ] }, { "type": "Polygon", "coordinates": [ [ [ 127.144135145161812, 37.500318324726081 ], [ 127.14399038089789, 37.500372469177954 ], [ 127.144035505871855, 37.500433232115206 ], [ 127.14420399375399, 37.500425280155596 ], [ 127.144135145161812, 37.500318324726081 ] ] ] }, { "type": "Polygon", "coordinates": [ [ [ 127.143833817783204, 37.500347339841184 ], [ 127.143638812839257, 37.500445963575707 ], [ 127.143747389156189, 37.500570801330255 ], [ 127.143939334031117, 37.500468577115505 ], [ 127.143833817783204, 37.500347339841184 ] ] ] }, { "type": "Polygon", "coordinates": [ [ [ 127.143301872163789, 37.500659995058513 ], [ 127.143126056496243, 37.500500819388705 ], [ 127.142977993652863, 37.500605422440486 ], [ 127.143153694631692, 37.500763787567223 ], [ 127.143301872163789, 37.500659995058513 ] ] ] }, { "type": "Polygon", "coordinates": [ [ [ 127.144392337252825, 37.500748240500933 ], [ 127.144540536545747, 37.500775361416281 ], [ 127.144556193775088, 37.500742726334352 ], [ 127.144547401334009, 37.500698407880357 ], [ 127.144487475686361, 37.500645321537057 ], [ 127.144405650860023, 37.500672630670444 ], [ 127.144392337252825, 37.500748240500933 ] ] ] }, { "type": "Polygon", "coordinates": [ [ [ 127.144097356042565, 37.500666065464365 ], [ 127.143953019683352, 37.500767241444649 ], [ 127.143975449919608, 37.500787486853078 ], [ 127.144103058270431, 37.500810128155265 ], [ 127.144135193176453, 37.50070034781568 ], [ 127.144097356042565, 37.500666065464365 ] ] ] }, { "type": "Polygon", "coordinates": [ [ [ 127.142827011585837, 37.50096149732552 ], [ 127.142998117072906, 37.500841730109826 ], [ 127.142842579432525, 37.500701000195072 ], [ 127.14273596452891, 37.500776270916958 ], [ 127.142827011585837, 37.50096149732552 ] ] ] }, { "type": "Polygon", "coordinates": [ [ [ 127.143857546137994, 37.500991975300302 ], [ 127.143894967272161, 37.500866691495347 ], [ 127.143883948994613, 37.500841116432291 ], [ 127.143850131946778, 37.500839445283574 ], [ 127.143694952821903, 37.500948292491302 ], [ 127.143709569082034, 37.50096287106642 ], [ 127.143857546137994, 37.500991975300302 ] ] ] }, { "type": "Polygon", "coordinates": [ [ [ 127.143851208005955, 37.501168037927236 ], [ 127.143868668012743, 37.501191262635587 ], [ 127.143977616795709, 37.501213746354026 ], [ 127.144044148335922, 37.50099382261913 ], [ 127.144183652409964, 37.501027441655602 ], [ 127.144215690317054, 37.500926130795825 ], [ 127.143939871056503, 37.500870421561338 ], [ 127.143851208005955, 37.501168037927236 ] ] ] }, { "type": "Polygon", "coordinates": [ [ [ 127.144312345267821, 37.501084859939709 ], [ 127.144361237702086, 37.500985781162996 ], [ 127.144250817940133, 37.500962758975781 ], [ 127.144218892126247, 37.501063529110276 ], [ 127.144312345267821, 37.501084859939709 ] ] ] }, { "type": "Polygon", "coordinates": [ [ [ 127.143701425450615, 37.501320126533884 ], [ 127.143771015438318, 37.501281209750843 ], [ 127.143799671905754, 37.501185489266284 ], [ 127.143650559148625, 37.501154043732981 ], [ 127.143621334490234, 37.501248413368685 ], [ 127.143701425450615, 37.501320126533884 ] ] ] }, { "type": "Polygon", "coordinates": [ [ [ 127.144093138701734, 37.50136245184062 ], [ 127.144126009628621, 37.501282763954336 ], [ 127.143981535296561, 37.501252394437799 ], [ 127.143937482679604, 37.501399220105441 ], [ 127.144093138701734, 37.50136245184062 ] ] ] }, { "type": "Polygon", "coordinates": [ [ [ 127.143957423685691, 37.50159732548898 ], [ 127.143710607547391, 37.501689434497486 ], [ 127.143779798466284, 37.50179765113355 ], [ 127.144047365892135, 37.501675153321798 ], [ 127.144010605623578, 37.501612668417806 ], [ 127.143957423685691, 37.50159732548898 ] ] ] }, { "type": "Polygon", "coordinates": [ [ [ 127.143647172795866, 37.501933050535676 ], [ 127.143729335330406, 37.501963675682511 ], [ 127.143939305892758, 37.502001895341579 ], [ 127.144021541635382, 37.50189241504355 ], [ 127.143993359668386, 37.50188073606369 ], [ 127.143814925357901, 37.501893384893066 ], [ 127.143647172795866, 37.501933050535676 ] ] ] }, { "type": "Polygon", "coordinates": [ [ [ 127.143383520157457, 37.502093204442154 ], [ 127.143491713302808, 37.502313278314773 ], [ 127.143567553213984, 37.502289581007645 ], [ 127.143519541849273, 37.502198007258507 ], [ 127.14355712297521, 37.502096870132824 ], [ 127.143441494666661, 37.502071240563424 ], [ 127.143383520157457, 37.502093204442154 ] ] ] }, { "type": "Polygon", "coordinates": [ [ [ 127.144436546373768, 37.502404941823109 ], [ 127.144340018845995, 37.502314147891887 ], [ 127.14430765913626, 37.502306078029505 ], [ 127.14422662672726, 37.50251304501527 ], [ 127.144388344891382, 37.502510957454227 ], [ 127.144436546373768, 37.502404941823109 ] ] ] }, { "type": "Polygon", "coordinates": [ [ [ 127.145629980467191, 37.487088223290158 ], [ 127.145262593426111, 37.48731103762924 ], [ 127.145088798654498, 37.487366480240382 ], [ 127.144972367761611, 37.487382569361706 ], [ 127.144642146009502, 37.487351885337134 ], [ 127.144564163418181, 37.487370450275691 ], [ 127.144503074312311, 37.487413231619911 ], [ 127.144469944706714, 37.4874724674074 ], [ 127.144448692086854, 37.487652873313912 ], [ 127.144358410026328, 37.48786300558244 ], [ 127.144161110116784, 37.488104982220918 ], [ 127.144319158939425, 37.488448793054104 ], [ 127.145742627246818, 37.488044857699478 ], [ 127.145841197464961, 37.48826575260464 ], [ 127.147070615742791, 37.487915107015517 ], [ 127.14687004385577, 37.487514318864029 ], [ 127.1467561719885, 37.487333628200567 ], [ 127.146698802116248, 37.48731108360834 ], [ 127.146295910643857, 37.487239588076626 ], [ 127.145972997753873, 37.48724647051516 ], [ 127.145766350203502, 37.487092561880466 ], [ 127.145629980467191, 37.487088223290158 ] ] ] }, { "type": "Polygon", "coordinates": [ [ [ 127.147129887824889, 37.491556288773737 ], [ 127.147460119253921, 37.49128550042245 ], [ 127.147469196477587, 37.491255035430633 ], [ 127.147373379222856, 37.491175090951444 ], [ 127.147001508156762, 37.491483943508705 ], [ 127.147129887824889, 37.491556288773737 ] ] ] }, { "type": "Polygon", "coordinates": [ [ [ 127.146668470453008, 37.491592102034275 ], [ 127.146876046921946, 37.491482052662029 ], [ 127.146795145013911, 37.491454824857776 ], [ 127.146829298677986, 37.491428113276008 ], [ 127.146775576415138, 37.491398914877919 ], [ 127.146476800405409, 37.491377459625909 ], [ 127.146668470453008, 37.491592102034275 ] ] ] }, { "type": "Polygon", "coordinates": [ [ [ 127.144869074143074, 37.491788583068171 ], [ 127.144711624078454, 37.491881937329687 ], [ 127.144799349791171, 37.491989049891345 ], [ 127.144834315493299, 37.492002162071813 ], [ 127.14498206661078, 37.491922154215921 ], [ 127.144869074143074, 37.491788583068171 ] ] ] }, { "type": "Polygon", "coordinates": [ [ [ 127.144538451423571, 37.491913591961669 ], [ 127.14446118596392, 37.491954951236018 ], [ 127.144450497458976, 37.491983165445262 ], [ 127.144454654563432, 37.492028480680439 ], [ 127.144477696180132, 37.492056365760028 ], [ 127.144663138096632, 37.491959581134147 ], [ 127.144653568631, 37.4919164258514 ], [ 127.144538451423571, 37.491913591961669 ] ] ] }, { "type": "Polygon", "coordinates": [ [ [ 127.145134037106331, 37.491967190738542 ], [ 127.145213675678519, 37.492066906606595 ], [ 127.14524069598194, 37.492052484781915 ], [ 127.145222241093137, 37.49192222273323 ], [ 127.145134037106331, 37.491967190738542 ] ] ] }, { "type": "Polygon", "coordinates": [ [ [ 127.144860490696985, 37.492030691995083 ], [ 127.144859758390581, 37.492061687258875 ], [ 127.144906454710863, 37.492118573749856 ], [ 127.144990274387993, 37.492075043828322 ], [ 127.144925228618462, 37.49199602407154 ], [ 127.144860490696985, 37.492030691995083 ] ] ] }, { "type": "Polygon", "coordinates": [ [ [ 127.147242990239832, 37.49213454581993 ], [ 127.147363631109542, 37.492128360263102 ], [ 127.14735563842035, 37.492030431510628 ], [ 127.147234997532436, 37.492036526959346 ], [ 127.147242990239832, 37.49213454581993 ] ] ] }, { "type": "Polygon", "coordinates": [ [ [ 127.145742899497264, 37.492038781281096 ], [ 127.145664926173438, 37.491958642452751 ], [ 127.14533680450063, 37.492102111999834 ], [ 127.145476620241936, 37.492223964051568 ], [ 127.14573705355275, 37.492085892659063 ], [ 127.145742899497264, 37.492038781281096 ] ] ] }, { "type": "Polygon", "coordinates": [ [ [ 127.147077703542237, 37.492150787358014 ], [ 127.146953897342854, 37.492157427018974 ], [ 127.146961658127395, 37.492252653084748 ], [ 127.147085464658005, 37.492246103515143 ], [ 127.147077703542237, 37.492150787358014 ] ] ] }, { "type": "Polygon", "coordinates": [ [ [ 127.145423899484243, 37.492239399325427 ], [ 127.145321770479597, 37.492169696234292 ], [ 127.145222707641651, 37.492224777722114 ], [ 127.145153778953102, 37.492143663487994 ], [ 127.145078907578892, 37.492183326375439 ], [ 127.145218874562872, 37.492348849979912 ], [ 127.145423899484243, 37.492239399325427 ] ] ] }, { "type": "Polygon", "coordinates": [ [ [ 127.147250982793508, 37.492232474578593 ], [ 127.147258862466771, 37.492330493574208 ], [ 127.147138221263035, 37.492336679024518 ], [ 127.147145053546154, 37.492419472430569 ], [ 127.147170417940032, 37.492437551247868 ], [ 127.147347821995197, 37.492430304616448 ], [ 127.147385411258838, 37.492396650943654 ], [ 127.147371510918575, 37.492226379252671 ], [ 127.147250982793508, 37.492232474578593 ] ] ] }, { "type": "Polygon", "coordinates": [ [ [ 127.144768837030696, 37.492472112591734 ], [ 127.144696996388362, 37.492387785057687 ], [ 127.14462220431831, 37.492427780928075 ], [ 127.144691116580304, 37.492512301265577 ], [ 127.144768837030696, 37.492472112591734 ] ] ] }, { "type": "Polygon", "coordinates": [ [ [ 127.144837402003915, 37.492552308468028 ], [ 127.144915571797085, 37.492510587454184 ], [ 127.144845992701619, 37.492432284951377 ], [ 127.144768837030696, 37.492472112591734 ], [ 127.144837402003915, 37.492552308468028 ] ] ] }, { "type": "Polygon", "coordinates": [ [ [ 127.144686371800105, 37.492633131008446 ], [ 127.144758328710594, 37.4925946612247 ], [ 127.144691116580304, 37.492512301265577 ], [ 127.14461576825984, 37.492551225616161 ], [ 127.144686371800105, 37.492633131008446 ] ] ] }, { "type": "Polygon", "coordinates": [ [ [ 127.144540419173865, 37.492589789519734 ], [ 127.14461576825984, 37.492551225616161 ], [ 127.144545051264288, 37.492469041007972 ], [ 127.144355263440502, 37.492570542921328 ], [ 127.144415036045686, 37.49271887421979 ], [ 127.144478069085267, 37.492744476442056 ], [ 127.144612494392234, 37.492672594173335 ], [ 127.144540419173865, 37.492589789519734 ] ] ] }, { "type": "Polygon", "coordinates": [ [ [ 127.146045360936412, 37.492880152163004 ], [ 127.146463150849655, 37.492863152063151 ], [ 127.146451608508826, 37.492683236691846 ], [ 127.146033819421206, 37.492700146649632 ], [ 127.146045360936412, 37.492880152163004 ] ] ] }, { "type": "Polygon", "coordinates": [ [ [ 127.144634597911974, 37.49293764135566 ], [ 127.144958540899452, 37.492924364216471 ], [ 127.144947001984818, 37.49274435859293 ], [ 127.144752749611314, 37.492752252746449 ], [ 127.14474913754276, 37.492696395176338 ], [ 127.144472489991756, 37.492843052502067 ], [ 127.144634597911974, 37.49293764135566 ] ] ] }, { "type": "Polygon", "coordinates": [ [ [ 127.147425039869276, 37.493004506140984 ], [ 127.147221741571855, 37.493012775924626 ], [ 127.14723990000077, 37.493337743899318 ], [ 127.147403059540409, 37.493331145451933 ], [ 127.147441102068086, 37.493297761506255 ], [ 127.147425039869276, 37.493004506140984 ] ] ] }, { "type": "Polygon", "coordinates": [ [ [ 127.147031683679032, 37.493201228871165 ], [ 127.147021383076975, 37.493020951638066 ], [ 127.146820911459471, 37.493029127150855 ], [ 127.146831437737191, 37.493209404124038 ], [ 127.147031683679032, 37.493201228871165 ] ] ] }, { "type": "Polygon", "coordinates": [ [ [ 127.146622135790579, 37.493037210140749 ], [ 127.146056902508434, 37.493060157669625 ], [ 127.146068331580011, 37.493240433606907 ], [ 127.146449036653536, 37.493224920521811 ], [ 127.146459379868858, 37.493369428084719 ], [ 127.146641535315752, 37.493362086584042 ], [ 127.146622135790579, 37.493037210140749 ] ] ] }, { "type": "Polygon", "coordinates": [ [ [ 127.145313417649646, 37.493416148642829 ], [ 127.145554482509255, 37.493406304407358 ], [ 127.145533504588798, 37.49308142970807 ], [ 127.145292327692303, 37.49309127403675 ], [ 127.145313417649646, 37.493416148642829 ] ] ] }, { "type": "Polygon", "coordinates": [ [ [ 127.145957856617116, 37.493652865887817 ], [ 127.145904736644084, 37.493608241266145 ], [ 127.145896092200957, 37.49346454248289 ], [ 127.145572938258752, 37.493477641031411 ], [ 127.14558180841496, 37.493621429663214 ], [ 127.145610188926753, 37.493620223754661 ], [ 127.145619285503116, 37.493764102203805 ], [ 127.145819985380157, 37.493755928450362 ], [ 127.145957856617116, 37.493652865887817 ] ] ] }, { "type": "Polygon", "coordinates": [ [ [ 127.145309146114712, 37.493488413966375 ], [ 127.145277895198092, 37.493525933557201 ], [ 127.145325704430689, 37.4936318328607 ], [ 127.145454378365017, 37.493626630573644 ], [ 127.145445282295356, 37.493482842207428 ], [ 127.145309146114712, 37.493488413966375 ] ] ] }, { "type": "Polygon", "coordinates": [ [ [ 127.144805961446053, 37.493674360805898 ], [ 127.144921451817325, 37.493930104401514 ], [ 127.145155510816153, 37.493862965946782 ], [ 127.145040019924053, 37.493607312678144 ], [ 127.144805961446053, 37.493674360805898 ] ] ] }, { "type": "Polygon", "coordinates": [ [ [ 127.144979140931881, 37.494058066320534 ], [ 127.145356507544761, 37.494893914673739 ], [ 127.145554682920334, 37.494747260920242 ], [ 127.145434646733236, 37.494481522431833 ], [ 127.145592645560527, 37.494436009617338 ], [ 127.145374605445639, 37.493953159674561 ], [ 127.144979140931881, 37.494058066320534 ] ] ] }, { "type": "Polygon", "coordinates": [ [ [ 127.145010416738913, 37.494925897514342 ], [ 127.144911687609039, 37.494731680941598 ], [ 127.144831637912475, 37.49471990290661 ], [ 127.144815427888986, 37.494752502687952 ], [ 127.144717439657953, 37.494720897326737 ], [ 127.144695179138424, 37.494782786888173 ], [ 127.14470877467312, 37.494849633536532 ], [ 127.144730145786156, 37.49484902198364 ], [ 127.144732444493215, 37.494903980126963 ], [ 127.144863988208513, 37.49494365375562 ], [ 127.144921051400232, 37.494915401262837 ], [ 127.145010416738913, 37.494925897514342 ] ] ] }, { "type": "Polygon", "coordinates": [ [ [ 127.145672868931314, 37.49510895790489 ], [ 127.145512978301156, 37.494876605092379 ], [ 127.145389781895389, 37.4949677560626 ], [ 127.145568303999724, 37.495362806702332 ], [ 127.145801575659902, 37.495295848140529 ], [ 127.145750773180197, 37.49522202827221 ], [ 127.145911506559386, 37.495127767662694 ], [ 127.145816207133066, 37.495024809833609 ], [ 127.145672868931314, 37.49510895790489 ] ] ] }, { "type": "Polygon", "coordinates": [ [ [ 127.14474530356236, 37.495272049584933 ], [ 127.144751899931777, 37.495244389935031 ], [ 127.144598963057192, 37.495105154696368 ], [ 127.14450773492203, 37.495167515152538 ], [ 127.144674677733192, 37.495321996456923 ], [ 127.14474530356236, 37.495272049584933 ] ] ] }, { "type": "Polygon", "coordinates": [ [ [ 127.144456018317925, 37.495627970085998 ], [ 127.144555179413587, 37.49572256305914 ], [ 127.144658522956846, 37.49564435734581 ], [ 127.144530108229517, 37.495526400935546 ], [ 127.144467510654295, 37.495570319291822 ], [ 127.144456018317925, 37.495627970085998 ] ] ] }, { "type": "Polygon", "coordinates": [ [ [ 127.145424693452341, 37.497356450159522 ], [ 127.145346567164168, 37.497435130383259 ], [ 127.145579063342581, 37.497608586636524 ], [ 127.145641224502853, 37.497554757255337 ], [ 127.14560081595954, 37.497494178358949 ], [ 127.145549926201255, 37.497452136754674 ], [ 127.145862313688056, 37.497200584155401 ], [ 127.145702381355719, 37.497060935474039 ], [ 127.145536945984404, 37.497194025528508 ], [ 127.145645533660343, 37.497278514883845 ], [ 127.145489990000442, 37.497404348772697 ], [ 127.145424693452341, 37.497356450159522 ] ] ] }, { "type": "Polygon", "coordinates": [ [ [ 127.145648993454728, 37.497401776262464 ], [ 127.145712372599149, 37.497452199887022 ], [ 127.145860559499056, 37.497335006260379 ], [ 127.145796166815458, 37.497280898868333 ], [ 127.145648993454728, 37.497401776262464 ] ] ] }, { "type": "Polygon", "coordinates": [ [ [ 127.145276743489717, 37.49764482364327 ], [ 127.145412673544115, 37.497728279823299 ], [ 127.145489304663258, 37.497671765942613 ], [ 127.145422862716089, 37.497628193519034 ], [ 127.14548877303082, 37.497559772486795 ], [ 127.145410602226377, 37.497497446550462 ], [ 127.145325958468717, 37.49745629289454 ], [ 127.145255964776368, 37.497530115785978 ], [ 127.145179210468399, 37.497486916169613 ], [ 127.145100933661794, 37.497569876155097 ], [ 127.145276743489717, 37.49764482364327 ] ] ] }, { "type": "Polygon", "coordinates": [ [ [ 127.145698587943315, 37.497611215903824 ], [ 127.145586646222512, 37.497688333769403 ], [ 127.145610736518506, 37.497689980246903 ], [ 127.145685416912244, 37.497742390315466 ], [ 127.145642604772902, 37.49779046576559 ], [ 127.145722369930425, 37.497846572709975 ], [ 127.145750868190603, 37.497846961390586 ], [ 127.145835553042346, 37.497773958193335 ], [ 127.14576057667945, 37.497685328445563 ], [ 127.145902164316439, 37.497599848962551 ], [ 127.146145892342531, 37.497498053372105 ], [ 127.146062345528463, 37.497386711122438 ], [ 127.145722233704134, 37.497611051894324 ], [ 127.145698587943315, 37.497611215903824 ] ] ] }, { "type": "Polygon", "coordinates": [ [ [ 127.145133551776723, 37.497920595187068 ], [ 127.145225239388111, 37.49784868313273 ], [ 127.145150540031324, 37.497809877872882 ], [ 127.145127577263651, 37.497818321112995 ], [ 127.145263715646152, 37.497662291834608 ], [ 127.145084337446931, 37.497584123089268 ], [ 127.144936909646987, 37.497756176610331 ], [ 127.144897816526196, 37.497774153929498 ], [ 127.145133551776723, 37.497920595187068 ] ] ] }, { "type": "Polygon", "coordinates": [ [ [ 127.144650564021873, 37.497636357716161 ], [ 127.144509109638022, 37.497578991248339 ], [ 127.144456517070125, 37.497657829184035 ], [ 127.144600845071238, 37.497715795902657 ], [ 127.144650564021873, 37.497636357716161 ] ] ] }, { "type": "Polygon", "coordinates": [ [ [ 127.147026857321464, 37.497830350037205 ], [ 127.147042475240809, 37.497824951840087 ], [ 127.147058098809907, 37.497898219801385 ], [ 127.147084564633957, 37.497894366961738 ], [ 127.147089738068189, 37.497914642060337 ], [ 127.147375345301683, 37.497867392830308 ], [ 127.147370276899466, 37.497848829511369 ], [ 127.147454214338964, 37.497834210772375 ], [ 127.147458028217628, 37.497853136036845 ], [ 127.147550330817751, 37.49783690311871 ], [ 127.147544359781591, 37.497819413110946 ], [ 127.147529541996974, 37.497823368788104 ], [ 127.147515497423839, 37.497753982240319 ], [ 127.147656090124784, 37.497727607381542 ], [ 127.147568308788479, 37.497667168840586 ], [ 127.147542048200165, 37.497596328767884 ], [ 127.147535942032746, 37.497503614568643 ], [ 127.147505648038816, 37.497498543345728 ], [ 127.147355663130611, 37.497527371326314 ], [ 127.147287364771927, 37.497576442899685 ], [ 127.147353312596309, 37.49776664336207 ], [ 127.147183311363335, 37.4977898375599 ], [ 127.147144782617858, 37.497678882057428 ], [ 127.147009133844492, 37.497776338992338 ], [ 127.147026857321464, 37.497830350037205 ] ] ] }, { "type": "Polygon", "coordinates": [ [ [ 127.144747136695528, 37.497919550613517 ], [ 127.144917919584572, 37.498073945750697 ], [ 127.145058851595962, 37.497969997611854 ], [ 127.1448913608547, 37.497887327162317 ], [ 127.144947085687576, 37.497826279952001 ], [ 127.144866844497713, 37.497781129201641 ], [ 127.144811854904063, 37.497824533934306 ], [ 127.144800559641297, 37.497772289726633 ], [ 127.144755490102028, 37.497704508208322 ], [ 127.144591902469131, 37.497977889145666 ], [ 127.144695112666085, 37.498011857887185 ], [ 127.144747136695528, 37.497919550613517 ] ] ] }, { "type": "Polygon", "coordinates": [ [ [ 127.144617040818133, 37.49787091019153 ], [ 127.144687616935798, 37.497775877473948 ], [ 127.144593470670415, 37.497738852373054 ], [ 127.144524363491726, 37.497833315627986 ], [ 127.144617040818133, 37.49787091019153 ] ] ] }, { "type": "Polygon", "coordinates": [ [ [ 127.145598194791617, 37.497854490819932 ], [ 127.145493187521097, 37.497809352676605 ], [ 127.145441923748493, 37.497902488272054 ], [ 127.145550376058594, 37.497927791286003 ], [ 127.145598194791617, 37.497854490819932 ] ] ] }, { "type": "Polygon", "coordinates": [ [ [ 127.145707430373022, 37.497857826394196 ], [ 127.145640473093067, 37.497952278665061 ], [ 127.145776798087496, 37.497999513805276 ], [ 127.14583668290885, 37.497949741596905 ], [ 127.145707430373022, 37.497857826394196 ] ] ] }, { "type": "Polygon", "coordinates": [ [ [ 127.146019886655409, 37.497858534841981 ], [ 127.145914640716541, 37.497918633975949 ], [ 127.146024177784597, 37.498037296678703 ], [ 127.14615192576349, 37.497981990243652 ], [ 127.146019886655409, 37.497858534841981 ] ] ] }, { "type": "Polygon", "coordinates": [ [ [ 127.147364386985359, 37.49821029929582 ], [ 127.147285836128489, 37.498261951364675 ], [ 127.14733395264571, 37.498307671710066 ], [ 127.147391282895072, 37.498311231959207 ], [ 127.147512736936804, 37.498229703766306 ], [ 127.147304231867992, 37.498027533952602 ], [ 127.147192926830556, 37.498053475842873 ], [ 127.147364386985359, 37.49821029929582 ] ] ] }, { "type": "Polygon", "coordinates": [ [ [ 127.144593396700756, 37.498221706500978 ], [ 127.144638214374694, 37.498110018520883 ], [ 127.144539981048084, 37.498076683414219 ], [ 127.144458503549799, 37.49820167841429 ], [ 127.144541859723489, 37.498279054377868 ], [ 127.144622147350731, 37.498283173824916 ], [ 127.144660408855074, 37.498255908313055 ], [ 127.144593396700756, 37.498221706500978 ] ] ] }, { "type": "Polygon", "coordinates": [ [ [ 127.146873086875758, 37.498251990312369 ], [ 127.14690787168901, 37.498280932625207 ], [ 127.147054558852119, 37.498183561326321 ], [ 127.146972255982377, 37.498108294175736 ], [ 127.14683142570054, 37.498158454867841 ], [ 127.146873086875758, 37.498251990312369 ] ] ] }, { "type": "Polygon", "coordinates": [ [ [ 127.145859621631828, 37.498345990660951 ], [ 127.145916462034535, 37.498306601634972 ], [ 127.145699073134637, 37.498110638714103 ], [ 127.145645411178279, 37.498156276687666 ], [ 127.145859621631828, 37.498345990660951 ] ] ] }, { "type": "Polygon", "coordinates": [ [ [ 127.145309771630863, 37.498350499427168 ], [ 127.145250758885382, 37.498300998310867 ], [ 127.145210166209807, 37.498327329810628 ], [ 127.145257875764187, 37.498379664824647 ], [ 127.145309771630863, 37.498350499427168 ] ] ] }, { "type": "Polygon", "coordinates": [ [ [ 127.147244662150257, 37.498361211082191 ], [ 127.147127982531728, 37.498251919695505 ], [ 127.147014453934233, 37.498326878465022 ], [ 127.147165596630046, 37.498462418610075 ], [ 127.147247317458266, 37.498406627130386 ], [ 127.147244662150257, 37.498361211082191 ] ] ] }, { "type": "Polygon", "coordinates": [ [ [ 127.144664680894323, 37.498331559966196 ], [ 127.144659617028154, 37.498380211000814 ], [ 127.144708306887267, 37.498424949633133 ], [ 127.144810131805784, 37.498360927374321 ], [ 127.144720032498597, 37.4982998318049 ], [ 127.144664680894323, 37.498331559966196 ] ] ] }, { "type": "Polygon", "coordinates": [ [ [ 127.144869602882864, 37.498425519875887 ], [ 127.144770423076039, 37.498483060800211 ], [ 127.14487477180856, 37.498585711099757 ], [ 127.144896336934892, 37.498478997722778 ], [ 127.144869602882864, 37.498425519875887 ] ] ] }, { "type": "Polygon", "coordinates": [ [ [ 127.147262668333482, 37.498653634887212 ], [ 127.147306880181958, 37.498703414549418 ], [ 127.147342568838269, 37.498621226493555 ], [ 127.147329031362887, 37.498609070716178 ], [ 127.147262668333482, 37.498653634887212 ] ] ] }, { "type": "Polygon", "coordinates": [ [ [ 127.144589427089244, 37.49860092347587 ], [ 127.144467224744773, 37.498683422645108 ], [ 127.144573377278874, 37.498783214860424 ], [ 127.144662487833287, 37.498723010339951 ], [ 127.144589427089244, 37.49860092347587 ] ] ] }, { "type": "Polygon", "coordinates": [ [ [ 127.147179924948901, 37.498747855210787 ], [ 127.147091488927671, 37.498618553838099 ], [ 127.147048716873442, 37.498646285200493 ], [ 127.147106961540601, 37.498777056401607 ], [ 127.147179924948901, 37.498747855210787 ] ] ] }, { "type": "Polygon", "coordinates": [ [ [ 127.145781880520062, 37.498636954893193 ], [ 127.14541653095057, 37.498889950272009 ], [ 127.145628770549777, 37.498936002875602 ], [ 127.145659686355884, 37.498840729647398 ], [ 127.145773724098248, 37.498864737208748 ], [ 127.145783173457957, 37.498838776921261 ], [ 127.145939927574574, 37.498788219598438 ], [ 127.145781880520062, 37.498636954893193 ] ] ] }, { "type": "Polygon", "coordinates": [ [ [ 127.146715659095804, 37.49870717000821 ], [ 127.146503173901635, 37.498768068148095 ], [ 127.146593012604782, 37.498968159665267 ], [ 127.146778241253429, 37.498847288401038 ], [ 127.146715659095804, 37.49870717000821 ] ] ] }, { "type": "Polygon", "coordinates": [ [ [ 127.145587259461806, 37.499226084823448 ], [ 127.14573021072502, 37.499289430781531 ], [ 127.145830518873865, 37.499171637932918 ], [ 127.145650292686256, 37.49907220754902 ], [ 127.145494513313963, 37.499041853659946 ], [ 127.145527247892147, 37.498951353541941 ], [ 127.145375422016315, 37.498918471880671 ], [ 127.145137463372478, 37.499083283672555 ], [ 127.145587259461806, 37.499226084823448 ] ] ] }, { "type": "Polygon", "coordinates": [ [ [ 127.147046063930418, 37.4994470235753 ], [ 127.146833010426576, 37.4995073824035 ], [ 127.1468968430313, 37.499650382369452 ], [ 127.147109896889262, 37.499590023426869 ], [ 127.147046063930418, 37.4994470235753 ] ] ] }, { "type": "Polygon", "coordinates": [ [ [ 127.14652190486494, 37.499506953763806 ], [ 127.146416056681076, 37.499566549509439 ], [ 127.146475913745718, 37.49970090499626 ], [ 127.146635959026142, 37.499655658606642 ], [ 127.146575761054322, 37.499520582820161 ], [ 127.14652190486494, 37.499506953763806 ] ] ] }, { "type": "Polygon", "coordinates": [ [ [ 127.14450018039372, 37.499775933160436 ], [ 127.144483239864655, 37.499787846836973 ], [ 127.144783837684145, 37.500088596244233 ], [ 127.144907616931675, 37.500001770061068 ], [ 127.14491262010884, 37.499956894284871 ], [ 127.144491695413805, 37.499536908628947 ], [ 127.144356397969574, 37.49963239789178 ], [ 127.14450018039372, 37.499775933160436 ] ] ] }, { "type": "Polygon", "coordinates": [ [ [ 127.146977692496151, 37.500112404754546 ], [ 127.147302191652258, 37.500020463367171 ], [ 127.147173275465548, 37.499731852502961 ], [ 127.146960108168372, 37.499792211698328 ], [ 127.147023486633756, 37.499934040850093 ], [ 127.146874630974963, 37.499976300702301 ], [ 127.146926652014741, 37.500093096130023 ], [ 127.146977692496151, 37.500112404754546 ] ] ] }, { "type": "Polygon", "coordinates": [ [ [ 127.14666685375802, 37.500075846149272 ], [ 127.146805537537162, 37.500036572362667 ], [ 127.146748746255341, 37.499909060867708 ], [ 127.146609949419272, 37.499948244627355 ], [ 127.14666685375802, 37.500075846149272 ] ] ] }, { "type": "Polygon", "coordinates": [ [ [ 127.147478359313808, 37.500414612669061 ], [ 127.147332631432917, 37.500088361051688 ], [ 127.147028590045906, 37.500174601038495 ], [ 127.147004241917031, 37.500215356135314 ], [ 127.147051832576949, 37.500321705382035 ], [ 127.14719074260978, 37.500282340766148 ], [ 127.147275476000274, 37.500472166627887 ], [ 127.147478359313808, 37.500414612669061 ] ] ] }, { "type": "Polygon", "coordinates": [ [ [ 127.147084290926969, 37.500555654565517 ], [ 127.147044536610508, 37.500466504744686 ], [ 127.146853294541117, 37.500520709945334 ], [ 127.146918932124578, 37.500602619992847 ], [ 127.147084290926969, 37.500555654565517 ] ] ] }, { "type": "Polygon", "coordinates": [ [ [ 127.144586720177315, 37.500679349213833 ], [ 127.144603923378952, 37.500745731928241 ], [ 127.14456584230669, 37.500820831173506 ], [ 127.144661911348464, 37.500909282905667 ], [ 127.144776083432575, 37.50082454080669 ], [ 127.144841341346549, 37.500886360212675 ], [ 127.144949966544033, 37.50080478717755 ], [ 127.144780471716615, 37.500635325915916 ], [ 127.144730885561742, 37.500666830865818 ], [ 127.144586720177315, 37.500679349213833 ] ] ] }, { "type": "Polygon", "coordinates": [ [ [ 127.145590846950512, 37.500916803274656 ], [ 127.145377242186711, 37.500751550259388 ], [ 127.14527368093664, 37.500825648252913 ], [ 127.145380506960421, 37.500920663594627 ], [ 127.145285977640228, 37.50098691191625 ], [ 127.145392004846627, 37.50107805392598 ], [ 127.145514514856458, 37.501095384023024 ], [ 127.145533023816881, 37.501016794445157 ], [ 127.145498924423649, 37.500985931780775 ], [ 127.145590846950512, 37.500916803274656 ] ] ] }, { "type": "Polygon", "coordinates": [ [ [ 127.144952466909288, 37.500982722221494 ], [ 127.144841341346549, 37.500886360212675 ], [ 127.144762183714064, 37.500948354776042 ], [ 127.144870023975528, 37.501041747551781 ], [ 127.144952466909288, 37.500982722221494 ] ] ] }, { "type": "Polygon", "coordinates": [ [ [ 127.146503112059889, 37.501134269306654 ], [ 127.146492427848443, 37.500989492058956 ], [ 127.146593355328022, 37.500898998072437 ], [ 127.146536270300047, 37.50085365786525 ], [ 127.146483538830353, 37.500837324420914 ], [ 127.145957297706843, 37.500878423797232 ], [ 127.145919477209119, 37.500911987153984 ], [ 127.145922156632452, 37.501128854071709 ], [ 127.145963493857366, 37.501159617663831 ], [ 127.146503112059889, 37.501134269306654 ] ] ] }, { "type": "Polygon", "coordinates": [ [ [ 127.144844726274727, 37.501059798203983 ], [ 127.144732581378619, 37.50096262643266 ], [ 127.144637264445208, 37.501031307884382 ], [ 127.14475019905835, 37.501127487689942 ], [ 127.144844726274727, 37.501059798203983 ] ] ] }, { "type": "Polygon", "coordinates": [ [ [ 127.145205498231093, 37.50112621400288 ], [ 127.145054699430275, 37.50098223765503 ], [ 127.144971917825046, 37.501041533767193 ], [ 127.145094950502937, 37.501154729840202 ], [ 127.145205498231093, 37.50112621400288 ] ] ] }, { "type": "Polygon", "coordinates": [ [ [ 127.147045357755076, 37.501180995077277 ], [ 127.14693284304046, 37.501186269311951 ], [ 127.146885045224053, 37.501323279808965 ], [ 127.147027483831479, 37.501352927482444 ], [ 127.14708025842333, 37.501216451395443 ], [ 127.147045357755076, 37.501180995077277 ] ] ] }, { "type": "Polygon", "coordinates": [ [ [ 127.146699663816008, 37.501309902705664 ], [ 127.146739702193003, 37.50119533666836 ], [ 127.146537514956108, 37.501204865313149 ], [ 127.146598971720891, 37.501364455684453 ], [ 127.146706051825674, 37.501338276287065 ], [ 127.146699663816008, 37.501309902705664 ] ] ] }, { "type": "Polygon", "coordinates": [ [ [ 127.147146103328069, 37.501229975314558 ], [ 127.147091641061408, 37.501370868399533 ], [ 127.147252974876523, 37.501405087604745 ], [ 127.147295633791003, 37.501242765263235 ], [ 127.147197182813798, 37.501210721083808 ], [ 127.147146103328069, 37.501229975314558 ] ] ] }, { "type": "Polygon", "coordinates": [ [ [ 127.1448072738077, 37.502114821980115 ], [ 127.144966974599072, 37.502063631697673 ], [ 127.144881490201229, 37.501952101845575 ], [ 127.144737057956632, 37.502003814102643 ], [ 127.1448072738077, 37.502114821980115 ] ] ] }, { "type": "Polygon", "coordinates": [ [ [ 127.148233681689604, 37.49047124620887 ], [ 127.148037225811976, 37.490621416314397 ], [ 127.148170196962639, 37.490723262498115 ], [ 127.148353995450933, 37.490576639823324 ], [ 127.148284047619711, 37.490524621934107 ], [ 127.148551292488364, 37.490319492472935 ], [ 127.148412184233408, 37.490207427996673 ], [ 127.148350763627022, 37.490265762973578 ], [ 127.148233681689604, 37.49047124620887 ] ] ] }, { "type": "Polygon", "coordinates": [ [ [ 127.148411175559474, 37.490587362719651 ], [ 127.148352435230009, 37.490634512958195 ], [ 127.148450612610105, 37.490712678746455 ], [ 127.148390990880003, 37.49076016346914 ], [ 127.148492315882919, 37.490834568140379 ], [ 127.148672884894609, 37.490690399708427 ], [ 127.148571987753314, 37.49061505761825 ], [ 127.14851069714534, 37.490664824007816 ], [ 127.148411175559474, 37.490587362719651 ] ] ] }, { "type": "Polygon", "coordinates": [ [ [ 127.147596592976953, 37.491037322673115 ], [ 127.147685215496793, 37.491109815599252 ], [ 127.148022886962224, 37.49084670197832 ], [ 127.14802068231171, 37.490806330927292 ], [ 127.147921500563584, 37.490734815403279 ], [ 127.147655798761036, 37.49095588920931 ], [ 127.147693215595652, 37.49100828108871 ], [ 127.147596592976953, 37.491037322673115 ] ] ] }, { "type": "Polygon", "coordinates": [ [ [ 127.148116918392574, 37.490973184770816 ], [ 127.148174872350737, 37.490928459316272 ], [ 127.148093539087242, 37.490865589396499 ], [ 127.148056103812166, 37.490867536941579 ], [ 127.148018225396427, 37.490897334916603 ], [ 127.148116918392574, 37.490973184770816 ] ] ] }, { "type": "Polygon", "coordinates": [ [ [ 127.147735642399255, 37.49140328978919 ], [ 127.147771155124346, 37.491401065415708 ], [ 127.147854568758277, 37.491341937662639 ], [ 127.147753800802093, 37.491263288054441 ], [ 127.148057456819416, 37.491021831413939 ], [ 127.147956061861677, 37.490946255159471 ], [ 127.147582977253094, 37.491239812090598 ], [ 127.147578506972522, 37.491284317976174 ], [ 127.147735642399255, 37.49140328978919 ] ] ] }, { "type": "Polygon", "coordinates": [ [ [ 127.148220080529015, 37.491050299401451 ], [ 127.148117801660831, 37.490973841404411 ], [ 127.148057456819416, 37.491021831413939 ], [ 127.148159984386211, 37.49109825311394 ], [ 127.148220080529015, 37.491050299401451 ] ] ] }, { "type": "Polygon", "coordinates": [ [ [ 127.148370315853555, 37.49115616940113 ], [ 127.148314853848845, 37.491197341916148 ], [ 127.148204653041304, 37.491117623211231 ], [ 127.148089119180042, 37.49120770435367 ], [ 127.148312005251015, 37.491365372826941 ], [ 127.14848545074635, 37.491237809951969 ], [ 127.148370315853555, 37.49115616940113 ] ] ] }, { "type": "Polygon", "coordinates": [ [ [ 127.148723180982074, 37.491566513904772 ], [ 127.148810074766146, 37.491523635170971 ], [ 127.148698287198869, 37.491384912463133 ], [ 127.148611303103721, 37.491427818258089 ], [ 127.148723180982074, 37.491566513904772 ] ] ] }, { "type": "Polygon", "coordinates": [ [ [ 127.14802969440538, 37.491414242063129 ], [ 127.147968904729623, 37.491460475627107 ], [ 127.148072175755246, 37.491540968992545 ], [ 127.148137181229373, 37.491493748055177 ], [ 127.14802969440538, 37.491414242063129 ] ] ] }, { "type": "Polygon", "coordinates": [ [ [ 127.147399280549195, 37.491393866671082 ], [ 127.14727604343841, 37.49149486762861 ], [ 127.147378949429992, 37.491568262175733 ], [ 127.147500276142779, 37.491467569812386 ], [ 127.147399280549195, 37.491393866671082 ] ] ] }, { "type": "Polygon", "coordinates": [ [ [ 127.148224603626048, 37.491553357769192 ], [ 127.148289655459678, 37.491466303509995 ], [ 127.148272844168332, 37.491444754468723 ], [ 127.148187597661504, 37.491509020487463 ], [ 127.148224603626048, 37.491553357769192 ] ] ] }, { "type": "Polygon", "coordinates": [ [ [ 127.147690576068001, 37.491800767344522 ], [ 127.147938528783286, 37.491649696104339 ], [ 127.147948418555742, 37.491606904400079 ], [ 127.14786402777834, 37.491547822316605 ], [ 127.147731181601287, 37.491638257916001 ], [ 127.147639693403164, 37.491563615187225 ], [ 127.147565220484537, 37.491621109936347 ], [ 127.147662855003631, 37.491687374835827 ], [ 127.147603975957821, 37.491727848461345 ], [ 127.147690576068001, 37.491800767344522 ] ] ] }, { "type": "Polygon", "coordinates": [ [ [ 127.148348203900255, 37.491557619124642 ], [ 127.148258406569369, 37.491601933713952 ], [ 127.148370397080058, 37.491740602521041 ], [ 127.148460092847898, 37.491696342033862 ], [ 127.148348203900255, 37.491557619124642 ] ] ] }, { "type": "Polygon", "coordinates": [ [ [ 127.147607187099212, 37.491843857159992 ], [ 127.147529422849757, 37.491779099360471 ], [ 127.147585128771922, 37.491740801103745 ], [ 127.1474962008418, 37.491674399243571 ], [ 127.147427316599291, 37.491727589232937 ], [ 127.147467980270548, 37.491821342044368 ], [ 127.14747889016607, 37.491901688692856 ], [ 127.147501738385259, 37.491910985806257 ], [ 127.147607187099212, 37.491843857159992 ] ] ] }, { "type": "Polygon", "coordinates": [ [ [ 127.148715670836722, 37.492020771059636 ], [ 127.148896541540367, 37.491931085362523 ], [ 127.148781081007343, 37.491799539279214 ], [ 127.148863320671836, 37.491758891776925 ], [ 127.148754861614009, 37.491616714150119 ], [ 127.14857829405139, 37.49170352009078 ], [ 127.148690481758862, 37.491844341734271 ], [ 127.148604288130073, 37.491886976236735 ], [ 127.148715670836722, 37.492020771059636 ] ] ] }, { "type": "Polygon", "coordinates": [ [ [ 127.148430092946569, 37.491973058199719 ], [ 127.148604288130073, 37.491886976236735 ], [ 127.148491625548402, 37.491746128073089 ], [ 127.148312685053796, 37.491834098856359 ], [ 127.148430092946569, 37.491973058199719 ] ] ] }, { "type": "Polygon", "coordinates": [ [ [ 127.147817282300537, 37.491889935584567 ], [ 127.14790427406831, 37.491850454164499 ], [ 127.147872525932769, 37.49180598413178 ], [ 127.147782018477002, 37.491840153985351 ], [ 127.147817282300537, 37.491889935584567 ] ] ] }, { "type": "Polygon", "coordinates": [ [ [ 127.147793463621682, 37.492026646664875 ], [ 127.147882548828193, 37.491982063013872 ], [ 127.147828133595098, 37.491905257154848 ], [ 127.147736619311004, 37.491950870910742 ], [ 127.147793463621682, 37.492026646664875 ] ] ] }, { "type": "Polygon", "coordinates": [ [ [ 127.14854269609647, 37.492106545326578 ], [ 127.148430092946569, 37.491973058199719 ], [ 127.148345457904782, 37.492014888685269 ], [ 127.148440578639168, 37.492130720028577 ], [ 127.148480055919876, 37.492137608624034 ], [ 127.14854269609647, 37.492106545326578 ] ] ] }, { "type": "Polygon", "coordinates": [ [ [ 127.148121237122268, 37.4921241790205 ], [ 127.148008008651374, 37.49198279050357 ], [ 127.147916607757921, 37.492028557427524 ], [ 127.148029507553119, 37.492169613068903 ], [ 127.148121237122268, 37.4921241790205 ] ] ] }, { "type": "Polygon", "coordinates": [ [ [ 127.148385094608429, 37.492149439696895 ], [ 127.148294980706737, 37.492038098075504 ], [ 127.148206753369095, 37.492081816012515 ], [ 127.148316144359001, 37.492220803436361 ], [ 127.148372853763036, 37.492192612775632 ], [ 127.148385094608429, 37.492149439696895 ] ] ] }, { "type": "Polygon", "coordinates": [ [ [ 127.148711568813368, 37.49221804995198 ], [ 127.148772903491704, 37.492293837656007 ], [ 127.148958955063705, 37.492199090804021 ], [ 127.149050845928457, 37.492304924590897 ], [ 127.14912990000316, 37.492265686442806 ], [ 127.14907846764153, 37.492199932698227 ], [ 127.149095751517066, 37.492191351617691 ], [ 127.149104752451478, 37.492202855144285 ], [ 127.14917915412137, 37.492161172056356 ], [ 127.148991685544857, 37.491949094745813 ], [ 127.148900984863161, 37.491994095707618 ], [ 127.149022566479189, 37.492127228795674 ], [ 127.148935823722354, 37.492172450091388 ], [ 127.148817062088412, 37.49203574544228 ], [ 127.148519270433354, 37.492183510799727 ], [ 127.148511188599386, 37.492213974628733 ], [ 127.148572537703672, 37.492285689902616 ], [ 127.148711568813368, 37.49221804995198 ] ] ] }, { "type": "Polygon", "coordinates": [ [ [ 127.147659496385714, 37.49215736724102 ], [ 127.147567089614526, 37.492203612667389 ], [ 127.147683600084235, 37.492340870965343 ], [ 127.147768551969264, 37.492298779273611 ], [ 127.147659496385714, 37.49215736724102 ] ] ] }, { "type": "Polygon", "coordinates": [ [ [ 127.147951672751148, 37.492208092131229 ], [ 127.14785949119711, 37.492253796907114 ], [ 127.147970916441324, 37.492392403707484 ], [ 127.148062996204885, 37.49234663590196 ], [ 127.147951672751148, 37.492208092131229 ] ] ] }, { "type": "Polygon", "coordinates": [ [ [ 127.148117244831383, 37.492575125065173 ], [ 127.148209774711646, 37.49252816726915 ], [ 127.148100764809229, 37.492393368927786 ], [ 127.148014095079716, 37.492435895467267 ], [ 127.148117244831383, 37.492575125065173 ] ] ] }, { "type": "Polygon", "coordinates": [ [ [ 127.14851042343517, 37.492573654458063 ], [ 127.148595046169305, 37.492531040003897 ], [ 127.148472531439467, 37.49239485325834 ], [ 127.148388146638524, 37.492437665549716 ], [ 127.14851042343517, 37.492573654458063 ] ] ] }, { "type": "Polygon", "coordinates": [ [ [ 127.147943323665061, 37.492681036953634 ], [ 127.147949389384891, 37.492660306455377 ], [ 127.148032870949649, 37.492617946098257 ], [ 127.147930035923537, 37.492477697908541 ], [ 127.1477637441551, 37.492558723492436 ], [ 127.147839492160955, 37.492667560504202 ], [ 127.147943323665061, 37.492681036953634 ] ] ] }, { "type": "Polygon", "coordinates": [ [ [ 127.148486221301212, 37.492629546514543 ], [ 127.148329163170018, 37.492690649324331 ], [ 127.148322907503001, 37.492787604605034 ], [ 127.148563969927679, 37.492777754233096 ], [ 127.148556969451818, 37.492667660850714 ], [ 127.148752089262857, 37.492583534833443 ], [ 127.148711853697819, 37.492536102311931 ], [ 127.148680077447139, 37.492535330996937 ], [ 127.14849774211342, 37.492622864788984 ], [ 127.148533352729515, 37.492676966672001 ], [ 127.148518891719576, 37.492682664819803 ], [ 127.148486221301212, 37.492629546514543 ] ] ] }, { "type": "Polygon", "coordinates": [ [ [ 127.14808688143772, 37.492712934517968 ], [ 127.147581870526494, 37.492651661295135 ], [ 127.147529331517077, 37.492673260116803 ], [ 127.147501703858097, 37.492712487720368 ], [ 127.147510508172033, 37.492820596738696 ], [ 127.148248395218701, 37.492790643434915 ], [ 127.148240949821712, 37.492684091512878 ], [ 127.14808688143772, 37.492712934517968 ] ] ] }, { "type": "Polygon", "coordinates": [ [ [ 127.147912381740426, 37.493165722722232 ], [ 127.148664405400098, 37.493135055532584 ], [ 127.148652517442628, 37.492954600220138 ], [ 127.147902756790344, 37.492985084329824 ], [ 127.147912381740426, 37.493165722722232 ] ] ] }, { "type": "Polygon", "coordinates": [ [ [ 127.148629549549426, 37.497185457799752 ], [ 127.148277889764657, 37.497242567968591 ], [ 127.147949421655056, 37.497304738989151 ], [ 127.14806880302126, 37.497413674841667 ], [ 127.148655766869211, 37.497285670238 ], [ 127.148629549549426, 37.497185457799752 ] ] ] }, { "type": "Polygon", "coordinates": [ [ [ 127.14762085193972, 37.497611079793252 ], [ 127.147984818585869, 37.497739769222953 ], [ 127.148178713432543, 37.497600450570744 ], [ 127.147871031152519, 37.497321973114772 ], [ 127.147615035984714, 37.497382945176362 ], [ 127.147643450160587, 37.497450538977418 ], [ 127.147593890920547, 37.497552223876468 ], [ 127.14762085193972, 37.497611079793252 ] ] ] }, { "type": "Polygon", "coordinates": [ [ [ 127.147586163098083, 37.497410758659385 ], [ 127.147583159319041, 37.497383921629847 ], [ 127.147547754830043, 37.497390921104902 ], [ 127.14740555638231, 37.497492594257075 ], [ 127.147495393392063, 37.49747059803596 ], [ 127.147586163098083, 37.497410758659385 ] ] ] }, { "type": "Polygon", "coordinates": [ [ [ 127.148433531296845, 37.497746528183008 ], [ 127.148782757102765, 37.497646614154895 ], [ 127.148698615441447, 37.497476259121804 ], [ 127.148418024796072, 37.497675963252412 ], [ 127.148411856411457, 37.49772524652343 ], [ 127.148433531296845, 37.497746528183008 ] ] ] }, { "type": "Polygon", "coordinates": [ [ [ 127.148761930067309, 37.497844093906316 ], [ 127.148738608163256, 37.497773079250443 ], [ 127.148541191166515, 37.497840224222458 ], [ 127.148608849540423, 37.497903345038637 ], [ 127.148761930067309, 37.497844093906316 ] ] ] }, { "type": "Polygon", "coordinates": [ [ [ 127.147508798872281, 37.497949489143046 ], [ 127.147489690681539, 37.497858205580691 ], [ 127.147353952821888, 37.49788070896534 ], [ 127.147377471021642, 37.497971906015003 ], [ 127.147508798872281, 37.497949489143046 ] ] ] }, { "type": "Polygon", "coordinates": [ [ [ 127.148612461770625, 37.497998044476418 ], [ 127.148539830900674, 37.497930866349037 ], [ 127.148403714842544, 37.497985356850975 ], [ 127.148501534968105, 37.498072469848161 ], [ 127.148612461770625, 37.497998044476418 ] ] ] }, { "type": "Polygon", "coordinates": [ [ [ 127.148228111463979, 37.497971699674643 ], [ 127.148085036151286, 37.497989329599434 ], [ 127.148123468375871, 37.498183167742624 ], [ 127.148264729549481, 37.498162918119924 ], [ 127.148228111463979, 37.497971699674643 ] ] ] }, { "type": "Polygon", "coordinates": [ [ [ 127.147539141952478, 37.498095836843142 ], [ 127.14747882575503, 37.498039653042085 ], [ 127.147406955211338, 37.498089603062333 ], [ 127.147465461132398, 37.498145329626851 ], [ 127.147539141952478, 37.498095836843142 ] ] ] }, { "type": "Polygon", "coordinates": [ [ [ 127.148526490335968, 37.49809996429628 ], [ 127.148628842870579, 37.498185738068635 ], [ 127.148736481207507, 37.498112478964487 ], [ 127.148640815756224, 37.498022849694173 ], [ 127.148526490335968, 37.49809996429628 ] ] ] }, { "type": "Polygon", "coordinates": [ [ [ 127.148311472536406, 37.498223046736427 ], [ 127.148421945604071, 37.498320892983003 ], [ 127.148523123949261, 37.498263319477431 ], [ 127.148425303367702, 37.498170341002805 ], [ 127.148438553355362, 37.498162693070185 ], [ 127.148420813375907, 37.498147001719836 ], [ 127.148311472536406, 37.498223046736427 ] ] ] }, { "type": "Polygon", "coordinates": [ [ [ 127.148189119898788, 37.498486488416738 ], [ 127.14820901044348, 37.498584086881614 ], [ 127.148350845894157, 37.498567981035606 ], [ 127.148371362602902, 37.49870224932117 ], [ 127.148396493882174, 37.498686675859943 ], [ 127.148372512226757, 37.498509704568477 ], [ 127.148572569420992, 37.498415445560255 ], [ 127.148647635194095, 37.498524526057921 ], [ 127.148778816262322, 37.498438578571587 ], [ 127.148684384039839, 37.498349488403697 ], [ 127.148786139618835, 37.498280732565512 ], [ 127.148686851953372, 37.498189477043546 ], [ 127.14853065032068, 37.498301070950205 ], [ 127.148302871791543, 37.498410537145702 ], [ 127.148320778999448, 37.49846542172974 ], [ 127.148189119898788, 37.498486488416738 ] ] ] }, { "type": "Polygon", "coordinates": [ [ [ 127.147926262124571, 37.498295379356975 ], [ 127.147831283122187, 37.498302182430457 ], [ 127.147826423143172, 37.498384728902145 ], [ 127.14794497547247, 37.498381032091515 ], [ 127.148103916936549, 37.498351516504322 ], [ 127.148091520371125, 37.498280893619288 ], [ 127.147929744290437, 37.498306511380434 ], [ 127.147926262124571, 37.498295379356975 ] ] ] }, { "type": "Polygon", "coordinates": [ [ [ 127.147588516486493, 37.498421639861753 ], [ 127.147570182355992, 37.498286620905752 ], [ 127.147449086688027, 37.49837798761552 ], [ 127.147446471472989, 37.498422977690012 ], [ 127.147461815785292, 37.498439645223648 ], [ 127.147588516486493, 37.498421639861753 ] ] ] }, { "type": "Polygon", "coordinates": [ [ [ 127.147949023039573, 37.498392145393517 ], [ 127.147849226474008, 37.498398963462506 ], [ 127.147859137589734, 37.498505719480768 ], [ 127.147989557206984, 37.498492664572701 ], [ 127.147949023039573, 37.498392145393517 ] ] ] }, { "type": "Polygon", "coordinates": [ [ [ 127.148033434979595, 37.498886409460894 ], [ 127.148037307220463, 37.498935103610989 ], [ 127.148206790817838, 37.498813745075559 ], [ 127.148138565924356, 37.498507382248128 ], [ 127.147886644657049, 37.498531183655182 ], [ 127.147900921326467, 37.498638114458394 ], [ 127.148029052556168, 37.498628666335229 ], [ 127.148092873486135, 37.49885170136055 ], [ 127.148033434979595, 37.498886409460894 ] ] ] }, { "type": "Polygon", "coordinates": [ [ [ 127.147886348373035, 37.498640114710348 ], [ 127.147693570356068, 37.498657850777967 ], [ 127.147782331681441, 37.498744651209392 ], [ 127.147900093188568, 37.498729476705194 ], [ 127.147886348373035, 37.498640114710348 ] ] ] }, { "type": "Polygon", "coordinates": [ [ [ 127.148646743634444, 37.498784843576445 ], [ 127.148689239145284, 37.498829669366714 ], [ 127.14879292066874, 37.498768110104258 ], [ 127.148720879058459, 37.498690488793798 ], [ 127.148616959677057, 37.498751832050374 ], [ 127.148539835830235, 37.498671739211893 ], [ 127.148436912887007, 37.498739568257548 ], [ 127.148544077220834, 37.498845113019833 ], [ 127.148646743634444, 37.498784843576445 ] ] ] }, { "type": "Polygon", "coordinates": [ [ [ 127.148451709421508, 37.499082550857167 ], [ 127.148576662947178, 37.499043940781668 ], [ 127.148595024038556, 37.499082129256941 ], [ 127.148712382382826, 37.499045735938743 ], [ 127.148633335125581, 37.498965375262628 ], [ 127.148463173433498, 37.498988661599 ], [ 127.148383595011481, 37.49890253502695 ], [ 127.148265975846968, 37.498973202314346 ], [ 127.148192994100739, 37.498900411202513 ], [ 127.148161857013193, 37.498921371034172 ], [ 127.148265773890031, 37.499020252690173 ], [ 127.148409365169556, 37.499005252821135 ], [ 127.148451709421508, 37.499082550857167 ] ] ] }, { "type": "Polygon", "coordinates": [ [ [ 127.147639989618298, 37.499209057657957 ], [ 127.147758914536638, 37.499128991968618 ], [ 127.147678459611612, 37.499045388802969 ], [ 127.147580585845603, 37.499076053687922 ], [ 127.147639989618298, 37.499209057657957 ] ] ] }, { "type": "Polygon", "coordinates": [ [ [ 127.148457793136657, 37.499249732507643 ], [ 127.148507689209836, 37.49919876404244 ], [ 127.148602111406973, 37.499166985449804 ], [ 127.148559653158586, 37.499089327211557 ], [ 127.148249106455893, 37.499188687969188 ], [ 127.148354262944764, 37.499290874665945 ], [ 127.148447656685633, 37.499242014550653 ], [ 127.148457793136657, 37.499249732507643 ] ] ] }, { "type": "Polygon", "coordinates": [ [ [ 127.147732891083152, 37.499238135055911 ], [ 127.147912822711959, 37.499648497069195 ], [ 127.148031615506923, 37.499616364373139 ], [ 127.14794938458472, 37.499434464708536 ], [ 127.148161970732772, 37.499424830641502 ], [ 127.148277824089845, 37.499335578064652 ], [ 127.148190135189196, 37.499254236732646 ], [ 127.148069326082123, 37.499353766751071 ], [ 127.148053217500518, 37.499328108285795 ], [ 127.148168043010628, 37.499233721400628 ], [ 127.148000834210009, 37.499078587750191 ], [ 127.147944498229577, 37.499074882405807 ], [ 127.147741774199332, 37.499212085214936 ], [ 127.147732891083152, 37.499238135055911 ] ] ] }, { "type": "Polygon", "coordinates": [ [ [ 127.147423747572063, 37.499083095076934 ], [ 127.147263930340387, 37.499128432355249 ], [ 127.147353432769961, 37.499328793994074 ], [ 127.147540941664559, 37.499275673787785 ], [ 127.147621354463013, 37.499221514479984 ], [ 127.14758012359674, 37.49912903295187 ], [ 127.147460889199721, 37.499166391530956 ], [ 127.147423747572063, 37.499083095076934 ] ] ] }, { "type": "Polygon", "coordinates": [ [ [ 127.147578577707904, 37.499322389066528 ], [ 127.147376149423152, 37.499379762444157 ], [ 127.147467924028419, 37.499585166771183 ], [ 127.147670352796396, 37.499527793237284 ], [ 127.147578577707904, 37.499322389066528 ] ] ] }, { "type": "Polygon", "coordinates": [ [ [ 127.148446065057954, 37.499491692119548 ], [ 127.148405845731276, 37.499454350711297 ], [ 127.148289650259557, 37.499542162240012 ], [ 127.148351167640286, 37.499598668477539 ], [ 127.148441742728195, 37.499536657300176 ], [ 127.148446065057954, 37.499491692119548 ] ] ] }, { "type": "Polygon", "coordinates": [ [ [ 127.147863850767521, 37.499646034948881 ], [ 127.147806144848445, 37.499514200297135 ], [ 127.147680234444252, 37.499549855465666 ], [ 127.147738957433532, 37.499681418620057 ], [ 127.147863850767521, 37.499646034948881 ] ] ] }, { "type": "Polygon", "coordinates": [ [ [ 127.148014291872016, 37.500242309194149 ], [ 127.14778993416742, 37.500305837251119 ], [ 127.147850588721823, 37.500441632631265 ], [ 127.148074946780568, 37.50037810445982 ], [ 127.148014291872016, 37.500242309194149 ] ] ] }, { "type": "Polygon", "coordinates": [ [ [ 127.147412571714852, 37.500778967399683 ], [ 127.147383172074512, 37.500839010163858 ], [ 127.147718137061133, 37.500951310944693 ], [ 127.14754503326175, 37.500563825636277 ], [ 127.147342149596426, 37.500621379708875 ], [ 127.147412571714852, 37.500778967399683 ] ] ] }, { "type": "Polygon", "coordinates": [ [ [ 127.148570230629346, 37.501219291335758 ], [ 127.148615056731202, 37.50118319561642 ], [ 127.148399692796445, 37.500700979211587 ], [ 127.148239420709103, 37.500746498564538 ], [ 127.148443197351, 37.501202600732711 ], [ 127.148570230629346, 37.501219291335758 ] ] ] }, { "type": "Polygon", "coordinates": [ [ [ 127.149079051900401, 37.490657502198431 ], [ 127.149199791527664, 37.490564917805884 ], [ 127.149306767031177, 37.490648892341781 ], [ 127.149631886995394, 37.490475475296314 ], [ 127.149195974079348, 37.490320202107519 ], [ 127.149223674672427, 37.490370596422586 ], [ 127.14910368477878, 37.49047050503156 ], [ 127.149129889953798, 37.490496475139544 ], [ 127.149024507151623, 37.49058396766312 ], [ 127.149025822706889, 37.490614699112321 ], [ 127.149079051900401, 37.490657502198431 ] ] ] }, { "type": "Polygon", "coordinates": [ [ [ 127.148866404701252, 37.490594562478336 ], [ 127.14882169557599, 37.490629369777594 ], [ 127.148932074138813, 37.490707510942862 ], [ 127.14898731942165, 37.490659986359645 ], [ 127.148907114936989, 37.490596313698944 ], [ 127.148866404701252, 37.490594562478336 ] ] ] }, { "type": "Polygon", "coordinates": [ [ [ 127.149804607668827, 37.490656292716423 ], [ 127.149761618486181, 37.490676451710648 ], [ 127.149969224490803, 37.49094557184813 ], [ 127.15005852035307, 37.490900175386329 ], [ 127.149804607668827, 37.490656292716423 ] ] ] }, { "type": "Polygon", "coordinates": [ [ [ 127.148813619859993, 37.490801011230346 ], [ 127.148869263524844, 37.490754747605543 ], [ 127.148764951068571, 37.490673553444175 ], [ 127.148706851652989, 37.490718783930525 ], [ 127.148813619859993, 37.490801011230346 ] ] ] }, { "type": "Polygon", "coordinates": [ [ [ 127.149859663703751, 37.491001508350479 ], [ 127.149762943970231, 37.49087226425312 ], [ 127.149683306446619, 37.490912891103306 ], [ 127.14978455987972, 37.49104186828589 ], [ 127.149859663703751, 37.491001508350479 ] ] ] }, { "type": "Polygon", "coordinates": [ [ [ 127.14879271380498, 37.491101250295522 ], [ 127.149005223844682, 37.491007461469373 ], [ 127.148958861860677, 37.49094931477326 ], [ 127.148895311445543, 37.491005706525122 ], [ 127.148883968774044, 37.491045364646801 ], [ 127.148826308394177, 37.491049400949414 ], [ 127.148797455562729, 37.491034128939994 ], [ 127.148648248075233, 37.491152697151698 ], [ 127.148678703982981, 37.491201223087486 ], [ 127.148759457156473, 37.491152468510933 ], [ 127.14879271380498, 37.491101250295522 ] ] ] }, { "type": "Polygon", "coordinates": [ [ [ 127.149115207837184, 37.490982384459784 ], [ 127.149278647751458, 37.491195437713927 ], [ 127.149393953802388, 37.491139665750808 ], [ 127.149232267050124, 37.490944197970926 ], [ 127.149193583980775, 37.490938389831499 ], [ 127.149115207837184, 37.490982384459784 ] ] ] }, { "type": "Polygon", "coordinates": [ [ [ 127.149492686349362, 37.491005410356564 ], [ 127.149401543399165, 37.491049033733489 ], [ 127.149489470018622, 37.491151916884562 ], [ 127.149541507271522, 37.491163384492687 ], [ 127.149595936049536, 37.491137601766482 ], [ 127.149492686349362, 37.491005410356564 ] ] ] }, { "type": "Polygon", "coordinates": [ [ [ 127.148870673453175, 37.491299823452898 ], [ 127.149139871045875, 37.491167040501274 ], [ 127.1490290154359, 37.491030767651921 ], [ 127.148949368172424, 37.491066726842121 ], [ 127.149007743093776, 37.491138553735709 ], [ 127.148912176575621, 37.491186975573221 ], [ 127.148855361716443, 37.491109173061574 ], [ 127.148759457156473, 37.491152468510933 ], [ 127.148870673453175, 37.491299823452898 ] ] ] }, { "type": "Polygon", "coordinates": [ [ [ 127.150236346718899, 37.491062293753799 ], [ 127.150105901303533, 37.491129816591716 ], [ 127.150223035417, 37.491266449934152 ], [ 127.150371460406333, 37.491193462281444 ], [ 127.150236346718899, 37.491062293753799 ] ] ] }, { "type": "Polygon", "coordinates": [ [ [ 127.150393261803245, 37.491410206243408 ], [ 127.150500612276645, 37.491368561886546 ], [ 127.150406701451516, 37.491242450261339 ], [ 127.150301135790784, 37.491294534868473 ], [ 127.150393261803245, 37.491410206243408 ] ] ] }, { "type": "Polygon", "coordinates": [ [ [ 127.149773826195073, 37.491309325397026 ], [ 127.149663292888647, 37.491365569274485 ], [ 127.149714362598672, 37.491430944809046 ], [ 127.149825407064085, 37.491375844511907 ], [ 127.149773826195073, 37.491309325397026 ] ] ] }, { "type": "Polygon", "coordinates": [ [ [ 127.149602618496758, 37.491395207126246 ], [ 127.149547273240714, 37.491323385744529 ], [ 127.149445490874896, 37.491373428588339 ], [ 127.149500790876132, 37.491445268093841 ], [ 127.149602618496758, 37.491395207126246 ] ] ] }, { "type": "Polygon", "coordinates": [ [ [ 127.149280223908207, 37.49135840850613 ], [ 127.14919270898983, 37.491401450542774 ], [ 127.149298807076718, 37.491544540734864 ], [ 127.149389745002978, 37.491499827487736 ], [ 127.149280223908207, 37.49135840850613 ] ] ] }, { "type": "Polygon", "coordinates": [ [ [ 127.150127029759105, 37.491800647079877 ], [ 127.15022648285418, 37.491716368611776 ], [ 127.150129778547765, 37.49158998999016 ], [ 127.150010611532593, 37.491648984087384 ], [ 127.150127029759105, 37.491800647079877 ] ] ] }, { "type": "Polygon", "coordinates": [ [ [ 127.14994188103357, 37.491836108890162 ], [ 127.149841434680951, 37.491704238640111 ], [ 127.149713227124778, 37.491771974468755 ], [ 127.14960153145708, 37.491646470167574 ], [ 127.149428106860839, 37.491732534618251 ], [ 127.149543111869221, 37.491861927252344 ], [ 127.149629299062653, 37.491816318775768 ], [ 127.149748389584445, 37.491958662455225 ], [ 127.149932444327959, 37.491867295319103 ], [ 127.14994188103357, 37.491836108890162 ] ] ] }, { "type": "Polygon", "coordinates": [ [ [ 127.14897462387556, 37.491892371107824 ], [ 127.149064906469505, 37.491847604870777 ], [ 127.148952451144382, 37.491714811821176 ], [ 127.148863320671836, 37.491758891776925 ], [ 127.14897462387556, 37.491892371107824 ] ] ] }, { "type": "Polygon", "coordinates": [ [ [ 127.150127567936536, 37.491929606426474 ], [ 127.150236469474422, 37.492008252770376 ], [ 127.15027027996031, 37.492008552586285 ], [ 127.150352338925146, 37.491837232356026 ], [ 127.150289069424034, 37.491778548869569 ], [ 127.150127567936536, 37.491929606426474 ] ] ] }, { "type": "Polygon", "coordinates": [ [ [ 127.149219415665797, 37.491940358897416 ], [ 127.149158208935077, 37.491866463359344 ], [ 127.149071349302531, 37.49190955854403 ], [ 127.149135283035648, 37.49198442379862 ], [ 127.149219415665797, 37.491940358897416 ] ] ] }, { "type": "Polygon", "coordinates": [ [ [ 127.14926269693386, 37.492443332643532 ], [ 127.149341403780895, 37.492388543543122 ], [ 127.149239601174244, 37.492256854690297 ], [ 127.149154977360965, 37.492298577619664 ], [ 127.14926269693386, 37.492443332643532 ] ] ] }, { "type": "Polygon", "coordinates": [ [ [ 127.148808925140045, 37.492562110311169 ], [ 127.148939555344597, 37.49251770832668 ], [ 127.148876512283508, 37.492435877138654 ], [ 127.148772254245685, 37.492487282991192 ], [ 127.148765743533815, 37.492511618083398 ], [ 127.148808925140045, 37.492562110311169 ] ] ] }, { "type": "Polygon", "coordinates": [ [ [ 127.150697675838487, 37.492401074606377 ], [ 127.150038383482837, 37.49243163820065 ], [ 127.150047023067884, 37.49256893961163 ], [ 127.150007336029546, 37.4925705211962 ], [ 127.150016676513587, 37.492719174314239 ], [ 127.150697688877159, 37.492691917114115 ], [ 127.150688346868094, 37.492543173952392 ], [ 127.150880901886993, 37.492535272186402 ], [ 127.150697675838487, 37.492401074606377 ] ] ] }, { "type": "Polygon", "coordinates": [ [ [ 127.148696147384598, 37.492772453955645 ], [ 127.148927146703883, 37.492763065877718 ], [ 127.148912910943082, 37.492539005150363 ], [ 127.148686117258549, 37.492616773797906 ], [ 127.148696147384598, 37.492772453955645 ] ] ] }, { "type": "Polygon", "coordinates": [ [ [ 127.150708185701035, 37.495467881501263 ], [ 127.150544482730766, 37.495373906714363 ], [ 127.150356466038957, 37.495524151002336 ], [ 127.150579212559677, 37.495631188127867 ], [ 127.150708185701035, 37.495467881501263 ] ] ] }, { "type": "Polygon", "coordinates": [ [ [ 127.150024603654003, 37.496128994552002 ], [ 127.150280521059145, 37.495849525192838 ], [ 127.150000436085904, 37.495648288094145 ], [ 127.149629331942776, 37.495898835101102 ], [ 127.150024603654003, 37.496128994552002 ] ] ] }, { "type": "Polygon", "coordinates": [ [ [ 127.149643942420226, 37.496053545278393 ], [ 127.149519090944253, 37.495974882389092 ], [ 127.149453563876705, 37.496017176243967 ], [ 127.149568105625278, 37.496114755072789 ], [ 127.149643942420226, 37.496053545278393 ] ] ] }, { "type": "Polygon", "coordinates": [ [ [ 127.15094990849623, 37.496171264958704 ], [ 127.150848106578707, 37.49610640464914 ], [ 127.150740452118598, 37.49619749648032 ], [ 127.150847229376055, 37.496267864704301 ], [ 127.150930762111756, 37.496198913790778 ], [ 127.151055943435779, 37.496203873082756 ], [ 127.151055862075864, 37.496174410532085 ], [ 127.15094990849623, 37.496171264958704 ] ] ] }, { "type": "Polygon", "coordinates": [ [ [ 127.149810310164966, 37.49631118435083 ], [ 127.149609765485664, 37.496464191199777 ], [ 127.149817194053185, 37.496612839035699 ], [ 127.150087248517465, 37.496418622873783 ], [ 127.149891618340362, 37.496237614841142 ], [ 127.149903820756435, 37.49622657129305 ], [ 127.149836022487122, 37.496183985133683 ], [ 127.149743663554631, 37.496256262022946 ], [ 127.149810310164966, 37.49631118435083 ] ] ] }, { "type": "Polygon", "coordinates": [ [ [ 127.149257695556898, 37.496339699532101 ], [ 127.149340211674399, 37.496282013496291 ], [ 127.149222802474583, 37.496169652647211 ], [ 127.149060830501654, 37.496282876300477 ], [ 127.149057567160213, 37.496314036906952 ], [ 127.149266712414203, 37.496496786365988 ], [ 127.149358627076055, 37.496433952872785 ], [ 127.149257695556898, 37.496339699532101 ] ] ] }, { "type": "Polygon", "coordinates": [ [ [ 127.149496794157457, 37.496538124536208 ], [ 127.149397156115114, 37.496451960663556 ], [ 127.149295688997626, 37.496522095213741 ], [ 127.14939234939331, 37.496606469910922 ], [ 127.149496794157457, 37.496538124536208 ] ] ] }, { "type": "Polygon", "coordinates": [ [ [ 127.149148743821428, 37.496628885074664 ], [ 127.149051408312374, 37.496695572436082 ], [ 127.149134762392023, 37.49677033228329 ], [ 127.149233459537754, 37.49670598574771 ], [ 127.149148743821428, 37.496628885074664 ] ] ] }, { "type": "Polygon", "coordinates": [ [ [ 127.149251374347159, 37.497114782402242 ], [ 127.149458551544384, 37.497112513925117 ], [ 127.149417525564004, 37.496998327696119 ], [ 127.149359269274299, 37.497012149848111 ], [ 127.149241786770659, 37.497098558398577 ], [ 127.149251374347159, 37.497114782402242 ] ] ] }, { "type": "Polygon", "coordinates": [ [ [ 127.150346113631272, 37.497128446055349 ], [ 127.150299624687037, 37.497139848180474 ], [ 127.15029083066193, 37.497119028170744 ], [ 127.15021469914636, 37.497140234409862 ], [ 127.150255739487505, 37.497238202368322 ], [ 127.15035290246017, 37.497221519651681 ], [ 127.150427632766792, 37.497320418179861 ], [ 127.150561132615039, 37.497270974233942 ], [ 127.150525332116672, 37.497146789729207 ], [ 127.150382881451563, 37.497210282469986 ], [ 127.150346113631272, 37.497128446055349 ] ] ] }, { "type": "Polygon", "coordinates": [ [ [ 127.149733515345318, 37.497152281739943 ], [ 127.149525293231534, 37.497180951262941 ], [ 127.149542883925832, 37.497310078339972 ], [ 127.149631370546189, 37.497446468698215 ], [ 127.149787561573518, 37.497428478061323 ], [ 127.149893807983474, 37.497384421000625 ], [ 127.149766484670906, 37.49728079483075 ], [ 127.149733515345318, 37.497152281739943 ] ] ] }, { "type": "Polygon", "coordinates": [ [ [ 127.148735900435142, 37.497447930326295 ], [ 127.148779878593871, 37.497551337163266 ], [ 127.148873383701527, 37.497525866478711 ], [ 127.148859737223617, 37.49749278982749 ], [ 127.149021393933907, 37.497447781454426 ], [ 127.148994453221761, 37.497382528742378 ], [ 127.149195992667401, 37.497359535788952 ], [ 127.149168905183487, 37.497225537118503 ], [ 127.149008740271555, 37.497258290253498 ], [ 127.148735900435142, 37.497447930326295 ] ] ] }, { "type": "Polygon", "coordinates": [ [ [ 127.150538227496625, 37.497319422782837 ], [ 127.150459371321929, 37.497352426684934 ], [ 127.150568401570936, 37.49742909929428 ], [ 127.150513284294661, 37.497469056017515 ], [ 127.150491697333464, 37.497458136109579 ], [ 127.150383489214263, 37.497533559932847 ], [ 127.150435048365537, 37.497546838740121 ], [ 127.150700725140609, 37.497413615305163 ], [ 127.150538227496625, 37.497319422782837 ] ] ] }, { "type": "Polygon", "coordinates": [ [ [ 127.149424347588948, 37.497418463739471 ], [ 127.149336712774797, 37.497415690225367 ], [ 127.149270234148133, 37.497406177751373 ], [ 127.149414027384964, 37.49753539922186 ], [ 127.149499246435184, 37.497482944502714 ], [ 127.149424347588948, 37.497418463739471 ] ] ] }, { "type": "Polygon", "coordinates": [ [ [ 127.150072637427087, 37.497702789300178 ], [ 127.149941172923761, 37.497575553364541 ], [ 127.14985053381875, 37.497620527910207 ], [ 127.149982684855232, 37.497746141286044 ], [ 127.150072637427087, 37.497702789300178 ] ] ] }, { "type": "Polygon", "coordinates": [ [ [ 127.149124220582948, 37.497688426827715 ], [ 127.149143012787974, 37.4976756452103 ], [ 127.149060788306741, 37.497589270101365 ], [ 127.148950682182743, 37.497654946179949 ], [ 127.1489871031267, 37.497733548871409 ], [ 127.149056158891725, 37.497765312945205 ], [ 127.149111951740636, 37.497821042084752 ], [ 127.149205094342392, 37.497766424294639 ], [ 127.149124220582948, 37.497688426827715 ] ] ] }, { "type": "Polygon", "coordinates": [ [ [ 127.149649307606751, 37.497750830492222 ], [ 127.149759892043292, 37.497853000147089 ], [ 127.149947379731515, 37.497763322636253 ], [ 127.149825057618415, 37.497650058580781 ], [ 127.149649307606751, 37.497750830492222 ] ] ] }, { "type": "Polygon", "coordinates": [ [ [ 127.148953696982772, 37.497951740286162 ], [ 127.148905951707761, 37.497876647589209 ], [ 127.148786929778538, 37.497922954160799 ], [ 127.148827536962713, 37.498002632877494 ], [ 127.148953696982772, 37.497951740286162 ] ] ] }, { "type": "Polygon", "coordinates": [ [ [ 127.149753995135427, 37.498044911179655 ], [ 127.149967824529284, 37.49823698780267 ], [ 127.150028154565049, 37.49819063670796 ], [ 127.149953948983551, 37.49811705533498 ], [ 127.149843677626762, 37.498042005523082 ], [ 127.149822906928151, 37.498009280310072 ], [ 127.149753995135427, 37.498044911179655 ] ] ] }, { "type": "Polygon", "coordinates": [ [ [ 127.149798627233395, 37.498163597735875 ], [ 127.149717302579205, 37.498086862644691 ], [ 127.149628579401551, 37.49813463671812 ], [ 127.149697348339089, 37.498215505180745 ], [ 127.149798627233395, 37.498163597735875 ] ] ] }, { "type": "Polygon", "coordinates": [ [ [ 127.149804877098347, 37.498321823209338 ], [ 127.149909995823421, 37.498267306965197 ], [ 127.149827993836752, 37.498191284591144 ], [ 127.149736679680316, 37.4982384222888 ], [ 127.149804877098347, 37.498321823209338 ] ] ] }, { "type": "Polygon", "coordinates": [ [ [ 127.149588056737613, 37.498436161536446 ], [ 127.149696810577481, 37.498378316243105 ], [ 127.149628377011126, 37.498295555265734 ], [ 127.149514425183057, 37.498355380194731 ], [ 127.149588056737613, 37.498436161536446 ] ] ] }, { "type": "Polygon", "coordinates": [ [ [ 127.150084631578096, 37.498425654167427 ], [ 127.15001876823986, 37.498367577537444 ], [ 127.149919421031967, 37.49841849164477 ], [ 127.149977567713933, 37.498491615687591 ], [ 127.150080194051199, 37.49844619349777 ], [ 127.150084631578096, 37.498425654167427 ] ] ] }, { "type": "Polygon", "coordinates": [ [ [ 127.149332991963178, 37.49856876550502 ], [ 127.149474565294909, 37.498494454151725 ], [ 127.149409193315421, 37.498410076427746 ], [ 127.149248624068505, 37.498491394195334 ], [ 127.149332991963178, 37.49856876550502 ] ] ] }, { "type": "Polygon", "coordinates": [ [ [ 127.14953857080512, 37.498757321297141 ], [ 127.149687448635007, 37.498899978924605 ], [ 127.149797430554301, 37.498850961784683 ], [ 127.149734313931106, 37.498763698221346 ], [ 127.14985449531909, 37.49870288317436 ], [ 127.14984365757762, 37.498683687499827 ], [ 127.149953641752603, 37.498636021707547 ], [ 127.149907928035489, 37.498565350774285 ], [ 127.149877378465249, 37.49858001234319 ], [ 127.149862917941661, 37.498564497292158 ], [ 127.149780321104146, 37.498599577728292 ], [ 127.149708260164331, 37.49852977770739 ], [ 127.149684833785344, 37.498543817612592 ], [ 127.149617661483916, 37.498458442154735 ], [ 127.149509818663503, 37.498513853538093 ], [ 127.149577106544626, 37.498606256697876 ], [ 127.149456566719309, 37.498680316586366 ], [ 127.149523218019056, 37.498742356931807 ], [ 127.149683674239114, 37.498660948836225 ], [ 127.149695530340594, 37.498674737258995 ], [ 127.14953857080512, 37.498757321297141 ] ] ] }, { "type": "Polygon", "coordinates": [ [ [ 127.150060790161547, 37.498589791965337 ], [ 127.150083866406703, 37.498581708024325 ], [ 127.150198608955179, 37.498527197442925 ], [ 127.150142239939555, 37.498478136936285 ], [ 127.150102091738162, 37.498476844949558 ], [ 127.150010213652024, 37.498519118175267 ], [ 127.150060790161547, 37.498589791965337 ] ] ] }, { "type": "Polygon", "coordinates": [ [ [ 127.14867706360765, 37.498583856179089 ], [ 127.148830055061921, 37.498749160863909 ], [ 127.148943823084849, 37.498681543192824 ], [ 127.148786449920394, 37.498513613200743 ], [ 127.14867706360765, 37.498583856179089 ] ] ] }, { "type": "Polygon", "coordinates": [ [ [ 127.150657104662599, 37.498662796405092 ], [ 127.150599081623312, 37.498584005264732 ], [ 127.150540582815267, 37.498612874972608 ], [ 127.150527369337055, 37.498598989236839 ], [ 127.150442037569007, 37.498651904339269 ], [ 127.150521532073924, 37.498723199202168 ], [ 127.150657104662599, 37.498662796405092 ] ] ] }, { "type": "Polygon", "coordinates": [ [ [ 127.149332906598445, 37.498663154186133 ], [ 127.149262034641239, 37.498599713453409 ], [ 127.149154356448747, 37.498670053846034 ], [ 127.14922577648494, 37.49873617893207 ], [ 127.149332906598445, 37.498663154186133 ] ] ] }, { "type": "Polygon", "coordinates": [ [ [ 127.150281703713119, 37.498629248017195 ], [ 127.150191529412552, 37.498669636151163 ], [ 127.150245155563553, 37.498744009125012 ], [ 127.150310776903112, 37.498714058405731 ], [ 127.150365966216867, 37.498801043329948 ], [ 127.150470513404173, 37.49876040268358 ], [ 127.15031676095407, 37.498629456147121 ], [ 127.150281703713119, 37.498629248017195 ] ] ] }, { "type": "Polygon", "coordinates": [ [ [ 127.150718231270545, 37.498795192988595 ], [ 127.150656599556029, 37.498704504249538 ], [ 127.150557365262728, 37.498755337658039 ], [ 127.150638580744229, 37.498833243596287 ], [ 127.150718231270545, 37.498795192988595 ] ] ] }, { "type": "Polygon", "coordinates": [ [ [ 127.150821051635305, 37.498864286781554 ], [ 127.150758139241987, 37.498902983053625 ], [ 127.150756387905474, 37.498943521173473 ], [ 127.151050513973018, 37.499226116733546 ], [ 127.15121235808455, 37.499115152073685 ], [ 127.151200502354143, 37.49910172420325 ], [ 127.151226312233803, 37.499080752302888 ], [ 127.15111086107288, 37.498984167386418 ], [ 127.151009468365118, 37.499041482082021 ], [ 127.150821051635305, 37.498864286781554 ] ], [ [ 127.15100323455431, 37.499045796741072 ], [ 127.151065253621411, 37.499109211589584 ], [ 127.151127476781667, 37.499172842385903 ], [ 127.15100323455431, 37.499045796741072 ] ] ] }, { "type": "Polygon", "coordinates": [ [ [ 127.149717823917015, 37.498928655636504 ], [ 127.150058737665802, 37.499232107134731 ], [ 127.150110640465371, 37.499241331155147 ], [ 127.150267157165771, 37.499140546758667 ], [ 127.15026356725626, 37.499120900509226 ], [ 127.150197048802326, 37.499052193032774 ], [ 127.150065811294439, 37.499097948628233 ], [ 127.150055868368753, 37.499085239036084 ], [ 127.150314860059694, 37.498976604133354 ], [ 127.150258999353852, 37.498887547737397 ], [ 127.150018791460084, 37.498984662173079 ], [ 127.150000622149292, 37.49895230313615 ], [ 127.149986910632705, 37.498978151985916 ], [ 127.149918232717411, 37.499006655756745 ], [ 127.149824864791967, 37.498884949039883 ], [ 127.149717823917015, 37.498928655636504 ] ] ] }, { "type": "Polygon", "coordinates": [ [ [ 127.150562744342551, 37.498884272722044 ], [ 127.15044235956114, 37.49893363705705 ], [ 127.150365436965927, 37.498956015683113 ], [ 127.15042277952216, 37.49903949298124 ], [ 127.150597637613885, 37.498927089178771 ], [ 127.15059871862529, 37.498879253821819 ], [ 127.150569401886642, 37.498894004112998 ], [ 127.150562744342551, 37.498884272722044 ] ] ] }, { "type": "Polygon", "coordinates": [ [ [ 127.149238319743745, 37.49900125493626 ], [ 127.14916503923348, 37.498920806315134 ], [ 127.149049018139451, 37.498987165612796 ], [ 127.149122509417992, 37.499071308134191 ], [ 127.149238319743745, 37.49900125493626 ] ] ] }, { "type": "Polygon", "coordinates": [ [ [ 127.149645453915738, 37.498960155194425 ], [ 127.149545326482595, 37.499034549973317 ], [ 127.149547521341077, 37.499023582075537 ], [ 127.149508112839968, 37.499110739949522 ], [ 127.149660650947268, 37.499125226031573 ], [ 127.149616068384375, 37.499020351682752 ], [ 127.149662551511099, 37.498976739152027 ], [ 127.149645453915738, 37.498960155194425 ] ] ] }, { "type": "Polygon", "coordinates": [ [ [ 127.148796442816717, 37.499139262904215 ], [ 127.148979485890678, 37.499167992653668 ], [ 127.149091841120352, 37.499089033041074 ], [ 127.149015733314926, 37.499008488750299 ], [ 127.14891531434813, 37.499067242031167 ], [ 127.148871359038694, 37.499022057745783 ], [ 127.148755144382449, 37.499082200108184 ], [ 127.148796442816717, 37.499139262904215 ] ] ] }, { "type": "Polygon", "coordinates": [ [ [ 127.149601692054631, 37.499351018000127 ], [ 127.149721957914466, 37.499269471020511 ], [ 127.149588223394758, 37.499144868490184 ], [ 127.149423588952331, 37.499143894411567 ], [ 127.149547264569989, 37.499271618176245 ], [ 127.149601692054631, 37.499351018000127 ] ] ] }, { "type": "Polygon", "coordinates": [ [ [ 127.150923522876695, 37.499217826038475 ], [ 127.150928640535227, 37.499198186817303 ], [ 127.1508528514685, 37.499125418924152 ], [ 127.150724758207971, 37.499188299250612 ], [ 127.150792837650229, 37.499279619508066 ], [ 127.150923522876695, 37.499217826038475 ] ] ] }, { "type": "Polygon", "coordinates": [ [ [ 127.149747506206566, 37.499236065997401 ], [ 127.149821642700616, 37.499302845036183 ], [ 127.14993951593145, 37.499223895712781 ], [ 127.149862796588152, 37.499154876504974 ], [ 127.149747506206566, 37.499236065997401 ] ] ] }, { "type": "Polygon", "coordinates": [ [ [ 127.150155992970596, 37.499323445131765 ], [ 127.150257199359814, 37.499422544676285 ], [ 127.150339228240696, 37.499385851839932 ], [ 127.150269899372717, 37.499211731168323 ], [ 127.150159549213981, 37.499280472057372 ], [ 127.150155992970596, 37.499323445131765 ] ] ] }, { "type": "Polygon", "coordinates": [ [ [ 127.150040712444138, 37.499363900771343 ], [ 127.150003244145836, 37.499391266132172 ], [ 127.150016681853231, 37.499495521751449 ], [ 127.150170276021072, 37.499477524865384 ], [ 127.150154864382145, 37.499415888957074 ], [ 127.150102114253002, 37.499367193295349 ], [ 127.150040712444138, 37.499363900771343 ] ] ] }, { "type": "Polygon", "coordinates": [ [ [ 127.149542510369159, 37.499624536077988 ], [ 127.149625371084014, 37.499573561876296 ], [ 127.149612734280808, 37.499519553872943 ], [ 127.149578722187343, 37.499499044737739 ], [ 127.14945290617672, 37.499501851286297 ], [ 127.149458610610012, 37.49962466820142 ], [ 127.149542510369159, 37.499624536077988 ] ] ] }, { "type": "Polygon", "coordinates": [ [ [ 127.150681118244904, 37.499631996808581 ], [ 127.150617335225505, 37.499545995968766 ], [ 127.150465709676155, 37.499615699232876 ], [ 127.150542741907614, 37.499693691588739 ], [ 127.150681118244904, 37.499631996808581 ] ] ] }, { "type": "Polygon", "coordinates": [ [ [ 127.150452555583684, 37.499922199309395 ], [ 127.150557821588336, 37.499844166268048 ], [ 127.150564993567599, 37.499805432324678 ], [ 127.150474176510983, 37.499716438160206 ], [ 127.150493132751208, 37.499757625908231 ], [ 127.150314955462619, 37.499805513253591 ], [ 127.150349247853541, 37.499967082072423 ], [ 127.150452555583684, 37.499922199309395 ] ] ] }, { "type": "Polygon", "coordinates": [ [ [ 127.14959982623273, 37.500210121975542 ], [ 127.149512398837643, 37.500125006129856 ], [ 127.1493894850705, 37.500206538180038 ], [ 127.149482564406895, 37.500290403659626 ], [ 127.14959982623273, 37.500210121975542 ] ] ] }, { "type": "Polygon", "coordinates": [ [ [ 127.14898690146488, 37.500724935017473 ], [ 127.148944235952783, 37.500824368336325 ], [ 127.148880928859427, 37.500893734058607 ], [ 127.148950679707767, 37.500961212863153 ], [ 127.14905937487282, 37.500882933619224 ], [ 127.14901442851928, 37.500840444623449 ], [ 127.149126880698148, 37.500769269498726 ], [ 127.149100033940627, 37.500740921605676 ], [ 127.149132069299483, 37.500716437508622 ], [ 127.149146196648232, 37.500729168975994 ], [ 127.149245228808212, 37.500660028742018 ], [ 127.149327489240207, 37.50073987139448 ], [ 127.149226130853151, 37.500805023184355 ], [ 127.149360414647504, 37.500937428041425 ], [ 127.149412292584543, 37.500944958520137 ], [ 127.149502856410621, 37.500905516553729 ], [ 127.149407435321635, 37.50081591467454 ], [ 127.149509085766425, 37.500749834335664 ], [ 127.149364645576583, 37.5006111714086 ], [ 127.149397626905071, 37.500584739899764 ], [ 127.149502812845071, 37.500682871019407 ], [ 127.149612775995621, 37.500605788002332 ], [ 127.149498459393826, 37.500494009288047 ], [ 127.1492783752511, 37.500499267279011 ], [ 127.149407908945122, 37.500408095393063 ], [ 127.149143735703817, 37.500139721172296 ], [ 127.149159303866028, 37.500292691174991 ], [ 127.14923334259062, 37.500562177210355 ], [ 127.14898690146488, 37.500724935017473 ] ] ] }, { "type": "Polygon", "coordinates": [ [ [ 127.149940092934656, 37.50031536401837 ], [ 127.150023238720451, 37.500385249051128 ], [ 127.150132455792658, 37.500314518520746 ], [ 127.150053384098072, 37.500240393751291 ], [ 127.149940092934656, 37.50031536401837 ] ] ] }, { "type": "Polygon", "coordinates": [ [ [ 127.150132455792658, 37.500314518520746 ], [ 127.150328317397324, 37.500498201691379 ], [ 127.150388351616215, 37.500421667370958 ], [ 127.15038668471918, 37.50039662172869 ], [ 127.150232172227163, 37.500249007616809 ], [ 127.150132455792658, 37.500314518520746 ] ] ] }, { "type": "Polygon", "coordinates": [ [ [ 127.150297588021445, 37.500559391123943 ], [ 127.150309853449343, 37.500522786151052 ], [ 127.150031979786633, 37.500539056430675 ], [ 127.150122405320957, 37.500635682866928 ], [ 127.150297588021445, 37.500559391123943 ] ] ] }, { "type": "Polygon", "coordinates": [ [ [ 127.14908376857376, 37.50090602275732 ], [ 127.149126911901348, 37.500951730541388 ], [ 127.149014550134055, 37.501023013671038 ], [ 127.14904994686033, 37.501057252441086 ], [ 127.149117018828164, 37.501073557812873 ], [ 127.14920890498145, 37.501033537781652 ], [ 127.149145122445816, 37.500970511612174 ], [ 127.149258679245975, 37.50089744288762 ], [ 127.149193469638007, 37.500833292280014 ], [ 127.14908376857376, 37.50090602275732 ] ] ] }, { "type": "Polygon", "coordinates": [ [ [ 127.151076503120805, 37.500633199453965 ], [ 127.149935609853017, 37.501124330613337 ], [ 127.150266676538493, 37.501606308447684 ], [ 127.150933320804313, 37.501535820058294 ], [ 127.1511002345392, 37.501474881585665 ], [ 127.151668009902778, 37.500826794392268 ], [ 127.151661247959311, 37.500782023392311 ], [ 127.15149068470194, 37.500657001334162 ], [ 127.151370781386035, 37.500699410287417 ], [ 127.151249778811874, 37.500701095407649 ], [ 127.151259934232357, 37.500463219088964 ], [ 127.151076503120805, 37.500633199453965 ] ] ] }, { "type": "Polygon", "coordinates": [ [ [ 127.148831528004351, 37.501076337837979 ], [ 127.148876850440317, 37.501177823771286 ], [ 127.14898499049913, 37.501133359739953 ], [ 127.148995081421035, 37.501089018049313 ], [ 127.148896958858913, 37.500994175325069 ], [ 127.148831528004351, 37.501076337837979 ] ] ] }, { "type": "Polygon", "coordinates": [ [ [ 127.149276446982398, 37.501546643661179 ], [ 127.149208171376557, 37.501447709379249 ], [ 127.149109639441448, 37.501489999214868 ], [ 127.149091402638575, 37.501532639192284 ], [ 127.149140058119684, 37.501603486928474 ], [ 127.149276446982398, 37.501546643661179 ] ] ] }, { "type": "Polygon", "coordinates": [ [ [ 127.14905835484501, 37.501634763517693 ], [ 127.148859742300132, 37.501679790984376 ], [ 127.148899998004808, 37.501792455589197 ], [ 127.14908708068684, 37.501750055351827 ], [ 127.149108938581776, 37.501708492050064 ], [ 127.14905835484501, 37.501634763517693 ] ] ] }, { "type": "Polygon", "coordinates": [ [ [ 127.151059169177643, 37.492677494647346 ], [ 127.151072990557367, 37.492633778694973 ], [ 127.150926527400117, 37.492563055370844 ], [ 127.150933889240136, 37.492682518545664 ], [ 127.151059169177643, 37.492677494647346 ] ] ] }, { "type": "Polygon", "coordinates": [ [ [ 127.152799747795811, 37.493170017325603 ], [ 127.153216678711331, 37.492879216874393 ], [ 127.15322225989101, 37.492848855049438 ], [ 127.153062885600264, 37.492702142672705 ], [ 127.152935582369366, 37.492785936629218 ], [ 127.15302830422786, 37.492868979974965 ], [ 127.152676107908007, 37.49311387214717 ], [ 127.152799747795811, 37.493170017325603 ] ] ] }, { "type": "Polygon", "coordinates": [ [ [ 127.152290466124185, 37.49380590866614 ], [ 127.152333661119044, 37.493799645652068 ], [ 127.152596041141408, 37.493491970672821 ], [ 127.152481320672806, 37.493446013196547 ], [ 127.152279779704386, 37.493670673351438 ], [ 127.152131284231118, 37.493591809098753 ], [ 127.152066173110271, 37.493664918050982 ], [ 127.152073587992305, 37.493697173374919 ], [ 127.152290466124185, 37.49380590866614 ] ] ] }, { "type": "Polygon", "coordinates": [ [ [ 127.152621486256905, 37.493773815656574 ], [ 127.15270086569663, 37.493682974503436 ], [ 127.152586177646882, 37.493608374332382 ], [ 127.152502725414251, 37.493703896799083 ], [ 127.152621486256905, 37.493773815656574 ] ] ] }, { "type": "Polygon", "coordinates": [ [ [ 127.151986682773128, 37.493745947041326 ], [ 127.151840149240684, 37.493918098230168 ], [ 127.151988755604989, 37.493995701304399 ], [ 127.152157816812959, 37.493807888880774 ], [ 127.152024583823675, 37.493738771863391 ], [ 127.151986682773128, 37.493745947041326 ] ] ] }, { "type": "Polygon", "coordinates": [ [ [ 127.152582530507658, 37.493818753239786 ], [ 127.152460484636805, 37.493751622627428 ], [ 127.152393565885049, 37.49382545486651 ], [ 127.152406970402481, 37.4938670999382 ], [ 127.15250235374117, 37.493912487537038 ], [ 127.152582530507658, 37.493818753239786 ] ] ] }, { "type": "Polygon", "coordinates": [ [ [ 127.152348964540309, 37.494144555528337 ], [ 127.152325300593134, 37.494168867656512 ], [ 127.152183254695871, 37.494092527050867 ], [ 127.152049618371521, 37.494250921808884 ], [ 127.152196197665333, 37.494326626092146 ], [ 127.152156660291865, 37.494380646341355 ], [ 127.152277926923148, 37.494431028685639 ], [ 127.152476879191951, 37.494217003655606 ], [ 127.152348964540309, 37.494144555528337 ] ] ] }, { "type": "Polygon", "coordinates": [ [ [ 127.152502534592415, 37.494322531898582 ], [ 127.15229022037397, 37.494561225348654 ], [ 127.152300111578583, 37.494604568788496 ], [ 127.152893709128392, 37.495015683290241 ], [ 127.152956108371683, 37.494949019515659 ], [ 127.153037922650569, 37.494809169709441 ], [ 127.152930727618681, 37.494767104355063 ], [ 127.152913181157928, 37.494796931880671 ], [ 127.152799511108242, 37.494751450908851 ], [ 127.152749840641377, 37.494832883699949 ], [ 127.152628404114111, 37.494788457663596 ], [ 127.152687773784976, 37.494671765439932 ], [ 127.152433750169294, 37.494509072482096 ], [ 127.152526280443666, 37.494417538908337 ], [ 127.152645200478048, 37.494481709156439 ], [ 127.15279402738858, 37.494314473503579 ], [ 127.15266858281565, 37.494250320760727 ], [ 127.152575590950349, 37.494365136848614 ], [ 127.152502534592415, 37.494322531898582 ] ] ] }, { "type": "Polygon", "coordinates": [ [ [ 127.151608174501206, 37.494419249425732 ], [ 127.15152698579665, 37.494505497038347 ], [ 127.151661901450652, 37.494584343255902 ], [ 127.151740489045793, 37.494497999749292 ], [ 127.151608174501206, 37.494419249425732 ] ] ] }, { "type": "Polygon", "coordinates": [ [ [ 127.151448691016753, 37.494585713239424 ], [ 127.151366547264701, 37.494675214557361 ], [ 127.151503394046983, 37.494752716015967 ], [ 127.151585701638794, 37.494666016502357 ], [ 127.151448691016753, 37.494585713239424 ] ] ] }, { "type": "Polygon", "coordinates": [ [ [ 127.151508193059755, 37.495258179237517 ], [ 127.151669320701373, 37.495087658777514 ], [ 127.151556896875704, 37.495009270553709 ], [ 127.151466653120053, 37.495102899785749 ], [ 127.151374916672268, 37.495043820563964 ], [ 127.151283646309238, 37.495138802456175 ], [ 127.151472459846758, 37.495264099108915 ], [ 127.151508193059755, 37.495258179237517 ] ] ] }, { "type": "Polygon", "coordinates": [ [ [ 127.151400513693517, 37.495375409685636 ], [ 127.151437758443549, 37.495333637179435 ], [ 127.151436228501765, 37.495292364369824 ], [ 127.15130945546494, 37.495214417590176 ], [ 127.151264628669466, 37.495253397561193 ], [ 127.151251565749504, 37.495292039932735 ], [ 127.151400513693517, 37.495375409685636 ] ] ] }, { "type": "Polygon", "coordinates": [ [ [ 127.150985326570691, 37.495604095578038 ], [ 127.150941468524877, 37.495692475955302 ], [ 127.151055869413781, 37.495718685421011 ], [ 127.151097917930997, 37.495641596806088 ], [ 127.150985326570691, 37.495604095578038 ] ] ] }, { "type": "Polygon", "coordinates": [ [ [ 127.151549242965643, 37.495807195709773 ], [ 127.151638250378824, 37.495716973771096 ], [ 127.151509075159979, 37.495642724358987 ], [ 127.151429140788736, 37.495729249604715 ], [ 127.151549242965643, 37.495807195709773 ] ] ] }, { "type": "Polygon", "coordinates": [ [ [ 127.151328025761998, 37.495827019087969 ], [ 127.151149965604759, 37.495974017416053 ], [ 127.151172901526195, 37.495992413786503 ], [ 127.151251685649513, 37.495929856738627 ], [ 127.151318684694118, 37.495979651089208 ], [ 127.151442374595305, 37.495906215973712 ], [ 127.151328025761998, 37.495827019087969 ] ] ] }, { "type": "Polygon", "coordinates": [ [ [ 127.152695423805781, 37.495931324805824 ], [ 127.152596330035337, 37.49585854275783 ], [ 127.152488137577819, 37.495922697012858 ], [ 127.152632448667674, 37.496004530418887 ], [ 127.152695423805781, 37.495931324805824 ] ] ] }, { "type": "Polygon", "coordinates": [ [ [ 127.152263392143354, 37.496055061375664 ], [ 127.152381604817634, 37.496120566249544 ], [ 127.152445917752161, 37.496048890759909 ], [ 127.152511242928185, 37.496086883489326 ], [ 127.152534007396923, 37.496053643585142 ], [ 127.152395575836564, 37.495977046362988 ], [ 127.152263392143354, 37.496055061375664 ] ] ] }, { "type": "Polygon", "coordinates": [ [ [ 127.152568595577222, 37.496074214215604 ], [ 127.152674131268739, 37.496133761383106 ], [ 127.152741286153443, 37.496063992213955 ], [ 127.152632448667674, 37.496004530418887 ], [ 127.152568595577222, 37.496074214215604 ] ] ] }, { "type": "Polygon", "coordinates": [ [ [ 127.151958883616629, 37.496134214818206 ], [ 127.151840931645225, 37.496046274324492 ], [ 127.151737906838477, 37.496139000991029 ], [ 127.151825479208441, 37.496201599110776 ], [ 127.151958883616629, 37.496134214818206 ] ] ] }, { "type": "Polygon", "coordinates": [ [ [ 127.151155567028695, 37.49648038053094 ], [ 127.151311806122678, 37.496606547581372 ], [ 127.15140835684997, 37.496533011765393 ], [ 127.15131594547951, 37.496453931202453 ], [ 127.151407973394512, 37.496380752509026 ], [ 127.151222921415211, 37.496254757244159 ], [ 127.151258780266105, 37.496141600438655 ], [ 127.151108399922521, 37.49602677847156 ], [ 127.151088373004868, 37.496043796661162 ], [ 127.151150593965937, 37.496203951462093 ], [ 127.151116134306008, 37.496270326616482 ], [ 127.151202158214531, 37.49629950011127 ], [ 127.151174292632973, 37.496332538990238 ], [ 127.151093013369163, 37.496306621083299 ], [ 127.151021724427608, 37.496447744620717 ], [ 127.151151933843479, 37.496490106906812 ], [ 127.151155567028695, 37.49648038053094 ] ] ] }, { "type": "Polygon", "coordinates": [ [ [ 127.151625018268589, 37.496281240960556 ], [ 127.151581998285891, 37.496302243828396 ], [ 127.151768639181384, 37.496453329317717 ], [ 127.151799056631447, 37.496429783578009 ], [ 127.151625018268589, 37.496281240960556 ] ] ] }, { "type": "Polygon", "coordinates": [ [ [ 127.152816032065118, 37.496405077639217 ], [ 127.152761107645574, 37.496466803293721 ], [ 127.152866526923347, 37.496524350217051 ], [ 127.152919428949673, 37.496463537114437 ], [ 127.152816032065118, 37.496405077639217 ] ] ] }, { "type": "Polygon", "coordinates": [ [ [ 127.151631996875494, 37.496558775684171 ], [ 127.151367576889385, 37.496769674714933 ], [ 127.151460213570459, 37.496842447957555 ], [ 127.151795485089778, 37.496577461779502 ], [ 127.151796654508701, 37.496545925343895 ], [ 127.151625057547619, 37.496408218636653 ], [ 127.151534159380006, 37.496480765365192 ], [ 127.151631996875494, 37.496558775684171 ] ] ] }, { "type": "Polygon", "coordinates": [ [ [ 127.152794496393042, 37.496632643381126 ], [ 127.152897443044381, 37.496602355098034 ], [ 127.152929663470303, 37.49660941367695 ], [ 127.152757106437562, 37.496507019979752 ], [ 127.15269312846381, 37.496576613898128 ], [ 127.152794496393042, 37.496632643381126 ] ] ] }, { "type": "Polygon", "coordinates": [ [ [ 127.152516159316022, 37.49657981350969 ], [ 127.15260847661051, 37.496633944602841 ], [ 127.152670871529622, 37.496564343746272 ], [ 127.152574812860323, 37.496511028383622 ], [ 127.152516159316022, 37.49657981350969 ] ] ] }, { "type": "Polygon", "coordinates": [ [ [ 127.151031285475781, 37.496671738774786 ], [ 127.150931808139219, 37.496718302087537 ], [ 127.151028821184511, 37.496831038427544 ], [ 127.15122158986803, 37.496681075399508 ], [ 127.151111438713272, 37.496592160232289 ], [ 127.151031285475781, 37.496671738774786 ] ] ] }, { "type": "Polygon", "coordinates": [ [ [ 127.151746300236709, 37.496665362676922 ], [ 127.151880060238028, 37.496769257840164 ], [ 127.15197204929278, 37.49672752360825 ], [ 127.151979911947947, 37.496684094477565 ], [ 127.151848850040452, 37.496583538697202 ], [ 127.151746300236709, 37.496665362676922 ] ] ] }, { "type": "Polygon", "coordinates": [ [ [ 127.152350521061507, 37.496836016786219 ], [ 127.152402765332909, 37.496835787894724 ], [ 127.152504060995057, 37.496760362039986 ], [ 127.152655462054639, 37.496684070120814 ], [ 127.152548552699926, 37.496627858393403 ], [ 127.152535868759784, 37.496641092255516 ], [ 127.15241518538464, 37.496573338202083 ], [ 127.152366094086759, 37.496578077075689 ], [ 127.152262148360762, 37.496690888623327 ], [ 127.152314700598438, 37.496810131776748 ], [ 127.152350521061507, 37.496836016786219 ] ] ] }, { "type": "Polygon", "coordinates": [ [ [ 127.15125868929664, 37.496855002182166 ], [ 127.151350484243196, 37.496783806029995 ], [ 127.151253899092481, 37.496704352295993 ], [ 127.151161535694939, 37.496779693687174 ], [ 127.15125868929664, 37.496855002182166 ] ] ] }, { "type": "Polygon", "coordinates": [ [ [ 127.15212046259785, 37.496779349154004 ], [ 127.152043348146719, 37.496778032862998 ], [ 127.151747224566918, 37.496923578656528 ], [ 127.15181892988609, 37.496917324625251 ], [ 127.151699700221357, 37.49694858772601 ], [ 127.15177218863515, 37.497045325860611 ], [ 127.152194796154674, 37.496837431845421 ], [ 127.15212046259785, 37.496779349154004 ] ] ] }, { "type": "Polygon", "coordinates": [ [ [ 127.152142612170294, 37.497092904419446 ], [ 127.152359711405111, 37.496969280744608 ], [ 127.152226324185563, 37.49686006976237 ], [ 127.151836295295709, 37.497050596242694 ], [ 127.151909668137492, 37.497154018574015 ], [ 127.152113310405326, 37.497086454585151 ], [ 127.152142612170294, 37.497092904419446 ] ] ] }, { "type": "Polygon", "coordinates": [ [ [ 127.15112282500715, 37.497175461236978 ], [ 127.151118441833191, 37.496967957835245 ], [ 127.150977202706287, 37.496969379975837 ], [ 127.150975965334311, 37.497142904832693 ], [ 127.151095498336133, 37.497144357332068 ], [ 127.1510972494426, 37.497188864437533 ], [ 127.15112282500715, 37.497175461236978 ] ] ] }, { "type": "Polygon", "coordinates": [ [ [ 127.152917786862858, 37.49707295656642 ], [ 127.152860677065959, 37.49698776825722 ], [ 127.15270455854251, 37.497040901803103 ], [ 127.152771889680494, 37.497131032592826 ], [ 127.152917786862858, 37.49707295656642 ] ] ] }, { "type": "Polygon", "coordinates": [ [ [ 127.152644273469974, 37.497237360549974 ], [ 127.152755486899693, 37.497189960868063 ], [ 127.152646752642852, 37.497053472611348 ], [ 127.152529245746734, 37.4970809861912 ], [ 127.15251996563245, 37.497088638519479 ], [ 127.152644273469974, 37.497237360549974 ] ] ] }, { "type": "Polygon", "coordinates": [ [ [ 127.151378354892202, 37.497109796973888 ], [ 127.151303896884016, 37.497147760362672 ], [ 127.151322545405705, 37.49725012617872 ], [ 127.151343797823387, 37.497257712665331 ], [ 127.151455244502557, 37.497202114825335 ], [ 127.151378354892202, 37.497109796973888 ] ] ] }, { "type": "Polygon", "coordinates": [ [ [ 127.151138933326195, 37.497591810217408 ], [ 127.151174346182088, 37.497577790878715 ], [ 127.151201678937255, 37.497600515470431 ], [ 127.151261897106423, 37.497549748991496 ], [ 127.151177081016996, 37.497463540820178 ], [ 127.151308001834039, 37.497396881219437 ], [ 127.151287677614818, 37.497282173849726 ], [ 127.151299559913554, 37.497275067928335 ], [ 127.151295767781761, 37.497233527698995 ], [ 127.151273797621968, 37.497160980127049 ], [ 127.150926178363576, 37.497349287434595 ], [ 127.150918796430759, 37.497373245307493 ], [ 127.151079328125817, 37.497502029121733 ], [ 127.151052966230367, 37.497512460012842 ], [ 127.151138933326195, 37.497591810217408 ] ] ] }, { "type": "Polygon", "coordinates": [ [ [ 127.151414808353877, 37.497260109345255 ], [ 127.151335035237636, 37.497298070486444 ], [ 127.151355055484672, 37.497385117582461 ], [ 127.151388143077355, 37.497446875093118 ], [ 127.151516247335522, 37.49737994853502 ], [ 127.151414808353877, 37.497260109345255 ] ] ] }, { "type": "Polygon", "coordinates": [ [ [ 127.152711672781322, 37.497327599403505 ], [ 127.152783011666543, 37.497436673049016 ], [ 127.152915721856246, 37.497383254052785 ], [ 127.152843697160179, 37.497281839851347 ], [ 127.152711672781322, 37.497327599403505 ] ] ] }, { "type": "Polygon", "coordinates": [ [ [ 127.151762079180855, 37.497818800780145 ], [ 127.151873877432706, 37.49775780512303 ], [ 127.151931803499465, 37.49782172929892 ], [ 127.152042707866272, 37.497760545410614 ], [ 127.151942089924859, 37.497644787158968 ], [ 127.151971062475241, 37.497627955656824 ], [ 127.151997712722974, 37.49765419482668 ], [ 127.152217254454897, 37.497529577214543 ], [ 127.152137074371623, 37.497449301398667 ], [ 127.151927951151222, 37.497586834926224 ], [ 127.151854051588472, 37.497559358437066 ], [ 127.151758497060101, 37.497611278387843 ], [ 127.151820931775632, 37.497684873608378 ], [ 127.151702110514748, 37.497751275124152 ], [ 127.151762079180855, 37.497818800780145 ] ] ] }, { "type": "Polygon", "coordinates": [ [ [ 127.152649521521326, 37.497473514523676 ], [ 127.152557413468557, 37.497523808914785 ], [ 127.152674393023702, 37.497666341401981 ], [ 127.152778489115747, 37.497616509101874 ], [ 127.152649521521326, 37.497473514523676 ] ] ] }, { "type": "Polygon", "coordinates": [ [ [ 127.152564196295586, 37.497707973315215 ], [ 127.152455127255948, 37.497573909008146 ], [ 127.152362108580789, 37.497626997504653 ], [ 127.152468143158671, 37.497747992287913 ], [ 127.152564196295586, 37.497707973315215 ] ] ] }, { "type": "Polygon", "coordinates": [ [ [ 127.151100810051986, 37.497692698228839 ], [ 127.15114892366843, 37.497741651610987 ], [ 127.151191019349199, 37.497716009934699 ], [ 127.151142677556919, 37.497666056750319 ], [ 127.151100810051986, 37.497692698228839 ] ] ] }, { "type": "Polygon", "coordinates": [ [ [ 127.152322926364718, 37.497762836985736 ], [ 127.152256297934997, 37.49768476041109 ], [ 127.152139070472984, 37.497750619733424 ], [ 127.152211346610457, 37.49782546359571 ], [ 127.152322926364718, 37.497762836985736 ] ] ] }, { "type": "Polygon", "coordinates": [ [ [ 127.15106425211691, 37.497716629976594 ], [ 127.150984666657237, 37.497786666182193 ], [ 127.151022044312228, 37.497827866591713 ], [ 127.151111454786971, 37.497768116332189 ], [ 127.15106425211691, 37.497716629976594 ] ] ] }, { "type": "Polygon", "coordinates": [ [ [ 127.152945364096439, 37.498118304554218 ], [ 127.153038204385552, 37.498206312159446 ], [ 127.153107591245146, 37.498154650007862 ], [ 127.153111519418076, 37.498184648209396 ], [ 127.153192021000521, 37.498188139868908 ], [ 127.153164693502617, 37.498062161332811 ], [ 127.152849276275902, 37.497805042449997 ], [ 127.152787454865887, 37.497873471354708 ], [ 127.152843598291042, 37.497916584303383 ], [ 127.152707917482061, 37.497994685359423 ], [ 127.152878829978377, 37.498149068806455 ], [ 127.152865020093017, 37.498159231739081 ], [ 127.152874164679986, 37.49816842822613 ], [ 127.152945364096439, 37.498118304554218 ] ], [ [ 127.153108520236543, 37.498138701146637 ], [ 127.153082420432568, 37.498116516016033 ], [ 127.153118508386754, 37.498100864422995 ], [ 127.153108520236543, 37.498138701146637 ] ] ] }, { "type": "Polygon", "coordinates": [ [ [ 127.15188746485876, 37.498020185568393 ], [ 127.15181972110841, 37.497932820877814 ], [ 127.151705195811772, 37.497998775439576 ], [ 127.151774859955367, 37.498085146654404 ], [ 127.15188746485876, 37.498020185568393 ] ] ] }, { "type": "Polygon", "coordinates": [ [ [ 127.152677787663762, 37.498133054179334 ], [ 127.152757562342202, 37.498084550454934 ], [ 127.152704475526903, 37.498031891983345 ], [ 127.152625609600122, 37.498076790516897 ], [ 127.152677787663762, 37.498133054179334 ] ] ] }, { "type": "Polygon", "coordinates": [ [ [ 127.152247386246515, 37.498224622931843 ], [ 127.152194863668768, 37.498171242713802 ], [ 127.151914628775145, 37.498279953842989 ], [ 127.151902846132899, 37.498297331078312 ], [ 127.151990165207238, 37.498373264146949 ], [ 127.152100044154409, 37.498313523113097 ], [ 127.152167255498583, 37.49837195726235 ], [ 127.152187739677615, 37.498357199818663 ], [ 127.152127197513096, 37.498297324591896 ], [ 127.152247386246515, 37.498224622931843 ] ] ] }, { "type": "Polygon", "coordinates": [ [ [ 127.152938712319639, 37.498279573747418 ], [ 127.152880211396067, 37.498217182504789 ], [ 127.152799414141455, 37.498263336015022 ], [ 127.152860402575953, 37.498325552920953 ], [ 127.152938712319639, 37.498279573747418 ] ] ] }, { "type": "Polygon", "coordinates": [ [ [ 127.151190103776926, 37.498458505764901 ], [ 127.151213817210291, 37.498486451715124 ], [ 127.151285159054368, 37.498495614548368 ], [ 127.151608819154688, 37.498301345020174 ], [ 127.151588757329918, 37.498244652665527 ], [ 127.151190103776926, 37.498458505764901 ] ] ] }, { "type": "Polygon", "coordinates": [ [ [ 127.152796449206065, 37.498475335684951 ], [ 127.152921028718652, 37.49841552100424 ], [ 127.152832243923768, 37.498325444829987 ], [ 127.152717046020243, 37.498394185313991 ], [ 127.152796449206065, 37.498475335684951 ] ] ] }, { "type": "Polygon", "coordinates": [ [ [ 127.150916243331196, 37.498702905786985 ], [ 127.150942184367921, 37.498674004997291 ], [ 127.150955501150094, 37.498688611354289 ], [ 127.150929114589218, 37.49872093650341 ], [ 127.151145273993791, 37.498587675596397 ], [ 127.151154149898872, 37.498541641365684 ], [ 127.151116656913032, 37.498499531141171 ], [ 127.15103304851192, 37.498537397818367 ], [ 127.151016583163553, 37.498588469214269 ], [ 127.150928255856698, 37.498414787404855 ], [ 127.15084529884976, 37.498467429496976 ], [ 127.150897187896192, 37.498572159002691 ], [ 127.150916653886483, 37.498562718956542 ], [ 127.15092940252066, 37.498581650826686 ], [ 127.150838543089236, 37.498624193706682 ], [ 127.150916243331196, 37.498702905786985 ] ] ] }, { "type": "Polygon", "coordinates": [ [ [ 127.152330697249724, 37.498528585494419 ], [ 127.152315326410303, 37.498516144309818 ], [ 127.152335589301444, 37.498503810808522 ], [ 127.152269740089451, 37.498442410734306 ], [ 127.152159047312836, 37.498519262918535 ], [ 127.152120981487414, 37.498485001438006 ], [ 127.152020585370991, 37.498553578212167 ], [ 127.152090844403929, 37.498620387803022 ], [ 127.152193731620599, 37.498547762310849 ], [ 127.152235523677888, 37.498584821118264 ], [ 127.152330697249724, 37.498528585494419 ] ] ] }, { "type": "Polygon", "coordinates": [ [ [ 127.151332144755628, 37.498540064287361 ], [ 127.151318290659802, 37.498590510724995 ], [ 127.151360982711793, 37.498631082593661 ], [ 127.151545202525668, 37.498535901604605 ], [ 127.151473491951251, 37.498455479447024 ], [ 127.151332144755628, 37.498540064287361 ] ] ] }, { "type": "Polygon", "coordinates": [ [ [ 127.152715604312391, 37.498554114342063 ], [ 127.152710011454204, 37.498595819696334 ], [ 127.152786369957752, 37.498669946181693 ], [ 127.152886760765412, 37.498604612358911 ], [ 127.15279956303047, 37.498510930136959 ], [ 127.152715604312391, 37.498554114342063 ] ] ] }, { "type": "Polygon", "coordinates": [ [ [ 127.151802366657904, 37.498894244109522 ], [ 127.151709403166976, 37.498812182287502 ], [ 127.151713640384386, 37.498765243905687 ], [ 127.151651293597297, 37.498617343209574 ], [ 127.151548756296961, 37.498684300506042 ], [ 127.151677518896989, 37.498809636952757 ], [ 127.151597735535361, 37.498854535961527 ], [ 127.151702449362062, 37.498948223830155 ], [ 127.151802366657904, 37.498894244109522 ] ] ] }, { "type": "Polygon", "coordinates": [ [ [ 127.1523792920799, 37.498737383841764 ], [ 127.15232394738247, 37.498681115085674 ], [ 127.152206808298786, 37.498763561729014 ], [ 127.152143215335514, 37.498705122993258 ], [ 127.152022232763485, 37.498782781043388 ], [ 127.152091358451997, 37.498848249587688 ], [ 127.15220974466078, 37.498767252076149 ], [ 127.152275366687036, 37.498828030781375 ], [ 127.1523792920799, 37.498737383841764 ] ] ] }, { "type": "Polygon", "coordinates": [ [ [ 127.152635853880781, 37.498760824274633 ], [ 127.152716382738447, 37.498844856448258 ], [ 127.152673038274358, 37.498868157665811 ], [ 127.152776740967781, 37.498964467779089 ], [ 127.15289932861198, 37.498869868137227 ], [ 127.152706968007337, 37.498679256023472 ], [ 127.152593465397715, 37.498747823024154 ], [ 127.152635853880781, 37.498760824274633 ] ] ] }, { "type": "Polygon", "coordinates": [ [ [ 127.151089937928887, 37.498892427215509 ], [ 127.151175041936682, 37.49884447643592 ], [ 127.151256630608174, 37.498797413028491 ], [ 127.151206374373004, 37.49874052462048 ], [ 127.151033492097554, 37.498810940310761 ], [ 127.151089937928887, 37.498892427215509 ] ] ] }, { "type": "Polygon", "coordinates": [ [ [ 127.152093327192986, 37.49899519987698 ], [ 127.151958709440947, 37.498843553188117 ], [ 127.151867529410694, 37.498878348681423 ], [ 127.152023775234241, 37.499089298649054 ], [ 127.151907222215627, 37.499148678692038 ], [ 127.15197138241713, 37.499207918716152 ], [ 127.152140892280059, 37.499119395895633 ], [ 127.152093327192986, 37.49899519987698 ] ] ] }, { "type": "Polygon", "coordinates": [ [ [ 127.151191300145257, 37.498865295927033 ], [ 127.151105968351473, 37.498912445118265 ], [ 127.151191339971632, 37.499009906081056 ], [ 127.151278262558222, 37.498955195437816 ], [ 127.151191300145257, 37.498865295927033 ] ] ] }, { "type": "Polygon", "coordinates": [ [ [ 127.151521818791608, 37.499062961170729 ], [ 127.151418228767952, 37.498977020301957 ], [ 127.151251788552216, 37.499056978715359 ], [ 127.151253787095044, 37.49908374483703 ], [ 127.151228546770838, 37.499101112029095 ], [ 127.151343854729362, 37.499046608633748 ], [ 127.151470458520762, 37.499161072988642 ], [ 127.151528675260707, 37.499104227189243 ], [ 127.15150245857842, 37.499085735953898 ], [ 127.151521818791608, 37.499062961170729 ] ] ] }, { "type": "Polygon", "coordinates": [ [ [ 127.152931411437024, 37.499273176851268 ], [ 127.152987778195254, 37.499224739018096 ], [ 127.153047166762832, 37.499211093828549 ], [ 127.153058050614334, 37.499191104740305 ], [ 127.15292210117785, 37.49911477529718 ], [ 127.152685368120927, 37.499240100945691 ], [ 127.152764195002192, 37.499326649041805 ], [ 127.152712140651246, 37.49935462859235 ], [ 127.152931411437024, 37.499273176851268 ] ] ] }, { "type": "Polygon", "coordinates": [ [ [ 127.152209399389719, 37.49942271964165 ], [ 127.152262138368371, 37.499482046152174 ], [ 127.152331114714173, 37.49948407546492 ], [ 127.152630001043505, 37.499386286637858 ], [ 127.152549884295624, 37.499248824699755 ], [ 127.152447019462073, 37.499304782000749 ], [ 127.152289525821459, 37.49927834959729 ], [ 127.152353324899082, 37.499354627746968 ], [ 127.152209399389719, 37.49942271964165 ] ] ] }, { "type": "Polygon", "coordinates": [ [ [ 127.150865400787836, 37.499311116792825 ], [ 127.150935841367328, 37.499412444069577 ], [ 127.151078750232614, 37.499344355012354 ], [ 127.151001269030061, 37.499268156555836 ], [ 127.150961806273799, 37.499264881798702 ], [ 127.150865400787836, 37.499311116792825 ] ] ] }, { "type": "Polygon", "coordinates": [ [ [ 127.151966044798641, 37.499501092270982 ], [ 127.152005956848058, 37.499604196704617 ], [ 127.152152587879954, 37.499548454293077 ], [ 127.152166884534694, 37.49950458448771 ], [ 127.152123510653354, 37.499462833478859 ], [ 127.151966044798641, 37.499501092270982 ] ] ] }, { "type": "Polygon", "coordinates": [ [ [ 127.151597440132619, 37.499464133645098 ], [ 127.151382807562172, 37.499547397041894 ], [ 127.151506947099094, 37.499667594820629 ], [ 127.151574667449651, 37.499590068041798 ], [ 127.151597440132619, 37.499464133645098 ] ] ] }, { "type": "Polygon", "coordinates": [ [ [ 127.152757218095758, 37.499769930993459 ], [ 127.152779944465209, 37.499773370739895 ], [ 127.152775620322899, 37.499793729821413 ], [ 127.152916378606932, 37.499730767978676 ], [ 127.152841542941388, 37.499616103739697 ], [ 127.152719964007034, 37.49961709733423 ], [ 127.152663171636746, 37.499639758027584 ], [ 127.152757218095758, 37.499769930993459 ] ] ] }, { "type": "Polygon", "coordinates": [ [ [ 127.151460627037835, 37.499718911397594 ], [ 127.151392517461218, 37.499652729416674 ], [ 127.151232764033097, 37.499712433886287 ], [ 127.151283761576735, 37.499806082052814 ], [ 127.151460627037835, 37.499718911397594 ] ] ] }, { "type": "Polygon", "coordinates": [ [ [ 127.152792715576084, 37.500010533099761 ], [ 127.152831481314024, 37.499981993898594 ], [ 127.152603429982051, 37.499663584752803 ], [ 127.15239165521271, 37.499750540416173 ], [ 127.152498385224817, 37.49995704795738 ], [ 127.152754286003926, 37.499959045217224 ], [ 127.152742354512625, 37.499992370386188 ], [ 127.152792715576084, 37.500010533099761 ] ] ] }, { "type": "Polygon", "coordinates": [ [ [ 127.151346718146044, 37.499947738223163 ], [ 127.151514108048872, 37.499821485202666 ], [ 127.151531234689642, 37.499778792190185 ], [ 127.151469328438992, 37.499727027355725 ], [ 127.151323573734118, 37.499802959172825 ], [ 127.151263244882159, 37.499889792756065 ], [ 127.151346718146044, 37.499947738223163 ] ] ] }, { "type": "Polygon", "coordinates": [ [ [ 127.152883753685288, 37.500050628031843 ], [ 127.152737368872607, 37.500116525278344 ], [ 127.152791407883512, 37.500220007790155 ], [ 127.152958785914009, 37.500161579871623 ], [ 127.152883753685288, 37.500050628031843 ] ] ] }, { "type": "Polygon", "coordinates": [ [ [ 127.150868894488511, 37.50031013898964 ], [ 127.151014741491466, 37.500251416683057 ], [ 127.151033339744245, 37.500209262482073 ], [ 127.150951223377788, 37.500134232158231 ], [ 127.150866565403845, 37.500276345500808 ], [ 127.150868894488511, 37.50031013898964 ] ] ] }, { "type": "Polygon", "coordinates": [ [ [ 127.152739076572885, 37.500296010893607 ], [ 127.152603876095029, 37.500345279253928 ], [ 127.152597727747192, 37.500375182227934 ], [ 127.152714252699425, 37.500435823484032 ], [ 127.152794593385863, 37.50039200421633 ], [ 127.152739076572885, 37.500296010893607 ] ] ] }, { "type": "Polygon", "coordinates": [ [ [ 127.152414785635258, 37.50043811648387 ], [ 127.152491142990627, 37.500510882630032 ], [ 127.152602305925654, 37.500424740268684 ], [ 127.152493917967107, 37.500372584913947 ], [ 127.152414785635258, 37.50043811648387 ] ] ] }, { "type": "Polygon", "coordinates": [ [ [ 127.152741308678841, 37.500471963920241 ], [ 127.152663370000496, 37.500461972483301 ], [ 127.152581454871921, 37.500555150339579 ], [ 127.15264112566696, 37.500591204039118 ], [ 127.152761140872173, 37.500492571384434 ], [ 127.152741308678841, 37.500471963920241 ] ] ] }, { "type": "Polygon", "coordinates": [ [ [ 127.152778378751776, 37.500516515859118 ], [ 127.15287944790559, 37.500612342686061 ], [ 127.152964862939598, 37.50057240911319 ], [ 127.152889048428662, 37.500488704464367 ], [ 127.152778378751776, 37.500516515859118 ] ] ] }, { "type": "Polygon", "coordinates": [ [ [ 127.152495703574132, 37.500652838029765 ], [ 127.152405561914904, 37.500586414499885 ], [ 127.152306936381592, 37.500681929070289 ], [ 127.152407819122502, 37.50075274483553 ], [ 127.152495703574132, 37.500652838029765 ] ] ] }, { "type": "Polygon", "coordinates": [ [ [ 127.151810654136341, 37.500704653938037 ], [ 127.151741967246053, 37.500650086767976 ], [ 127.151668518803433, 37.500708186385523 ], [ 127.151735409613352, 37.500752484505753 ], [ 127.151739231880455, 37.500769337315752 ], [ 127.151810654136341, 37.500704653938037 ] ] ] }, { "type": "Polygon", "coordinates": [ [ [ 127.152692628402633, 37.500765985793201 ], [ 127.152770626025713, 37.500827469162061 ], [ 127.152859238237781, 37.500740940973976 ], [ 127.152778265342377, 37.500684552110172 ], [ 127.152692628402633, 37.500765985793201 ] ] ] }, { "type": "Polygon", "coordinates": [ [ [ 127.153569552971433, 37.49270241972274 ], [ 127.153699050930456, 37.492619550284829 ], [ 127.153642558258511, 37.492575356951399 ], [ 127.153563490835708, 37.492601425525358 ], [ 127.153501067436181, 37.492509838192696 ], [ 127.153309062914914, 37.492599617311114 ], [ 127.153357154830189, 37.492666688957861 ], [ 127.153395127786283, 37.492684191612426 ], [ 127.15349412947252, 37.492640663178413 ], [ 127.153569552971433, 37.49270241972274 ] ] ] }, { "type": "Polygon", "coordinates": [ [ [ 127.153801331773735, 37.493127518897559 ], [ 127.15384691226798, 37.493132424643051 ], [ 127.153846786713629, 37.493232075295936 ], [ 127.153945247282792, 37.493250346707221 ], [ 127.153950924764487, 37.493139525513776 ], [ 127.15406059508193, 37.493148538116024 ], [ 127.154049372950453, 37.493268529632672 ], [ 127.154151122027997, 37.493285733447721 ], [ 127.154440554577874, 37.49332857108724 ], [ 127.154483670490848, 37.493311477381468 ], [ 127.154514396804387, 37.493235276150799 ], [ 127.154518368443092, 37.493131214632179 ], [ 127.154157601291246, 37.493068953724688 ], [ 127.153944243149127, 37.493051137119693 ], [ 127.153948242359988, 37.493015902897746 ], [ 127.154085840675762, 37.493029438496642 ], [ 127.154115940255366, 37.492828449805621 ], [ 127.154009660513864, 37.492812783504611 ], [ 127.154022846919631, 37.492796854840627 ], [ 127.153948559297348, 37.492754531671793 ], [ 127.153859672552045, 37.492862099467381 ], [ 127.153820074652799, 37.492835219657266 ], [ 127.153901538692992, 37.492741969330261 ], [ 127.153810788348324, 37.492694693791407 ], [ 127.153761763072822, 37.492752952506301 ], [ 127.153676926284547, 37.49268314426709 ], [ 127.153583209483799, 37.492751011047204 ], [ 127.153824847167513, 37.492952478532487 ], [ 127.153765756783045, 37.492999100303862 ], [ 127.15378170392863, 37.493000647491094 ], [ 127.153777131583013, 37.493037675434287 ], [ 127.153817394034164, 37.493040948226422 ], [ 127.153801331773735, 37.493127518897559 ] ] ] }, { "type": "Polygon", "coordinates": [ [ [ 127.153349548705066, 37.492691007688428 ], [ 127.153183014018779, 37.492761076045575 ], [ 127.153275081552067, 37.492839164542836 ], [ 127.153417228150587, 37.492742502891645 ], [ 127.153349548705066, 37.492691007688428 ] ] ] }, { "type": "Polygon", "coordinates": [ [ [ 127.153392467309644, 37.492928365782348 ], [ 127.153482273518975, 37.493000780728408 ], [ 127.153579151269682, 37.492935712069674 ], [ 127.153417613567882, 37.492793228644487 ], [ 127.153282031067249, 37.492887106786611 ], [ 127.153356018955336, 37.49295464972262 ], [ 127.153392467309644, 37.492928365782348 ] ] ] }, { "type": "Polygon", "coordinates": [ [ [ 127.153605802598179, 37.492963032096235 ], [ 127.153296741755355, 37.493166154323276 ], [ 127.153190107324505, 37.493070298827959 ], [ 127.153218732783955, 37.493050593267164 ], [ 127.153142825498648, 37.492984485298045 ], [ 127.152997518639594, 37.493084484364203 ], [ 127.153073539668398, 37.493150934659283 ], [ 127.153102743543769, 37.493132048293951 ], [ 127.153245398527019, 37.493263969654272 ], [ 127.153177470591515, 37.493330235246837 ], [ 127.153285790818657, 37.493376074129699 ], [ 127.153441017237199, 37.493260510715999 ], [ 127.153608630305854, 37.493236670871518 ], [ 127.153579368148826, 37.493126363187557 ], [ 127.153684652667593, 37.493030307276449 ], [ 127.153605802598179, 37.492963032096235 ] ] ] }, { "type": "Polygon", "coordinates": [ [ [ 127.153697740092269, 37.49352289360403 ], [ 127.153944213021347, 37.493648409387625 ], [ 127.154110515117523, 37.493485627474641 ], [ 127.15422855562133, 37.493495539118015 ], [ 127.1542460474911, 37.49343375302832 ], [ 127.154364401344864, 37.493464287997419 ], [ 127.154409308077746, 37.493360434811059 ], [ 127.153895116167789, 37.493287613622243 ], [ 127.153876439411547, 37.493395262038128 ], [ 127.15366327455925, 37.493400690452063 ], [ 127.153660785786343, 37.493500524343474 ], [ 127.153574951577497, 37.493508032046904 ], [ 127.153629087683242, 37.493532938051317 ], [ 127.153697740092269, 37.49352289360403 ] ] ] }, { "type": "Polygon", "coordinates": [ [ [ 127.153259065005216, 37.493837374873387 ], [ 127.153296081590653, 37.49380667534183 ], [ 127.153391340842802, 37.493863153679065 ], [ 127.153537358652343, 37.493734059970727 ], [ 127.153433506891218, 37.493678295577915 ], [ 127.153351315416216, 37.493753733754737 ], [ 127.153298232551109, 37.493707301406332 ], [ 127.153396605640225, 37.493620697108184 ], [ 127.153320801576498, 37.49356125652011 ], [ 127.153240992476299, 37.493629321389164 ], [ 127.153168330436259, 37.493591419553383 ], [ 127.153048990405736, 37.493721884154198 ], [ 127.153259065005216, 37.493837374873387 ] ] ] }, { "type": "Polygon", "coordinates": [ [ [ 127.153624871885896, 37.493745840520141 ], [ 127.153768958732556, 37.493818933170139 ], [ 127.15382466699937, 37.493765909660823 ], [ 127.153671307477751, 37.493687125696894 ], [ 127.153624871885896, 37.493745840520141 ] ] ] }, { "type": "Polygon", "coordinates": [ [ [ 127.153669562466476, 37.493913909372743 ], [ 127.15374508063411, 37.493837740756135 ], [ 127.153643259263276, 37.493779640345636 ], [ 127.153566391738551, 37.493853999626708 ], [ 127.153669562466476, 37.493913909372743 ] ] ] }, { "type": "Polygon", "coordinates": [ [ [ 127.152990279654944, 37.494141815921999 ], [ 127.15308220243007, 37.49416431310533 ], [ 127.153315573831307, 37.494280314424593 ], [ 127.153411864454029, 37.494175710839862 ], [ 127.153097948176367, 37.494015727198814 ], [ 127.153114651005254, 37.493999424717984 ], [ 127.153214567259653, 37.494049328938253 ], [ 127.153280444767063, 37.493969758212081 ], [ 127.153181854546943, 37.493915716759574 ], [ 127.153155786949696, 37.493947897860721 ], [ 127.153079237747605, 37.493900306213163 ], [ 127.15301052365443, 37.493980799484369 ], [ 127.153088235190779, 37.494027191356054 ], [ 127.152990279654944, 37.494141815921999 ] ] ] }, { "type": "Polygon", "coordinates": [ [ [ 127.153572445934429, 37.493995646882667 ], [ 127.153390723304042, 37.493898834029828 ], [ 127.153313862877127, 37.493988059618118 ], [ 127.153384912555339, 37.494028044741412 ], [ 127.153322850627859, 37.49410436702648 ], [ 127.153428774655893, 37.494155731973073 ], [ 127.153493750087989, 37.494083072950801 ], [ 127.153484140301501, 37.494078472197657 ], [ 127.153572445934429, 37.493995646882667 ] ] ] }, { "type": "Polygon", "coordinates": [ [ [ 127.154227658609059, 37.493960275523854 ], [ 127.154255342151259, 37.493883357502284 ], [ 127.154160908320378, 37.493860522095353 ], [ 127.15399557264152, 37.494003985406152 ], [ 127.153871329157298, 37.494236342107129 ], [ 127.154007639474287, 37.494266016342557 ], [ 127.153977818523487, 37.49434859533234 ], [ 127.154083418162557, 37.494373515792205 ], [ 127.15417145434138, 37.494158450780546 ], [ 127.154056463785267, 37.494147471965704 ], [ 127.154094597696201, 37.494026851055395 ], [ 127.154217049592944, 37.49404253241434 ], [ 127.154239196778391, 37.493962269837127 ], [ 127.154227658609059, 37.493960275523854 ] ] ] }, { "type": "Polygon", "coordinates": [ [ [ 127.153528796255799, 37.494374582084426 ], [ 127.153756560012908, 37.494473768094274 ], [ 127.153827502963495, 37.494293792241365 ], [ 127.153802263869039, 37.494288400763125 ], [ 127.153892416914488, 37.494101939941366 ], [ 127.153762340289759, 37.494051291295229 ], [ 127.153703676957008, 37.4941527833086 ], [ 127.153657254851822, 37.494290749981836 ], [ 127.153597274107639, 37.494261328503306 ], [ 127.153528796255799, 37.494374582084426 ] ] ] }, { "type": "Polygon", "coordinates": [ [ [ 127.153635740329165, 37.495034579215456 ], [ 127.153554890098718, 37.495180987459541 ], [ 127.153455307115152, 37.495140156166755 ], [ 127.153390296188903, 37.495212508861698 ], [ 127.153522197821729, 37.495258875813988 ], [ 127.153713942052008, 37.495065463846721 ], [ 127.153960266177606, 37.494781430775419 ], [ 127.153974388579229, 37.494786313985713 ], [ 127.154070185442251, 37.494689269890614 ], [ 127.153918104580129, 37.494628657755953 ], [ 127.153650724236883, 37.495040479483535 ], [ 127.153635740329165, 37.495034579215456 ] ] ] }, { "type": "Polygon", "coordinates": [ [ [ 127.154234484463416, 37.494874618324161 ], [ 127.154333343361429, 37.49466547680192 ], [ 127.154294235058671, 37.494646345116266 ], [ 127.154192470236367, 37.494738991221773 ], [ 127.154137037157255, 37.494849678461257 ], [ 127.154038363413278, 37.494811044919935 ], [ 127.1539099784885, 37.494942495118622 ], [ 127.154086761422306, 37.495005336869731 ], [ 127.154140821930866, 37.494903562307343 ], [ 127.154141902774001, 37.494851221893626 ], [ 127.154234484463416, 37.494874618324161 ] ] ] }, { "type": "Polygon", "coordinates": [ [ [ 127.153802946385525, 37.495081260793611 ], [ 127.153848157720887, 37.495104259066068 ], [ 127.153877271436542, 37.495152046536347 ], [ 127.153936192632202, 37.495049193612878 ], [ 127.153841705828015, 37.495012086204937 ], [ 127.153802946385525, 37.495081260793611 ] ] ] }, { "type": "Polygon", "coordinates": [ [ [ 127.153641640729205, 37.495217366238201 ], [ 127.153734329502427, 37.495254377011392 ], [ 127.153783942522324, 37.495178457999089 ], [ 127.153708559898007, 37.495149308710943 ], [ 127.153641640729205, 37.495217366238201 ] ] ] }, { "type": "Polygon", "coordinates": [ [ [ 127.153088451892927, 37.495488602090369 ], [ 127.153046611715837, 37.495589396421266 ], [ 127.153139648327084, 37.495613793231307 ], [ 127.153222303677353, 37.495526182136132 ], [ 127.153088451892927, 37.495488602090369 ] ] ] }, { "type": "Polygon", "coordinates": [ [ [ 127.153444313946451, 37.49550220058758 ], [ 127.153377609708286, 37.495676683645193 ], [ 127.153542525728, 37.495731045037509 ], [ 127.15360852299608, 37.495587295862762 ], [ 127.153527840048255, 37.495532006303826 ], [ 127.153444313946451, 37.49550220058758 ] ] ] }, { "type": "Polygon", "coordinates": [ [ [ 127.153832952829575, 37.495524117027927 ], [ 127.153762405763331, 37.495598855696528 ], [ 127.153842968042412, 37.495655857147419 ], [ 127.153946046461101, 37.495696836769085 ], [ 127.154012637724662, 37.495617598104992 ], [ 127.153832952829575, 37.495524117027927 ] ] ] }, { "type": "Polygon", "coordinates": [ [ [ 127.15288342403845, 37.495785951232911 ], [ 127.152857416587707, 37.49578107410823 ], [ 127.152819714464087, 37.495820063558277 ], [ 127.152904456849313, 37.495875348396673 ], [ 127.153050089636807, 37.495704458497414 ], [ 127.152916591824294, 37.495663084599968 ], [ 127.15288342403845, 37.495785951232911 ] ] ] }, { "type": "Polygon", "coordinates": [ [ [ 127.153674843975907, 37.495826200353243 ], [ 127.153725600628263, 37.495745234307265 ], [ 127.15359626785893, 37.49571144222098 ], [ 127.153563719550831, 37.495793502018309 ], [ 127.153674843975907, 37.495826200353243 ] ] ] }, { "type": "Polygon", "coordinates": [ [ [ 127.153425369437471, 37.49601422642538 ], [ 127.153488662131792, 37.49586372331202 ], [ 127.153468659811239, 37.495853522705545 ], [ 127.153492252897777, 37.495794161600259 ], [ 127.153352533353214, 37.495740722817978 ], [ 127.153262585927834, 37.495968962219443 ], [ 127.153425369437471, 37.49601422642538 ] ] ] }, { "type": "Polygon", "coordinates": [ [ [ 127.153062323390756, 37.495972237614005 ], [ 127.152969541511894, 37.495917395675647 ], [ 127.152919488450237, 37.495972042324659 ], [ 127.152929520847877, 37.496012232024881 ], [ 127.153086338919564, 37.496116141330184 ], [ 127.153172398333837, 37.496028363729948 ], [ 127.15313782755689, 37.495994098075329 ], [ 127.153116210926072, 37.495918126583504 ], [ 127.153062323390756, 37.495972237614005 ] ] ] }, { "type": "Polygon", "coordinates": [ [ [ 127.153877322539003, 37.496056739207177 ], [ 127.15403885948011, 37.496189392024299 ], [ 127.154092879302766, 37.496122756500064 ], [ 127.153968275638974, 37.496018149238679 ], [ 127.153877322539003, 37.496056739207177 ] ] ] }, { "type": "Polygon", "coordinates": [ [ [ 127.153990801328391, 37.496468529341357 ], [ 127.154010217642281, 37.496407308462473 ], [ 127.154049053367302, 37.496364280699765 ], [ 127.153921095857626, 37.496323378319744 ], [ 127.153875452429872, 37.496383083292848 ], [ 127.153846261685402, 37.49639782522955 ], [ 127.153847696983973, 37.496430808934697 ], [ 127.153990801328391, 37.496468529341357 ] ] ] }, { "type": "Polygon", "coordinates": [ [ [ 127.153171683657447, 37.496771048723666 ], [ 127.153249320198483, 37.496728584091905 ], [ 127.153115227556881, 37.496612076927711 ], [ 127.153088179552512, 37.496724763472642 ], [ 127.153112854778982, 37.496797676649543 ], [ 127.152954439798535, 37.496878104716849 ], [ 127.153159611168832, 37.496941235798602 ], [ 127.153237939861299, 37.496788037576358 ], [ 127.153171683657447, 37.496771048723666 ] ] ] }, { "type": "Polygon", "coordinates": [ [ [ 127.153117228637313, 37.497199246040189 ], [ 127.152975792464673, 37.497170487376529 ], [ 127.153138120982803, 37.497414602894224 ], [ 127.153233743436502, 37.497357726248637 ], [ 127.153107363757385, 37.497225279532209 ], [ 127.153306552945921, 37.497271109850615 ], [ 127.153336262114564, 37.497299966695017 ], [ 127.153455308472758, 37.497234103842054 ], [ 127.153299190824114, 37.49719272343858 ], [ 127.153344562338219, 37.497082022534535 ], [ 127.153183356105103, 37.497034963215789 ], [ 127.153117228637313, 37.497199246040189 ] ] ] }, { "type": "Polygon", "coordinates": [ [ [ 127.15365379635125, 37.497396793966324 ], [ 127.153516450831859, 37.497260820886019 ], [ 127.153334489405566, 37.49736275955032 ], [ 127.153455795307579, 37.497485571863017 ], [ 127.15365379635125, 37.497396793966324 ] ] ] }, { "type": "Polygon", "coordinates": [ [ [ 127.153358603314715, 37.497526845412871 ], [ 127.153246559157509, 37.497415220516523 ], [ 127.153167795784867, 37.497465615374189 ], [ 127.153263344451631, 37.497567864120093 ], [ 127.153358603314715, 37.497526845412871 ] ] ] }, { "type": "Polygon", "coordinates": [ [ [ 127.153527218166516, 37.497713576726824 ], [ 127.153733495610879, 37.497707418606879 ], [ 127.15372622541031, 37.497546410561561 ], [ 127.153699980008341, 37.497547201210573 ], [ 127.153607134595973, 37.497646241378675 ], [ 127.153536636469184, 37.497690426971253 ], [ 127.153527218166516, 37.497713576726824 ] ] ] }, { "type": "Polygon", "coordinates": [ [ [ 127.154059601978958, 37.497825515313856 ], [ 127.154052993833716, 37.497773527233889 ], [ 127.154008246918679, 37.497740608460909 ], [ 127.153967538002874, 37.497741471897051 ], [ 127.153939695653833, 37.497763348020513 ], [ 127.153933658669985, 37.497825425582299 ], [ 127.154059601978958, 37.497825515313856 ] ] ] }, { "type": "Polygon", "coordinates": [ [ [ 127.153729241646317, 37.497856890697186 ], [ 127.153781003049843, 37.497880267973137 ], [ 127.153835848633747, 37.497879854894961 ], [ 127.153864362956753, 37.497771220803259 ], [ 127.153504196111385, 37.49777040528032 ], [ 127.153530379139283, 37.497811330976781 ], [ 127.15365723416474, 37.497837197525669 ], [ 127.153624887490238, 37.497929879821015 ], [ 127.153640020073922, 37.497947465843396 ], [ 127.153720401275862, 37.497964192962982 ], [ 127.153747414095335, 37.497884563970388 ], [ 127.153729241646317, 37.497856890697186 ] ] ] }, { "type": "Polygon", "coordinates": [ [ [ 127.153244248774826, 37.497832737103941 ], [ 127.153158239330764, 37.497789608623485 ], [ 127.15308941588259, 37.49784568497661 ], [ 127.153160374550978, 37.49790042867442 ], [ 127.153244248774826, 37.497832737103941 ] ] ] }, { "type": "Polygon", "coordinates": [ [ [ 127.153340487538728, 37.49951566905132 ], [ 127.153500497456406, 37.49942731867322 ], [ 127.153535486950233, 37.499393918707121 ], [ 127.153265396060746, 37.499425692752673 ], [ 127.153340487538728, 37.49951566905132 ] ] ] }, { "type": "Polygon", "coordinates": [ [ [ 127.153835862988458, 37.499379097824807 ], [ 127.153653442142868, 37.499390676444989 ], [ 127.153598211056277, 37.49942459805348 ], [ 127.153690112184009, 37.499550177951967 ], [ 127.153798995669163, 37.499473407768733 ], [ 127.153835862988458, 37.499379097824807 ] ] ] }, { "type": "Polygon", "coordinates": [ [ [ 127.152815353999955, 37.499577980014841 ], [ 127.153174388586237, 37.499585006959848 ], [ 127.153248364668102, 37.499576415561741 ], [ 127.153278128936108, 37.499559411537732 ], [ 127.153279626457135, 37.499528235081733 ], [ 127.153204415007579, 37.499446007481914 ], [ 127.153164729387242, 37.499444463663323 ], [ 127.152975341046186, 37.499505929432395 ], [ 127.152815353999955, 37.499577980014841 ] ] ] }, { "type": "Polygon", "coordinates": [ [ [ 127.153050759489801, 37.499886567454844 ], [ 127.153413141673198, 37.49966403310669 ], [ 127.153456912649332, 37.499650191551318 ], [ 127.153525821672233, 37.499736076138419 ], [ 127.15361996562028, 37.499668190906945 ], [ 127.153545167537786, 37.49961719158604 ], [ 127.153562811654723, 37.499612790029083 ], [ 127.153485723012082, 37.499486145822111 ], [ 127.153391240569036, 37.499537606189477 ], [ 127.15340407373867, 37.499581134926501 ], [ 127.152966769878731, 37.499769554424809 ], [ 127.153050759489801, 37.499886567454844 ] ] ] }, { "type": "Polygon", "coordinates": [ [ [ 127.15355577560311, 37.500030159376848 ], [ 127.153700970935205, 37.499902391117089 ], [ 127.153536726979254, 37.499776904345964 ], [ 127.153411833629931, 37.499866894489983 ], [ 127.153409513528075, 37.499893927412678 ], [ 127.15355577560311, 37.500030159376848 ] ] ] }, { "type": "Polygon", "coordinates": [ [ [ 127.153100617761268, 37.50027140081297 ], [ 127.153232301770942, 37.500228245165886 ], [ 127.153164104728006, 37.500164551080495 ], [ 127.153060458195682, 37.500197831792718 ], [ 127.153100617761268, 37.50027140081297 ] ] ] }, { "type": "Polygon", "coordinates": [ [ [ 127.15344853375214, 37.500398616289139 ], [ 127.153516258443645, 37.500446642461618 ], [ 127.153605479963261, 37.500387962770908 ], [ 127.153525255596165, 37.500332717719594 ], [ 127.15344853375214, 37.500398616289139 ] ] ] }, { "type": "Polygon", "coordinates": [ [ [ 127.153093864055236, 37.500717853937566 ], [ 127.152952290419222, 37.500848310776902 ], [ 127.153038373615701, 37.500909468253916 ], [ 127.153087863732168, 37.500832099154287 ], [ 127.153159655143398, 37.500765963882465 ], [ 127.153093864055236, 37.500717853937566 ] ] ] }, { "type": "Polygon", "coordinates": [ [ [ 127.15339971783466, 37.50097603849094 ], [ 127.153480697719402, 37.501035490308873 ], [ 127.153610502722572, 37.500912877663772 ], [ 127.153609656272167, 37.500885848818541 ], [ 127.153548242984698, 37.500832958203368 ], [ 127.15339971783466, 37.50097603849094 ] ] ] }, { "type": "Polygon", "coordinates": [ [ [ 127.153782243352936, 37.500952940050844 ], [ 127.15391911279535, 37.501073668461508 ], [ 127.1539954108068, 37.500999417890995 ], [ 127.153852010965196, 37.500881734350727 ], [ 127.153782243352936, 37.500952940050844 ] ] ] }, { "type": "Polygon", "coordinates": [ [ [ 127.153672298320529, 37.500936764633458 ], [ 127.153644026438386, 37.50093707134176 ], [ 127.153365916711351, 37.501200169105964 ], [ 127.153447566034075, 37.501260602171257 ], [ 127.153495758589656, 37.501212697201886 ], [ 127.153493684437549, 37.501193688816834 ], [ 127.153720346153207, 37.500979310928187 ], [ 127.153672298320529, 37.500936764633458 ] ] ] }, { "type": "Polygon", "coordinates": [ [ [ 127.153010295337253, 37.501083973481379 ], [ 127.152930110504926, 37.501020456822069 ], [ 127.152853941231456, 37.501091787307445 ], [ 127.152940239728153, 37.501147457500835 ], [ 127.153010295337253, 37.501083973481379 ] ] ] }, { "type": "Polygon", "coordinates": [ [ [ 127.153897978094477, 37.50135841102243 ], [ 127.153830789494847, 37.50131315945913 ], [ 127.153955782414329, 37.501187768561401 ], [ 127.1538925189151, 37.501131754053389 ], [ 127.153695810484649, 37.501327217783448 ], [ 127.153769765826681, 37.501374433887989 ], [ 127.153747295241104, 37.50139697877907 ], [ 127.153815037094176, 37.501441779177085 ], [ 127.153897978094477, 37.50135841102243 ] ] ] }, { "type": "Polygon", "coordinates": [ [ [ 127.153228502090244, 37.501256829202312 ], [ 127.153091669663056, 37.501148434607018 ], [ 127.153002028149345, 37.501223782900908 ], [ 127.153086726489491, 37.501276562834754 ], [ 127.153071656348587, 37.501290142185098 ], [ 127.1531489644305, 37.501351355883152 ], [ 127.15322900913722, 37.501283858484541 ], [ 127.153228502090244, 37.501256829202312 ] ] ] }, { "type": "Polygon", "coordinates": [ [ [ 127.153447284475021, 37.501406302882216 ], [ 127.153530442042992, 37.501474212229489 ], [ 127.153661603055639, 37.501339587491785 ], [ 127.153648331558699, 37.501331072133908 ], [ 127.153667823079161, 37.501311738650209 ], [ 127.153638755021817, 37.501293152459553 ], [ 127.153673059504129, 37.501256167373512 ], [ 127.153629202242627, 37.50122791450088 ], [ 127.153447284475021, 37.501406302882216 ] ] ] }, { "type": "Polygon", "coordinates": [ [ [ 127.152921124184047, 37.501425890314351 ], [ 127.153005223500969, 37.501350008592389 ], [ 127.152924275947839, 37.501295349718426 ], [ 127.15283990875669, 37.501372997682246 ], [ 127.152921124184047, 37.501425890314351 ] ] ] }, { "type": "Polygon", "coordinates": [ [ [ 127.153331506135885, 37.501363564227177 ], [ 127.153280202333193, 37.501321544538548 ], [ 127.153246275424223, 37.501321678216655 ], [ 127.153179778398581, 37.501377715563606 ], [ 127.153255886355424, 37.501432578697134 ], [ 127.153331506135885, 37.501363564227177 ] ] ] }, { "type": "Polygon", "coordinates": [ [ [ 127.153251043725817, 37.501437008815962 ], [ 127.153167135727045, 37.501501168485447 ], [ 127.153264083112944, 37.501571141621682 ], [ 127.153340505220328, 37.50150175670781 ], [ 127.153251043725817, 37.501437008815962 ] ] ] }, { "type": "Polygon", "coordinates": [ [ [ 127.153332037877348, 37.501899918477953 ], [ 127.153558124342823, 37.501685010074645 ], [ 127.153407959108193, 37.501577543020645 ], [ 127.15335442203201, 37.501627905534484 ], [ 127.153367129006739, 37.501636872149433 ], [ 127.153262368198313, 37.501729629323421 ], [ 127.153332823664456, 37.501779724376263 ], [ 127.153249861819717, 37.50185892053662 ], [ 127.153298111801092, 37.501900592768699 ], [ 127.153332037877348, 37.501899918477953 ] ] ] }, { "type": "Polygon", "coordinates": [ [ [ 127.153930933690646, 37.501553632740887 ], [ 127.153791336155038, 37.50169380978307 ], [ 127.153864288401081, 37.501753632075882 ], [ 127.154015079607433, 37.501606755097114 ], [ 127.153930933690646, 37.501553632740887 ] ] ] }, { "type": "Polygon", "coordinates": [ [ [ 127.155442528728742, 37.491960265119943 ], [ 127.155518932217589, 37.492008720401586 ], [ 127.155582133884351, 37.492004763707335 ], [ 127.155602704357648, 37.491989149595966 ], [ 127.155610049823665, 37.491942918757935 ], [ 127.155592249491391, 37.49191987639314 ], [ 127.155504903476952, 37.49189502357941 ], [ 127.155442528728742, 37.491960265119943 ] ] ] }, { "type": "Polygon", "coordinates": [ [ [ 127.155440179225977, 37.492148838297318 ], [ 127.155298533356458, 37.492294876489915 ], [ 127.155403528956057, 37.492362783235322 ], [ 127.155534510522841, 37.492210713116791 ], [ 127.155440179225977, 37.492148838297318 ] ] ] }, { "type": "Polygon", "coordinates": [ [ [ 127.154895286157, 37.492326413058059 ], [ 127.155007784722315, 37.492209497471556 ], [ 127.154976984109553, 37.492171551357387 ], [ 127.154831004438606, 37.492244685768121 ], [ 127.154895286157, 37.492326413058059 ] ] ] }, { "type": "Polygon", "coordinates": [ [ [ 127.15410231585922, 37.492456733195525 ], [ 127.154107594734555, 37.492439156894932 ], [ 127.154035709052465, 37.492343383407018 ], [ 127.153970977229193, 37.492373560323571 ], [ 127.154053629536634, 37.492481303238826 ], [ 127.15410231585922, 37.492456733195525 ] ] ] }, { "type": "Polygon", "coordinates": [ [ [ 127.154277308811061, 37.492487411336555 ], [ 127.154366455438648, 37.49244685018968 ], [ 127.15431620314358, 37.492379853825895 ], [ 127.154206632864827, 37.492430559551892 ], [ 127.154244389468047, 37.492480606301967 ], [ 127.154277308811061, 37.492487411336555 ] ] ] }, { "type": "Polygon", "coordinates": [ [ [ 127.155280441668353, 37.492444123511554 ], [ 127.155141406230655, 37.492578733443331 ], [ 127.155299564505427, 37.492615829050962 ], [ 127.155423202834271, 37.49252737014627 ], [ 127.155280441668353, 37.492444123511554 ] ] ] }, { "type": "Polygon", "coordinates": [ [ [ 127.154541320080099, 37.492935623068021 ], [ 127.154550121171226, 37.493242239655508 ], [ 127.154629628006234, 37.493231847236984 ], [ 127.154642496708789, 37.492966152978397 ], [ 127.1546687277297, 37.492975723628419 ], [ 127.154652813996634, 37.493228717750284 ], [ 127.154735374463115, 37.493218591602314 ], [ 127.154747276120389, 37.493000020835744 ], [ 127.154790317549057, 37.492935534564573 ], [ 127.154570570176929, 37.492873109905645 ], [ 127.154541320080099, 37.492935623068021 ] ] ] }, { "type": "Polygon", "coordinates": [ [ [ 127.154357861803376, 37.492979721173683 ], [ 127.154498505860403, 37.493000730643864 ], [ 127.154511875145801, 37.492891548287915 ], [ 127.154387392716828, 37.492871815361397 ], [ 127.154357861803376, 37.492979721173683 ] ] ] }, { "type": "Polygon", "coordinates": [ [ [ 127.155222402144062, 37.493124345203825 ], [ 127.15532894883188, 37.493104420604141 ], [ 127.155282192413381, 37.492956177026365 ], [ 127.155271163951795, 37.493004187597371 ], [ 127.155165223645227, 37.492994378388701 ], [ 127.155222402144062, 37.493124345203825 ] ] ] }, { "type": "Polygon", "coordinates": [ [ [ 127.154869149425068, 37.493314203244168 ], [ 127.154841996931623, 37.493318590309443 ], [ 127.154851831442286, 37.493416534154925 ], [ 127.154890033231425, 37.493429458954402 ], [ 127.15500438784396, 37.493312495932223 ], [ 127.154991394811276, 37.493207339198896 ], [ 127.154867320013309, 37.493237972094214 ], [ 127.154869149425068, 37.493314203244168 ] ] ] }, { "type": "Polygon", "coordinates": [ [ [ 127.154628184926594, 37.493400155717666 ], [ 127.154484434982422, 37.493331478569161 ], [ 127.154438731486962, 37.493343971519572 ], [ 127.154431653021277, 37.493399563308273 ], [ 127.154579023930381, 37.49346939811776 ], [ 127.154628184926594, 37.493400155717666 ] ] ] }, { "type": "Polygon", "coordinates": [ [ [ 127.154439630778114, 37.493729606917789 ], [ 127.154711821020072, 37.493816930500365 ], [ 127.154852224649659, 37.493470593582416 ], [ 127.154748222607424, 37.493446734911785 ], [ 127.154685907991066, 37.493542375663985 ], [ 127.154422475834608, 37.493418559234101 ], [ 127.154384265741811, 37.493495842310701 ], [ 127.154532314551275, 37.493565324910485 ], [ 127.154489393785354, 37.493628270216895 ], [ 127.154352288330756, 37.493568612316828 ], [ 127.154341414465179, 37.493592935334433 ], [ 127.154471829783361, 37.493660152279269 ], [ 127.154439630778114, 37.493729606917789 ] ] ] }, { "type": "Polygon", "coordinates": [ [ [ 127.154210085443495, 37.493526701514391 ], [ 127.154116353828059, 37.493520867012847 ], [ 127.154034844634893, 37.493597755393544 ], [ 127.154136210977256, 37.493654495547709 ], [ 127.154162610290967, 37.493607762667544 ], [ 127.154269083197391, 37.493651080235594 ], [ 127.154317000643573, 37.493576244371035 ], [ 127.154210085443495, 37.493526701514391 ] ] ] }, { "type": "Polygon", "coordinates": [ [ [ 127.155324950856709, 37.493807204995164 ], [ 127.155267862370749, 37.493886990673857 ], [ 127.155190824224917, 37.493910453804162 ], [ 127.155217210316081, 37.493978949455688 ], [ 127.155295236995855, 37.493974315898313 ], [ 127.155314854589221, 37.493929366558433 ], [ 127.155484449460829, 37.493950580428937 ], [ 127.155712158357247, 37.493494387021855 ], [ 127.155503163982459, 37.493614519487352 ], [ 127.155361856974537, 37.493667934591478 ], [ 127.155278228521766, 37.493725446099944 ], [ 127.155324788286777, 37.493749982766182 ], [ 127.155324950856709, 37.493807204995164 ] ] ] }, { "type": "Polygon", "coordinates": [ [ [ 127.154392947721163, 37.493711007644841 ], [ 127.154297328035312, 37.493666603966041 ], [ 127.154207269607582, 37.493798806832515 ], [ 127.154319495410405, 37.493851685526742 ], [ 127.154392947721163, 37.493711007644841 ] ] ] }, { "type": "Polygon", "coordinates": [ [ [ 127.154357454616374, 37.494072912744095 ], [ 127.154475366512131, 37.49410246608074 ], [ 127.15450872911444, 37.494010223668354 ], [ 127.154467480586192, 37.493989464001075 ], [ 127.154453214320228, 37.494002700122728 ], [ 127.15437871117733, 37.493988497688569 ], [ 127.154357454616374, 37.494072912744095 ] ] ] }, { "type": "Polygon", "coordinates": [ [ [ 127.15501117194124, 37.494174220501854 ], [ 127.155087794384571, 37.494212665660648 ], [ 127.155269795245431, 37.494355507563149 ], [ 127.155329508728741, 37.494347987587922 ], [ 127.155428070115804, 37.494094876777474 ], [ 127.155314453726817, 37.494075788407073 ], [ 127.155261063830523, 37.494084390354757 ], [ 127.155250640846788, 37.494201695948291 ], [ 127.155232554181424, 37.494199160644868 ], [ 127.15523384661347, 37.494062837836708 ], [ 127.1550268117103, 37.494047546772158 ], [ 127.155052953294501, 37.494123701266858 ], [ 127.15501117194124, 37.494174220501854 ] ] ] }, { "type": "Polygon", "coordinates": [ [ [ 127.154664119453486, 37.494185681084716 ], [ 127.154504261006011, 37.494342148422326 ], [ 127.154548307121885, 37.494381645227286 ], [ 127.154557164536669, 37.49435552280822 ], [ 127.154634444400131, 37.494317202308331 ], [ 127.154654216524406, 37.494331088103884 ], [ 127.154759918980176, 37.494262330977186 ], [ 127.154776416482903, 37.494272977403988 ], [ 127.154689034848488, 37.494331565547654 ], [ 127.15477300492698, 37.494379822270545 ], [ 127.15485520428814, 37.494297544522041 ], [ 127.154965480166368, 37.494369526302854 ], [ 127.154986533738722, 37.494346469426638 ], [ 127.154959100297901, 37.494219229963747 ], [ 127.154915128174196, 37.494199383999785 ], [ 127.154796810218869, 37.494231360840971 ], [ 127.154664119453486, 37.494185681084716 ] ] ] }, { "type": "Polygon", "coordinates": [ [ [ 127.154236643949261, 37.494357946786501 ], [ 127.154274391229379, 37.494364060819002 ], [ 127.154313660141824, 37.494290029025336 ], [ 127.15441583881281, 37.4943286578048 ], [ 127.154508909535807, 37.494237275148173 ], [ 127.15436861200638, 37.494198785870815 ], [ 127.154327443107888, 37.494278199104379 ], [ 127.15419548049762, 37.494240158350451 ], [ 127.154148264216104, 37.494348636548402 ], [ 127.154231083104349, 37.494370378748371 ], [ 127.154236643949261, 37.494357946786501 ] ] ] }, { "type": "Polygon", "coordinates": [ [ [ 127.155123158605136, 37.494617771823187 ], [ 127.155264563736168, 37.494473356005599 ], [ 127.155260436656107, 37.494429392634558 ], [ 127.155199437874856, 37.494372582931575 ], [ 127.155141039837957, 37.494415059884624 ], [ 127.155083606050724, 37.494497729111792 ], [ 127.155006559889145, 37.494528661410534 ], [ 127.154975068487431, 37.494573599088319 ], [ 127.155123158605136, 37.494617771823187 ] ] ] }, { "type": "Polygon", "coordinates": [ [ [ 127.154459245428043, 37.494725581694034 ], [ 127.154544486756677, 37.494548776444923 ], [ 127.15462134297708, 37.494491166118983 ], [ 127.154544649549521, 37.494417951207232 ], [ 127.154533075903544, 37.494448492037193 ], [ 127.154444912785365, 37.494512216704244 ], [ 127.154387722661227, 37.494681561360252 ], [ 127.154372096164778, 37.494693267532739 ], [ 127.154459245428043, 37.494725581694034 ] ] ] }, { "type": "Polygon", "coordinates": [ [ [ 127.154923138727099, 37.494605192475397 ], [ 127.155010118460467, 37.494510393541738 ], [ 127.154887566728888, 37.49445740277595 ], [ 127.154807289348625, 37.494545093053922 ], [ 127.154923138727099, 37.494605192475397 ] ] ] }, { "type": "Polygon", "coordinates": [ [ [ 127.155549015304885, 37.494615622613871 ], [ 127.155609958872446, 37.49448570921821 ], [ 127.155541750145503, 37.494469823451801 ], [ 127.155476746995305, 37.49459428205035 ], [ 127.155549015304885, 37.494615622613871 ] ] ] }, { "type": "Polygon", "coordinates": [ [ [ 127.154704984685637, 37.494616656930695 ], [ 127.154764542731087, 37.494555068505257 ], [ 127.154707566916557, 37.494535563691308 ], [ 127.154665217941044, 37.494590759720573 ], [ 127.154574447039224, 37.494556909694353 ], [ 127.154554073218506, 37.494569595119856 ], [ 127.154528889934383, 37.494635977288539 ], [ 127.154641494982101, 37.494668952113905 ], [ 127.154672109808757, 37.494598877795745 ], [ 127.154704984685637, 37.494616656930695 ] ] ] }, { "type": "Polygon", "coordinates": [ [ [ 127.154793714699309, 37.494929990308471 ], [ 127.154822269025786, 37.494886407990812 ], [ 127.154718746881059, 37.494832716610404 ], [ 127.154683970956114, 37.494880802953276 ], [ 127.154793714699309, 37.494929990308471 ] ] ] }, { "type": "Polygon", "coordinates": [ [ [ 127.154237637020202, 37.494978958913428 ], [ 127.154280932906076, 37.494994219917494 ], [ 127.154314979671156, 37.494982165576417 ], [ 127.154357239686703, 37.494921924198131 ], [ 127.154234351100243, 37.494886872079547 ], [ 127.154237637020202, 37.494978958913428 ] ] ] }, { "type": "Polygon", "coordinates": [ [ [ 127.154567264857377, 37.494988389286064 ], [ 127.154529311368336, 37.495047652082697 ], [ 127.154656641623419, 37.495103475166253 ], [ 127.15471248067314, 37.495042351101652 ], [ 127.154590229920089, 37.494982016502917 ], [ 127.154567264857377, 37.494988389286064 ] ] ] }, { "type": "Polygon", "coordinates": [ [ [ 127.155316550234971, 37.495263662456765 ], [ 127.155252687307041, 37.495238751871966 ], [ 127.155235977062318, 37.495323071051146 ], [ 127.15531929223819, 37.495338000287774 ], [ 127.155316550234971, 37.495263662456765 ] ] ] }, { "type": "Polygon", "coordinates": [ [ [ 127.154984456683906, 37.495431454807722 ], [ 127.155030076248352, 37.49530002993454 ], [ 127.154912953402189, 37.495275801037167 ], [ 127.15486689141099, 37.495401099649186 ], [ 127.154984456683906, 37.495431454807722 ] ] ] }, { "type": "Polygon", "coordinates": [ [ [ 127.154948458176861, 37.49584932165596 ], [ 127.155115306143202, 37.495896560452074 ], [ 127.155302728254071, 37.495482596094249 ], [ 127.155189107654181, 37.49545142522328 ], [ 127.155118990566905, 37.49564707815869 ], [ 127.155005266668368, 37.495620772638816 ], [ 127.154948575292096, 37.495757320536804 ], [ 127.154986892320309, 37.495765181536889 ], [ 127.154948458176861, 37.49584932165596 ] ] ] }, { "type": "Polygon", "coordinates": [ [ [ 127.154855685611579, 37.495694542420807 ], [ 127.154940332348929, 37.495553146933467 ], [ 127.154795402866156, 37.495512591892094 ], [ 127.154759504310249, 37.495564815292013 ], [ 127.15472794870503, 37.495562000052111 ], [ 127.154735264086668, 37.495594714835732 ], [ 127.154763742526356, 37.495613472730952 ], [ 127.154747189392509, 37.49564769610901 ], [ 127.154855685611579, 37.495694542420807 ] ] ] }, { "type": "Polygon", "coordinates": [ [ [ 127.155543912164063, 37.495792450680511 ], [ 127.155501404890813, 37.495781604007277 ], [ 127.155571433387422, 37.495653354672598 ], [ 127.155367304570859, 37.495568512339453 ], [ 127.155332354738348, 37.495575873955538 ], [ 127.155247542030224, 37.495768356559502 ], [ 127.155507412394385, 37.495854586073143 ], [ 127.155543912164063, 37.495792450680511 ] ] ] }, { "type": "Polygon", "coordinates": [ [ [ 127.155723171138405, 37.496034927837698 ], [ 127.155769720889126, 37.49596035448905 ], [ 127.15559735009009, 37.495889220328664 ], [ 127.155542179874061, 37.495951100769446 ], [ 127.155723171138405, 37.496034927837698 ] ] ] }, { "type": "Polygon", "coordinates": [ [ [ 127.154891100184827, 37.496434198249652 ], [ 127.154993342587417, 37.496137672999481 ], [ 127.15506747881507, 37.495993651159019 ], [ 127.154896655678598, 37.495949111442812 ], [ 127.154704063379882, 37.496435594190636 ], [ 127.154841224043238, 37.496453174946872 ], [ 127.154891100184827, 37.496434198249652 ] ] ] }, { "type": "Polygon", "coordinates": [ [ [ 127.155080573707778, 37.496452026153378 ], [ 127.15528282132334, 37.496241560145151 ], [ 127.155187095561786, 37.496202410168529 ], [ 127.155265485362648, 37.496092449428346 ], [ 127.15515302734282, 37.496038580860052 ], [ 127.155107889699835, 37.496057560518693 ], [ 127.154968772106145, 37.496420726572751 ], [ 127.155080573707778, 37.496452026153378 ] ] ] }, { "type": "Polygon", "coordinates": [ [ [ 127.155575689766252, 37.496079449372651 ], [ 127.155474900576266, 37.496228876215845 ], [ 127.155552209278767, 37.496264454988292 ], [ 127.1555847615396, 37.496256844154814 ], [ 127.15566820183372, 37.496123036141185 ], [ 127.155575689766252, 37.496079449372651 ] ] ] }, { "type": "Polygon", "coordinates": [ [ [ 127.154406004257837, 37.496382893450367 ], [ 127.154519217092897, 37.496402118356372 ], [ 127.154576511463688, 37.49624457663127 ], [ 127.154694536061967, 37.496272228482191 ], [ 127.154723462221952, 37.496194497871116 ], [ 127.154500872295785, 37.496145771989859 ], [ 127.154411288753906, 37.496251484986452 ], [ 127.154377813044817, 37.496344259072558 ], [ 127.154406004257837, 37.496382893450367 ] ] ] }, { "type": "Polygon", "coordinates": [ [ [ 127.155814836102508, 37.496562703187436 ], [ 127.155874492404436, 37.496482616595124 ], [ 127.155866183387545, 37.496456408394756 ], [ 127.155546522554573, 37.496303655838069 ], [ 127.15551374336404, 37.496310906557369 ], [ 127.155459021071422, 37.496392860618052 ], [ 127.155814836102508, 37.496562703187436 ] ] ] }, { "type": "Polygon", "coordinates": [ [ [ 127.154485577866836, 37.496547754264007 ], [ 127.154607560044596, 37.496569481515756 ], [ 127.154635653457873, 37.496471488552736 ], [ 127.154498087137412, 37.496460152002818 ], [ 127.154485577866836, 37.496547754264007 ] ] ] }, { "type": "Polygon", "coordinates": [ [ [ 127.154341489530736, 37.496454651352408 ], [ 127.154285131029923, 37.496600073318731 ], [ 127.154417977611459, 37.496620354129448 ], [ 127.154454962446721, 37.496446098199335 ], [ 127.154376756532514, 37.496436207338093 ], [ 127.154341489530736, 37.496454651352408 ] ] ] }, { "type": "Polygon", "coordinates": [ [ [ 127.155053014658122, 37.496683708681111 ], [ 127.155104012622715, 37.496627149790648 ], [ 127.1550018743783, 37.496560248239753 ], [ 127.154957694738272, 37.496633106303989 ], [ 127.155053014658122, 37.496683708681111 ] ] ] }, { "type": "Polygon", "coordinates": [ [ [ 127.154752522938651, 37.496808085207348 ], [ 127.154829757237266, 37.496607990378187 ], [ 127.154663049968235, 37.49658050089019 ], [ 127.154600831649603, 37.496780044566677 ], [ 127.154752522938651, 37.496808085207348 ] ] ] }, { "type": "Polygon", "coordinates": [ [ [ 127.155300995529288, 37.496953865883661 ], [ 127.155136840404964, 37.496875413273415 ], [ 127.155081621252975, 37.496958115626903 ], [ 127.155090721269403, 37.496984142652529 ], [ 127.155372238184, 37.497119106335013 ], [ 127.155405132119327, 37.49711248620504 ], [ 127.155523318836217, 37.496953936681308 ], [ 127.155357035309464, 37.496874414963571 ], [ 127.155300995529288, 37.496953865883661 ] ] ] }, { "type": "Polygon", "coordinates": [ [ [ 127.154552781986581, 37.497184420849564 ], [ 127.154408344860698, 37.497137206331324 ], [ 127.154441772210973, 37.497064930025367 ], [ 127.154422317606759, 37.497057359789231 ], [ 127.154490019359272, 37.496940079282936 ], [ 127.154398294228244, 37.496927656115751 ], [ 127.154345113808091, 37.497017905853561 ], [ 127.154271022992859, 37.49700773029106 ], [ 127.154283371451427, 37.497262949151903 ], [ 127.154324041110726, 37.497304000102496 ], [ 127.154465018574598, 37.497345894300821 ], [ 127.154552781986581, 37.497184420849564 ] ] ] }, { "type": "Polygon", "coordinates": [ [ [ 127.154967475361588, 37.497323438589902 ], [ 127.155027016399586, 37.497241550587496 ], [ 127.154935885342866, 37.497199132830637 ], [ 127.155074346852587, 37.497039449199022 ], [ 127.154982761103952, 37.497006825920423 ], [ 127.154853400349154, 37.497170867476491 ], [ 127.154838525542317, 37.497163273344974 ], [ 127.154772566214191, 37.497236565045071 ], [ 127.154826986021448, 37.497249378715743 ], [ 127.154967475361588, 37.497323438589902 ] ] ] }, { "type": "Polygon", "coordinates": [ [ [ 127.155452680472251, 37.497441315695454 ], [ 127.15551331307887, 37.497368048581968 ], [ 127.155427277275734, 37.497323471177701 ], [ 127.155362533355515, 37.497393671197095 ], [ 127.155452680472251, 37.497441315695454 ] ] ] }, { "type": "Polygon", "coordinates": [ [ [ 127.155087137755672, 37.497608809480134 ], [ 127.155261985817162, 37.497656524191079 ], [ 127.155341183963031, 37.497526479121937 ], [ 127.155274951925051, 37.497488732418809 ], [ 127.155358200470872, 37.497398335000781 ], [ 127.155281240570361, 37.497356908175909 ], [ 127.155087137755672, 37.497608809480134 ] ] ] }, { "type": "Polygon", "coordinates": [ [ [ 127.155557788216399, 37.497708892328404 ], [ 127.155662386388641, 37.497711675135534 ], [ 127.155565014974158, 37.497654138248478 ], [ 127.155557788216399, 37.497708892328404 ] ] ] }, { "type": "Polygon", "coordinates": [ [ [ 127.155285236589052, 37.497976654662779 ], [ 127.155228454593868, 37.498086154791949 ], [ 127.155305222119722, 37.498215402193544 ], [ 127.155428352017594, 37.498017986303516 ], [ 127.155285236589052, 37.497976654662779 ] ] ] }, { "type": "Polygon", "coordinates": [ [ [ 127.154135782097399, 37.498517446649494 ], [ 127.154118136621847, 37.498521037395939 ], [ 127.154104397376258, 37.498471383111344 ], [ 127.153954036596005, 37.498437393344311 ], [ 127.153912553285807, 37.498519257499154 ], [ 127.153942606013601, 37.498538743359944 ], [ 127.154144859200343, 37.498587847931333 ], [ 127.154135782097399, 37.498517446649494 ] ] ] }, { "type": "Polygon", "coordinates": [ [ [ 127.154037044130618, 37.49872207371719 ], [ 127.153997550448807, 37.498809188148527 ], [ 127.154115193210473, 37.498841823575297 ], [ 127.154138880416795, 37.498767379540084 ], [ 127.154140208757525, 37.498692153487731 ], [ 127.154042199261397, 37.498665673586601 ], [ 127.154016804457626, 37.498717910203339 ], [ 127.154037044130618, 37.49872207371719 ] ] ] }, { "type": "Polygon", "coordinates": [ [ [ 127.154519747245203, 37.499156352347192 ], [ 127.154409649694145, 37.499019777429893 ], [ 127.154351402130388, 37.498999355089737 ], [ 127.154304623264352, 37.499085199626499 ], [ 127.154232714666051, 37.499164697563856 ], [ 127.154280568011558, 37.499250960322634 ], [ 127.154519747245203, 37.499156352347192 ] ] ] }, { "type": "Polygon", "coordinates": [ [ [ 127.154145515368313, 37.500404925874037 ], [ 127.154065135249752, 37.500345590860547 ], [ 127.153992185665174, 37.500414404144806 ], [ 127.154052342735099, 37.500466854666008 ], [ 127.154080501165623, 37.50046645790686 ], [ 127.154145515368313, 37.500404925874037 ] ] ] }, { "type": "Polygon", "coordinates": [ [ [ 127.154255975327203, 37.500890781362976 ], [ 127.154360478540497, 37.500783787864165 ], [ 127.154076711320172, 37.500549174406963 ], [ 127.154048440685756, 37.500550021809048 ], [ 127.153987288653497, 37.500608953928797 ], [ 127.154065412852688, 37.500665507821985 ], [ 127.154047229516792, 37.500682911548743 ], [ 127.154124361214045, 37.500735168923811 ], [ 127.15405813718067, 37.500813641263314 ], [ 127.154147269539735, 37.500872280210864 ], [ 127.154179085653595, 37.500840875367061 ], [ 127.154255975327203, 37.500890781362976 ] ] ] }, { "type": "Polygon", "coordinates": [ [ [ 127.154797427573769, 37.500824487450522 ], [ 127.154889315139158, 37.500742557591082 ], [ 127.15472894552461, 37.500633285430503 ], [ 127.154652879126687, 37.500704121396332 ], [ 127.154738833802654, 37.500762664907555 ], [ 127.154725288839614, 37.500775296443834 ], [ 127.154797427573769, 37.500824487450522 ] ] ] }, { "type": "Polygon", "coordinates": [ [ [ 127.154657955946575, 37.500825506254643 ], [ 127.154579724739534, 37.500772232526174 ], [ 127.154510430566702, 37.50083675263965 ], [ 127.154511946687521, 37.500859275621984 ], [ 127.154572655950062, 37.500904877575053 ], [ 127.154657955946575, 37.500825506254643 ] ] ] }, { "type": "Polygon", "coordinates": [ [ [ 127.154087913294248, 37.501074666930975 ], [ 127.154009022435758, 37.501152957377208 ], [ 127.154056424481468, 37.501194765548796 ], [ 127.154084696092099, 37.501194278542499 ], [ 127.154158827282032, 37.501122265140822 ], [ 127.154087913294248, 37.501074666930975 ] ] ] }, { "type": "Polygon", "coordinates": [ [ [ 127.157132973727897, 37.490323520845386 ], [ 127.157141399745143, 37.490471652069616 ], [ 127.157168737218427, 37.49049158220479 ], [ 127.157272362941086, 37.49044471981356 ], [ 127.157160117337597, 37.490315439166572 ], [ 127.157132973727897, 37.490323520845386 ] ] ] }, { "type": "Polygon", "coordinates": [ [ [ 127.157472181823792, 37.490953178483601 ], [ 127.157572725447622, 37.490902995212949 ], [ 127.157561018772626, 37.490667606576679 ], [ 127.157465034477141, 37.490658975593128 ], [ 127.157360685144141, 37.490542668120426 ], [ 127.15747994821794, 37.490468241369044 ], [ 127.157406533119257, 37.490388545750328 ], [ 127.157123466585901, 37.490635387277258 ], [ 127.157084323182062, 37.490707707982693 ], [ 127.15734180638745, 37.490936844197101 ], [ 127.157472181823792, 37.490953178483601 ] ] ] }, { "type": "Polygon", "coordinates": [ [ [ 127.157952587202786, 37.490647185696318 ], [ 127.157981743144902, 37.490600952851679 ], [ 127.157975595344325, 37.490575498750822 ], [ 127.157908111324204, 37.490547792265708 ], [ 127.15789534764555, 37.490603193591191 ], [ 127.157952587202786, 37.490647185696318 ] ] ] }, { "type": "Polygon", "coordinates": [ [ [ 127.157882374768803, 37.490699284322559 ], [ 127.157813980941185, 37.49063112411713 ], [ 127.157732214864978, 37.490684499336844 ], [ 127.157751140082738, 37.490699124562333 ], [ 127.157771558930392, 37.49068710525853 ], [ 127.157832311405699, 37.490734750832722 ], [ 127.157882374768803, 37.490699284322559 ] ] ] }, { "type": "Polygon", "coordinates": [ [ [ 127.158285179162192, 37.490758243531467 ], [ 127.158235234361996, 37.490612239775913 ], [ 127.1582423499474, 37.490705781100317 ], [ 127.158220947247088, 37.490804324756787 ], [ 127.158269510130268, 37.491024888039334 ], [ 127.158285179162192, 37.490758243531467 ] ] ] }, { "type": "Polygon", "coordinates": [ [ [ 127.156929206857754, 37.490898446453564 ], [ 127.156982482728665, 37.490814186985155 ], [ 127.156944715191969, 37.49077570994281 ], [ 127.156850079734639, 37.490763220408219 ], [ 127.156808383355383, 37.490787755372011 ], [ 127.156929206857754, 37.490898446453564 ] ] ] }, { "type": "Polygon", "coordinates": [ [ [ 127.157040406138819, 37.490888235968939 ], [ 127.156979338888533, 37.490994066628254 ], [ 127.157167403104694, 37.491058420672438 ], [ 127.157177561384017, 37.490995021988034 ], [ 127.157040406138819, 37.490888235968939 ] ] ] }, { "type": "Polygon", "coordinates": [ [ [ 127.15674122599647, 37.49097790943194 ], [ 127.156686792586214, 37.491016606774508 ], [ 127.156682674525513, 37.49105931054028 ], [ 127.156816867810846, 37.491117329773182 ], [ 127.156884090766113, 37.491035313526979 ], [ 127.15674122599647, 37.49097790943194 ] ] ] }, { "type": "Polygon", "coordinates": [ [ [ 127.158105985767804, 37.491075939259069 ], [ 127.158024389440456, 37.491151190714803 ], [ 127.158041262901037, 37.49121748190877 ], [ 127.158137570106376, 37.491201676894413 ], [ 127.158105985767804, 37.491075939259069 ] ] ] }, { "type": "Polygon", "coordinates": [ [ [ 127.157758370719208, 37.491336797258633 ], [ 127.158060042790154, 37.491059421753469 ], [ 127.158126125151597, 37.491027528903523 ], [ 127.157966738683498, 37.491040363065522 ], [ 127.157865121956121, 37.491183269926722 ], [ 127.15771020458611, 37.491289864822676 ], [ 127.157758370719208, 37.491336797258633 ] ] ] }, { "type": "Polygon", "coordinates": [ [ [ 127.156842118899419, 37.491254527781251 ], [ 127.156943609945017, 37.491290100913581 ], [ 127.157070981998473, 37.491150179287139 ], [ 127.157023065160871, 37.491130510479586 ], [ 127.157010938210917, 37.491149780795155 ], [ 127.156911478192328, 37.491112042650073 ], [ 127.156842118899419, 37.491254527781251 ] ] ] }, { "type": "Polygon", "coordinates": [ [ [ 127.15805931581103, 37.491469647681342 ], [ 127.157993418437215, 37.491210967988742 ], [ 127.157965481011317, 37.491207220788695 ], [ 127.157917961709217, 37.491248189069111 ], [ 127.157955487164074, 37.491403381560254 ], [ 127.15786075933579, 37.491417562537315 ], [ 127.15788208134434, 37.491502408448547 ], [ 127.15805931581103, 37.491469647681342 ] ] ] }, { "type": "Polygon", "coordinates": [ [ [ 127.158199028293325, 37.491446126605766 ], [ 127.158173601552463, 37.491345158307368 ], [ 127.158078087954124, 37.491362043498356 ], [ 127.158102942236354, 37.491459678878662 ], [ 127.158199028293325, 37.491446126605766 ] ] ] }, { "type": "Polygon", "coordinates": [ [ [ 127.157412887388134, 37.491601651849841 ], [ 127.157408916761923, 37.491687909743561 ], [ 127.157484248981362, 37.491693801966889 ], [ 127.157474991919756, 37.491728295426114 ], [ 127.157656953069207, 37.491706106754378 ], [ 127.157626699139385, 37.491637986142798 ], [ 127.157516583278792, 37.491538931573068 ], [ 127.157517040803214, 37.491476194392419 ], [ 127.157490269678746, 37.491456948353381 ], [ 127.157368049222953, 37.491447550036249 ], [ 127.157346348933586, 37.491403492766061 ], [ 127.157226648415204, 37.49138780200407 ], [ 127.15719341476084, 37.491670777577198 ], [ 127.157287148429688, 37.491678600846789 ], [ 127.157301723054118, 37.491569281415416 ], [ 127.157396216384342, 37.491572706720866 ], [ 127.157412887388134, 37.491601651849841 ] ] ] }, { "type": "Polygon", "coordinates": [ [ [ 127.157772350646709, 37.49137118793211 ], [ 127.157711962684246, 37.491422804938253 ], [ 127.157746470149462, 37.491540700113482 ], [ 127.157841533814107, 37.491524806885295 ], [ 127.157804932095033, 37.491378713231519 ], [ 127.157772350646709, 37.49137118793211 ] ] ] }, { "type": "Polygon", "coordinates": [ [ [ 127.156021874305466, 37.491701381659801 ], [ 127.156074109301898, 37.491753273964534 ], [ 127.156121280219097, 37.491729164579191 ], [ 127.156176672212524, 37.491644956775623 ], [ 127.156200845900386, 37.491572719050865 ], [ 127.156155367318462, 37.491589438059776 ], [ 127.156106898502145, 37.491548857412255 ], [ 127.156107165703716, 37.491519394387346 ], [ 127.156030082117525, 37.491492041773895 ], [ 127.155974552183011, 37.49149280815125 ], [ 127.155951270079171, 37.491388547921616 ], [ 127.155849462943934, 37.491517947314797 ], [ 127.155936592126608, 37.491563964631247 ], [ 127.155894810545718, 37.491613393990207 ], [ 127.155977902450715, 37.491637152859617 ], [ 127.155919667982872, 37.491746862562799 ], [ 127.155965455148959, 37.491764615471403 ], [ 127.156021874305466, 37.491701381659801 ] ] ] }, { "type": "Polygon", "coordinates": [ [ [ 127.15712968353975, 37.49143018661988 ], [ 127.157052852393974, 37.491530172564104 ], [ 127.157036029691994, 37.491657055399713 ], [ 127.157140733392595, 37.49166569326448 ], [ 127.157168244428277, 37.49143118999465 ], [ 127.15712968353975, 37.49143018661988 ] ] ] }, { "type": "Polygon", "coordinates": [ [ [ 127.158344529216251, 37.491595229132777 ], [ 127.158308592882904, 37.49144336835942 ], [ 127.158202449160854, 37.4914598172575 ], [ 127.158221832908538, 37.491536826983648 ], [ 127.158126313810314, 37.491551189422744 ], [ 127.158145125729135, 37.49162513652098 ], [ 127.158173200103718, 37.491640236086567 ], [ 127.158331228296547, 37.491615339069639 ], [ 127.158344529216251, 37.491595229132777 ] ] ] }, { "type": "Polygon", "coordinates": [ [ [ 127.157921648040457, 37.491660391339657 ], [ 127.157949722383492, 37.491675490958322 ], [ 127.158081864853528, 37.491654683042 ], [ 127.158100814740806, 37.491632223048853 ], [ 127.158078240718609, 37.491543594641641 ], [ 127.15799278436883, 37.491557493138437 ], [ 127.157997346860839, 37.491576408079396 ], [ 127.157904316083361, 37.49159112744308 ], [ 127.157921648040457, 37.491660391339657 ] ] ] }, { "type": "Polygon", "coordinates": [ [ [ 127.156297122913386, 37.491629554134519 ], [ 127.156493173095683, 37.491744030377873 ], [ 127.156577553516371, 37.491614193798554 ], [ 127.156396638002093, 37.491518528737856 ], [ 127.156297122913386, 37.491629554134519 ] ] ] }, { "type": "Polygon", "coordinates": [ [ [ 127.156998025262723, 37.491870020539302 ], [ 127.157015578512528, 37.491779122660134 ], [ 127.157130188447766, 37.49178804482537 ], [ 127.157138420114364, 37.491706151175954 ], [ 127.15693212993132, 37.491687141330836 ], [ 127.156868679785461, 37.491767512816473 ], [ 127.156896467045598, 37.491769656694309 ], [ 127.156884454826411, 37.491860763509436 ], [ 127.156998025262723, 37.491870020539302 ] ] ] }, { "type": "Polygon", "coordinates": [ [ [ 127.157333874079796, 37.491826843701141 ], [ 127.157397580907585, 37.491728730954044 ], [ 127.157186144471879, 37.491709160712759 ], [ 127.157168262674631, 37.491815997726682 ], [ 127.157333874079796, 37.491826843701141 ] ] ] }, { "type": "Polygon", "coordinates": [ [ [ 127.157678504738797, 37.491754687177369 ], [ 127.157767747017701, 37.491929633329207 ], [ 127.157833988031555, 37.491919184216947 ], [ 127.157790752836803, 37.491737149477267 ], [ 127.157678504738797, 37.491754687177369 ] ] ] }, { "type": "Polygon", "coordinates": [ [ [ 127.157466535009661, 37.491843084875882 ], [ 127.157472755338773, 37.491925211749972 ], [ 127.157608656860404, 37.491901056694374 ], [ 127.157575547652954, 37.491754093405277 ], [ 127.157516003809391, 37.491760524083936 ], [ 127.157466535009661, 37.491843084875882 ] ] ] }, { "type": "Polygon", "coordinates": [ [ [ 127.155671233836344, 37.491931107934612 ], [ 127.155821169707494, 37.491940408742195 ], [ 127.155812553260517, 37.491956890260191 ], [ 127.155956370420469, 37.492064398786319 ], [ 127.155983090975738, 37.492037207740339 ], [ 127.155963096009472, 37.492024755041349 ], [ 127.155959524773763, 37.491981782049145 ], [ 127.155840086497165, 37.491906993005166 ], [ 127.155849270907822, 37.491886276046927 ], [ 127.155766429238028, 37.491846848385528 ], [ 127.155671233836344, 37.491931107934612 ] ] ] }, { "type": "Polygon", "coordinates": [ [ [ 127.15634070263917, 37.49207891543201 ], [ 127.156363877079912, 37.49208135379925 ], [ 127.156416376266492, 37.491981670513923 ], [ 127.156491512005303, 37.491810255998075 ], [ 127.156469482951664, 37.491798436751857 ], [ 127.156429955401606, 37.491855080345211 ], [ 127.156407690577822, 37.49184408130597 ], [ 127.156365005641376, 37.491894043602485 ], [ 127.15634070263917, 37.49207891543201 ] ] ] }, { "type": "Polygon", "coordinates": [ [ [ 127.158176437978682, 37.491945310116058 ], [ 127.15808499285481, 37.49196146911757 ], [ 127.158103706243267, 37.492042354041168 ], [ 127.158173001685569, 37.492032531390166 ], [ 127.158192178169443, 37.492010251283133 ], [ 127.158176437978682, 37.491945310116058 ] ] ] }, { "type": "Polygon", "coordinates": [ [ [ 127.157739578737235, 37.492271239351666 ], [ 127.157748668610736, 37.492216221336086 ], [ 127.157615875123682, 37.492163796530015 ], [ 127.157494366629649, 37.492165632864271 ], [ 127.157398813771266, 37.492033609428624 ], [ 127.15732093084074, 37.491981201928617 ], [ 127.157318673378597, 37.492004937223435 ], [ 127.157266519169156, 37.492057804537765 ], [ 127.157220369746199, 37.492138144389152 ], [ 127.157739578737235, 37.492271239351666 ] ] ] }, { "type": "Polygon", "coordinates": [ [ [ 127.15683211015029, 37.492100263850602 ], [ 127.156728503456563, 37.492075586487459 ], [ 127.156649239328203, 37.492120587377791 ], [ 127.156788727437259, 37.492162679023309 ], [ 127.15683211015029, 37.492100263850602 ] ] ] }, { "type": "Polygon", "coordinates": [ [ [ 127.158161236506103, 37.492078768245257 ], [ 127.158074923239653, 37.492067043521395 ], [ 127.158049386859233, 37.492081538392945 ], [ 127.15806322196552, 37.492187279340136 ], [ 127.158162048066231, 37.492191238890513 ], [ 127.158161236506103, 37.492078768245257 ] ] ] }, { "type": "Polygon", "coordinates": [ [ [ 127.157006100276192, 37.492328906797944 ], [ 127.157043354116311, 37.492299205883249 ], [ 127.157050934378105, 37.492186661113998 ], [ 127.157040198454126, 37.492178827544137 ], [ 127.156935174379939, 37.492256037210247 ], [ 127.157006100276192, 37.492328906797944 ] ] ] }, { "type": "Polygon", "coordinates": [ [ [ 127.157491273985613, 37.492364127052348 ], [ 127.157506192384105, 37.492262510697294 ], [ 127.157246419869807, 37.492196729059408 ], [ 127.15724473374982, 37.492305049396165 ], [ 127.157103256588556, 37.492307353136376 ], [ 127.157105119848723, 37.492398820112001 ], [ 127.157153010302551, 37.492410821413735 ], [ 127.15743921264901, 37.492407335606927 ], [ 127.157491273985613, 37.492364127052348 ] ] ] }, { "type": "Polygon", "coordinates": [ [ [ 127.156595912740855, 37.492186412302559 ], [ 127.156401048488462, 37.49262502200164 ], [ 127.156471173529908, 37.492594935792361 ], [ 127.156485464391849, 37.492561066513233 ], [ 127.156627363048173, 37.492565493422241 ], [ 127.156724309980447, 37.492437081855599 ], [ 127.156719964102948, 37.492375170906222 ], [ 127.156763306102903, 37.49234763349007 ], [ 127.156862215402896, 37.492380777379189 ], [ 127.156935174379939, 37.492256037210247 ], [ 127.156867637110381, 37.492186785139857 ], [ 127.156820759893805, 37.492227157469586 ], [ 127.156595912740855, 37.492186412302559 ] ] ] }, { "type": "Polygon", "coordinates": [ [ [ 127.157972347713027, 37.492412235030145 ], [ 127.157953363246719, 37.49237485068619 ], [ 127.157740650975981, 37.492324577081106 ], [ 127.15778899292809, 37.492466429517236 ], [ 127.157950617530531, 37.492430058535902 ], [ 127.157972347713027, 37.492412235030145 ] ] ] }, { "type": "Polygon", "coordinates": [ [ [ 127.156088595565976, 37.49262636823277 ], [ 127.156148406384474, 37.492529639796153 ], [ 127.156018858751509, 37.492400344715513 ], [ 127.15592166514719, 37.492453432502863 ], [ 127.156088595565976, 37.49262636823277 ] ] ] }, { "type": "Polygon", "coordinates": [ [ [ 127.15752521170181, 37.492947452102882 ], [ 127.15759124426792, 37.493048321829747 ], [ 127.15765115952675, 37.492866727405584 ], [ 127.157777295172338, 37.492718877896444 ], [ 127.15764698768173, 37.492638906301551 ], [ 127.15746303552524, 37.492737925773461 ], [ 127.157574894829239, 37.492815408151699 ], [ 127.157517301290028, 37.492841135653705 ], [ 127.157498387684811, 37.492870398043785 ], [ 127.15752521170181, 37.492947452102882 ] ] ] }, { "type": "Polygon", "coordinates": [ [ [ 127.156566166147485, 37.492790066675141 ], [ 127.156854153739062, 37.49280704162986 ], [ 127.156856046132276, 37.492732526520747 ], [ 127.156637360989151, 37.492724984160851 ], [ 127.156566166147485, 37.492790066675141 ] ] ] }, { "type": "Polygon", "coordinates": [ [ [ 127.156476157324619, 37.492883627372827 ], [ 127.156604480854895, 37.492901370858178 ], [ 127.15674775665866, 37.492898858121478 ], [ 127.156765243517398, 37.492835720162553 ], [ 127.156536835360185, 37.492823658367662 ], [ 127.156476157324619, 37.492883627372827 ] ] ] }, { "type": "Polygon", "coordinates": [ [ [ 127.15832737960524, 37.493046788472732 ], [ 127.158242180357249, 37.492984291102175 ], [ 127.158107196610516, 37.49311850269347 ], [ 127.158200918175538, 37.493173753836402 ], [ 127.15832737960524, 37.493046788472732 ] ] ] }, { "type": "Polygon", "coordinates": [ [ [ 127.156919624421064, 37.493095671657741 ], [ 127.156824117729769, 37.493155335255175 ], [ 127.156914624884962, 37.493225953676863 ], [ 127.157003883100003, 37.493184939899308 ], [ 127.156919624421064, 37.493095671657741 ] ] ] }, { "type": "Polygon", "coordinates": [ [ [ 127.15632864904039, 37.493311849333963 ], [ 127.156356349549242, 37.4932223978957 ], [ 127.156195822478608, 37.493178044757606 ], [ 127.156161097773008, 37.493189812211071 ], [ 127.156142086378082, 37.493298101131224 ], [ 127.156107297688237, 37.493366640597287 ], [ 127.156216049216056, 37.493395915866593 ], [ 127.156258675668553, 37.493295218460553 ], [ 127.15632864904039, 37.493311849333963 ] ] ] }, { "type": "Polygon", "coordinates": [ [ [ 127.156493697463006, 37.493256644983703 ], [ 127.156456275033364, 37.493358344769227 ], [ 127.156563076848457, 37.493401668849543 ], [ 127.156614663342111, 37.493286831893045 ], [ 127.156493697463006, 37.493256644983703 ] ] ] }, { "type": "Polygon", "coordinates": [ [ [ 127.157989930311757, 37.493252014915242 ], [ 127.157941182209655, 37.493403843729432 ], [ 127.157925936415168, 37.493451310517386 ], [ 127.158083190289517, 37.493291949779397 ], [ 127.157989930311757, 37.493252014915242 ] ] ] }, { "type": "Polygon", "coordinates": [ [ [ 127.156717086756828, 37.493312673192499 ], [ 127.156660952077573, 37.493448140031433 ], [ 127.156757354543274, 37.493487765474995 ], [ 127.156811363347572, 37.49333598429449 ], [ 127.156717086756828, 37.493312673192499 ] ] ] }, { "type": "Polygon", "coordinates": [ [ [ 127.157448326001116, 37.493364373749792 ], [ 127.157451231000707, 37.493467182904745 ], [ 127.15746647150948, 37.493487732594396 ], [ 127.157577476438505, 37.493518174933463 ], [ 127.157599985822131, 37.493499656700692 ], [ 127.157568945631553, 37.493363745974129 ], [ 127.157448326001116, 37.493364373749792 ] ] ] }, { "type": "Polygon", "coordinates": [ [ [ 127.156763272457439, 37.493653550510871 ], [ 127.156796728217998, 37.493673310500846 ], [ 127.157030544299374, 37.493587254899644 ], [ 127.157050096582651, 37.493609519875044 ], [ 127.157095251357021, 37.493479806677747 ], [ 127.157055171654804, 37.493417609431987 ], [ 127.156981919873175, 37.493401523902747 ], [ 127.156907189215516, 37.493583110429455 ], [ 127.156872522290158, 37.49354091718979 ], [ 127.156763272457439, 37.493653550510871 ] ] ] }, { "type": "Polygon", "coordinates": [ [ [ 127.156213594680722, 37.493658740470131 ], [ 127.156070924014074, 37.49362088701681 ], [ 127.156023548710905, 37.493716535956445 ], [ 127.156196831099706, 37.493765855148702 ], [ 127.156242760057538, 37.493665333630581 ], [ 127.156312957564936, 37.493686298023185 ], [ 127.15637365861302, 37.49359875851215 ], [ 127.156353541754328, 37.493587747641065 ], [ 127.156410301590157, 37.493497330078327 ], [ 127.156231250592427, 37.493441522548224 ], [ 127.156178325127684, 37.493543476802948 ], [ 127.15626264461244, 37.493574703136424 ], [ 127.156213594680722, 37.493658740470131 ] ] ] }, { "type": "Polygon", "coordinates": [ [ [ 127.157638104398558, 37.493586444612127 ], [ 127.157408423088441, 37.493528813662984 ], [ 127.157391526243501, 37.493565524632714 ], [ 127.157457445417975, 37.493660628180038 ], [ 127.157638104398558, 37.493586444612127 ] ] ] }, { "type": "Polygon", "coordinates": [ [ [ 127.156716329010891, 37.493667847968588 ], [ 127.156526929243, 37.493562112112301 ], [ 127.156454097953883, 37.493672967442478 ], [ 127.156484715550675, 37.493692821342648 ], [ 127.156515592166301, 37.493679319915422 ], [ 127.156552549423751, 37.493697192293105 ], [ 127.156732103264318, 37.493815257695843 ], [ 127.156802052336545, 37.493754321324467 ], [ 127.156716329010891, 37.493667847968588 ] ] ] }, { "type": "Polygon", "coordinates": [ [ [ 127.157708462034222, 37.493760181336739 ], [ 127.157715931789014, 37.493747025887657 ], [ 127.157788015266831, 37.493620033881406 ], [ 127.157743992768246, 37.493608766544888 ], [ 127.157625409828952, 37.493626492767774 ], [ 127.157573896757569, 37.493716201201678 ], [ 127.157708462034222, 37.493760181336739 ] ] ] }, { "type": "Polygon", "coordinates": [ [ [ 127.157198243202686, 37.493757521055414 ], [ 127.157347163572794, 37.4938095826652 ], [ 127.157418020941662, 37.493679925545877 ], [ 127.157191762176993, 37.493740410616326 ], [ 127.157198243202686, 37.493757521055414 ] ] ] }, { "type": "Polygon", "coordinates": [ [ [ 127.15600333939561, 37.493973572316776 ], [ 127.156047200013404, 37.493889821171599 ], [ 127.155935970654212, 37.493854692495752 ], [ 127.155892217637742, 37.493941326656014 ], [ 127.15600333939561, 37.493973572316776 ] ] ] }, { "type": "Polygon", "coordinates": [ [ [ 127.155814568401212, 37.494107419111025 ], [ 127.155828292965978, 37.494072829860137 ], [ 127.155809973852229, 37.494067231552521 ], [ 127.155814568401212, 37.494107419111025 ] ] ] }, { "type": "Polygon", "coordinates": [ [ [ 127.156674288223527, 37.494166272692162 ], [ 127.156504256120499, 37.494119923237079 ], [ 127.156476615629956, 37.4942111315655 ], [ 127.156644843826058, 37.494254519141904 ], [ 127.156674288223527, 37.494166272692162 ] ] ] }, { "type": "Polygon", "coordinates": [ [ [ 127.157521011041794, 37.494374730009149 ], [ 127.157531257637714, 37.494353723206871 ], [ 127.157619070173112, 37.494383700575604 ], [ 127.157635141569003, 37.494336106603683 ], [ 127.157622773497025, 37.494315760373368 ], [ 127.157495354693324, 37.494272149130595 ], [ 127.157454367149484, 37.49435019369222 ], [ 127.157521011041794, 37.494374730009149 ] ] ] }, { "type": "Polygon", "coordinates": [ [ [ 127.155718893004178, 37.494454599760886 ], [ 127.155929447868317, 37.494503771574614 ], [ 127.155979130503326, 37.49435864582393 ], [ 127.155766568341406, 37.494317477587423 ], [ 127.155718893004178, 37.494454599760886 ] ] ] }, { "type": "Polygon", "coordinates": [ [ [ 127.156748007072096, 37.494478741353305 ], [ 127.156778674730305, 37.494391475362399 ], [ 127.156612668829297, 37.494351139446586 ], [ 127.156586517057136, 37.494429479579999 ], [ 127.156748007072096, 37.494478741353305 ] ] ] }, { "type": "Polygon", "coordinates": [ [ [ 127.156538307345627, 37.49441678470366 ], [ 127.156423468488313, 37.494386535630404 ], [ 127.15639809640814, 37.494470181582379 ], [ 127.156500503769593, 37.494503924843364 ], [ 127.156538307345627, 37.49441678470366 ] ] ] }, { "type": "Polygon", "coordinates": [ [ [ 127.156990446294856, 37.494650954819541 ], [ 127.157028202511313, 37.494584843899311 ], [ 127.156950452745832, 37.49455965517766 ], [ 127.156985607141067, 37.49449307917353 ], [ 127.156831148160222, 37.494442673224043 ], [ 127.156780717657682, 37.494586286634366 ], [ 127.156990446294856, 37.494650954819541 ] ] ] }, { "type": "Polygon", "coordinates": [ [ [ 127.156768240829095, 37.494621799951886 ], [ 127.156746148917648, 37.494684613003322 ], [ 127.156854103261779, 37.494721051664179 ], [ 127.156892154068942, 37.494649687577947 ], [ 127.156768240829095, 37.494621799951886 ] ] ] }, { "type": "Polygon", "coordinates": [ [ [ 127.156001347602228, 37.494884187378318 ], [ 127.155736695729075, 37.49480297472897 ], [ 127.15571106601044, 37.494877250477792 ], [ 127.155956305853891, 37.494971264722075 ], [ 127.156001347602228, 37.494884187378318 ] ] ] }, { "type": "Polygon", "coordinates": [ [ [ 127.156862679934775, 37.495236763036687 ], [ 127.156836759522761, 37.495082825451696 ], [ 127.156863575353654, 37.494981157542078 ], [ 127.156924794169285, 37.494930467933507 ], [ 127.156788641353486, 37.494890615576701 ], [ 127.156705159634683, 37.495204993607963 ], [ 127.156862679934775, 37.495236763036687 ] ] ] }, { "type": "Polygon", "coordinates": [ [ [ 127.156235322409344, 37.494987928538507 ], [ 127.15614221870139, 37.495238266773775 ], [ 127.156289088582227, 37.495292936271873 ], [ 127.1563288626201, 37.495217821961305 ], [ 127.156275888669242, 37.495198168503009 ], [ 127.156314396796162, 37.495123362193929 ], [ 127.15640062678419, 37.495153423627308 ], [ 127.156435752019817, 37.495072359772095 ], [ 127.156539969702067, 37.495106190720662 ], [ 127.156545927234163, 37.495088883728535 ], [ 127.156235322409344, 37.494987928538507 ] ] ] }, { "type": "Polygon", "coordinates": [ [ [ 127.156942335754394, 37.49549930838775 ], [ 127.156901369205698, 37.495364293568628 ], [ 127.156639557177485, 37.495312433752119 ], [ 127.156604354946154, 37.495427303234671 ], [ 127.156942335754394, 37.49549930838775 ] ] ] }, { "type": "Polygon", "coordinates": [ [ [ 127.156064837171499, 37.49550721701187 ], [ 127.156134995137961, 37.495535614792502 ], [ 127.156193517797618, 37.495454718610944 ], [ 127.156078769607234, 37.495408809734094 ], [ 127.156051442315245, 37.495482366970869 ], [ 127.156064837171499, 37.49550721701187 ] ] ] }, { "type": "Polygon", "coordinates": [ [ [ 127.156653045080972, 37.495633676114359 ], [ 127.156448876655702, 37.495574018614192 ], [ 127.156423146166773, 37.495648564939053 ], [ 127.156437321768081, 37.49566809802149 ], [ 127.156632471846322, 37.49570847700133 ], [ 127.156653045080972, 37.495633676114359 ] ] ] }, { "type": "Polygon", "coordinates": [ [ [ 127.156665279739585, 37.495715281511636 ], [ 127.156855226055725, 37.495754585758171 ], [ 127.156897949214027, 37.495629380872352 ], [ 127.156702093929297, 37.495581524968259 ], [ 127.156665279739585, 37.495715281511636 ] ] ] }, { "type": "Polygon", "coordinates": [ [ [ 127.156115437787761, 37.495697531817314 ], [ 127.156214130795419, 37.495738938666477 ], [ 127.156271180792871, 37.495651268867931 ], [ 127.156168608907819, 37.49560974100342 ], [ 127.156115437787761, 37.495697531817314 ] ] ] }, { "type": "Polygon", "coordinates": [ [ [ 127.156414097806831, 37.495746254060812 ], [ 127.156586456844181, 37.495822423628383 ], [ 127.156637424813724, 37.49574673590859 ], [ 127.156460477371539, 37.49571014429052 ], [ 127.156429629108885, 37.495721357125802 ], [ 127.156414097806831, 37.495746254060812 ] ] ] }, { "type": "Polygon", "coordinates": [ [ [ 127.156023817254464, 37.495850551133337 ], [ 127.156070471133418, 37.495771832934508 ], [ 127.155967096154384, 37.49572473777522 ], [ 127.155917875643311, 37.495803657507935 ], [ 127.156023817254464, 37.495850551133337 ] ] ] }, { "type": "Polygon", "coordinates": [ [ [ 127.155723692491847, 37.495738498624718 ], [ 127.155657146022861, 37.495822198134647 ], [ 127.155718260873286, 37.495846715645229 ], [ 127.155727395694285, 37.495834630341122 ], [ 127.155821939502559, 37.495876502442002 ], [ 127.155869694936314, 37.495799936270508 ], [ 127.155723692491847, 37.495738498624718 ] ] ] }, { "type": "Polygon", "coordinates": [ [ [ 127.157101898890318, 37.495959481615373 ], [ 127.157133403819287, 37.495915948921841 ], [ 127.157119720686268, 37.49586136643115 ], [ 127.157096497935342, 37.495841665145839 ], [ 127.157017306354405, 37.495825290139528 ], [ 127.156969460584961, 37.495901361343179 ], [ 127.157101898890318, 37.495959481615373 ] ] ] }, { "type": "Polygon", "coordinates": [ [ [ 127.156409639873004, 37.495953120168807 ], [ 127.156507432072402, 37.495996149749111 ], [ 127.156558391035716, 37.495921480205681 ], [ 127.15646051513113, 37.495876216300275 ], [ 127.156409639873004, 37.495953120168807 ] ] ] }, { "type": "Polygon", "coordinates": [ [ [ 127.156213237837036, 37.496068083623719 ], [ 127.156312267117329, 37.496113265131399 ], [ 127.156361271815967, 37.496039463193341 ], [ 127.156259899812142, 37.495993320726143 ], [ 127.156213237837036, 37.496068083623719 ] ] ] }, { "type": "Polygon", "coordinates": [ [ [ 127.156949261825062, 37.496102175445088 ], [ 127.156756361550848, 37.496012941895074 ], [ 127.156701594091345, 37.496094166784559 ], [ 127.156860827205136, 37.496165794134264 ], [ 127.156949261825062, 37.496102175445088 ] ] ] }, { "type": "Polygon", "coordinates": [ [ [ 127.156531945601373, 37.496421569089421 ], [ 127.156604058761033, 37.496350475767436 ], [ 127.156451599252492, 37.496284362312181 ], [ 127.156398940052895, 37.49636274614803 ], [ 127.156531945601373, 37.496421569089421 ] ] ] }, { "type": "Polygon", "coordinates": [ [ [ 127.156330825041763, 37.496612303883673 ], [ 127.156364174536577, 37.496607394786537 ], [ 127.156400174574586, 37.4965717581576 ], [ 127.156180928548295, 37.496473115747186 ], [ 127.156145307083165, 37.496527852982219 ], [ 127.156330825041763, 37.496612303883673 ] ] ] }, { "type": "Polygon", "coordinates": [ [ [ 127.155912555730282, 37.496954780145622 ], [ 127.155902293490072, 37.496968578832096 ], [ 127.156033937390134, 37.497030305321658 ], [ 127.156151232467963, 37.4968787841227 ], [ 127.156016759052278, 37.496815800064574 ], [ 127.156069797656883, 37.496745578954027 ], [ 127.156037843141334, 37.496730538037994 ], [ 127.156046549247947, 37.496718912780906 ], [ 127.155844971504223, 37.496628004235163 ], [ 127.155785732314911, 37.496707531647033 ], [ 127.155982110625558, 37.496799546308637 ], [ 127.155872111721507, 37.496935785886485 ], [ 127.155912555730282, 37.496954780145622 ] ] ] }, { "type": "Polygon", "coordinates": [ [ [ 127.155825774345047, 37.497036875369176 ], [ 127.155878078592508, 37.496966826495921 ], [ 127.155778570341852, 37.496920113559767 ], [ 127.155725803927936, 37.496990910821495 ], [ 127.155825774345047, 37.497036875369176 ] ] ] }, { "type": "LineString", "coordinates": [ [ 127.155732849352987, 37.494814121650577 ], [ 127.155732849239257, 37.494814121980184 ] ] }, { "type": "LineString", "coordinates": [ [ 127.15624359485318, 37.496019444909152 ], [ 127.156243594775262, 37.496019445033994 ] ] } ] } },
{ "type": "Feature", "properties": { "zoning_code": "유통상업지역", "zoning_name": "유통상업지역", "remark": "건축물대장 지역코드명 기반 보강" }, "geometry": { "type": "Polygon", "coordinates": [ [ [ 127.120633674480473, 37.479899411264078 ], [ 127.121087932854167, 37.479112558413796 ], [ 127.120064008245578, 37.478704715616914 ], [ 127.119858752758645, 37.478811419745469 ], [ 127.119675339042544, 37.478932337501099 ], [ 127.119345644872084, 37.479279462202854 ], [ 127.119371672229818, 37.479366833388603 ], [ 127.120633674480473, 37.479899411264078 ] ] ] } },
{ "type": "Feature", "properties": { "zoning_code": "제1종전용주거지역", "zoning_name": "제1종전용주거지역", "remark": "건축물대장 지역코드명 기반 보강" }, "geometry": { "type": "MultiPolygon", "coordinates": [ [ [ [ 127.150234274663092, 37.488893455307291 ], [ 127.150066633315447, 37.488801584026533 ], [ 127.150006616625134, 37.488871036447506 ], [ 127.150019046651209, 37.488924179808251 ], [ 127.150114243580305, 37.488976408202063 ], [ 127.150169858614134, 37.488968139145697 ], [ 127.150234274663092, 37.488893455307291 ] ] ], [ [ [ 127.150366215610944, 37.489114394484773 ], [ 127.150475079727372, 37.48898820742999 ], [ 127.150349319941469, 37.4889192592358 ], [ 127.150263018089419, 37.489019198682904 ], [ 127.150273282448282, 37.489063514944895 ], [ 127.150366215610944, 37.489114394484773 ] ] ], [ [ [ 127.148909582423627, 37.489095497602058 ], [ 127.148593658732679, 37.488922448846033 ], [ 127.148515477518188, 37.489013096612673 ], [ 127.148525740844406, 37.489057413028718 ], [ 127.148808725411442, 37.489212392936146 ], [ 127.148909582423627, 37.489095497602058 ] ] ], [ [ [ 127.150066848594719, 37.48908161446446 ], [ 127.149942107919372, 37.489013295256214 ], [ 127.149875414821466, 37.489023109815676 ], [ 127.149795317283591, 37.489116013331802 ], [ 127.149959563098548, 37.489205997159125 ], [ 127.150066848594719, 37.48908161446446 ] ] ], [ [ [ 127.149457082003423, 37.489269607271979 ], [ 127.149444652139522, 37.489216373754758 ], [ 127.149326250757838, 37.489151559859323 ], [ 127.149225394498387, 37.489268545646517 ], [ 127.149383300992795, 37.489355024299243 ], [ 127.149457082003423, 37.489269607271979 ] ] ], [ [ [ 127.149067488190497, 37.489181976680946 ], [ 127.148966631486047, 37.489298962247595 ], [ 127.149124537747468, 37.489385441246199 ], [ 127.149225394498387, 37.489268545646517 ], [ 127.149067488190497, 37.489181976680946 ] ] ], [ [ [ 127.149065821639766, 37.489484444346751 ], [ 127.148535506560009, 37.489193992430977 ], [ 127.148420208404389, 37.489327663994423 ], [ 127.148950523986059, 37.489618116420004 ], [ 127.149065821639766, 37.489484444346751 ] ] ], [ [ [ 127.150287603083925, 37.489385694392396 ], [ 127.150180317521261, 37.489510077281231 ], [ 127.150508246113773, 37.489689683931168 ], [ 127.150615531387601, 37.489565300749007 ], [ 127.150287603083925, 37.489385694392396 ] ] ], [ [ [ 127.149998290894032, 37.489691857595879 ], [ 127.150315013642185, 37.489865442161182 ], [ 127.150415982071593, 37.489748455315187 ], [ 127.150099146691346, 37.489574961258469 ], [ 127.149998290894032, 37.489691857595879 ] ] ], [ [ [ 127.149881530322517, 37.489931318769052 ], [ 127.149613369391218, 37.489784431870788 ], [ 127.149497936870063, 37.489918257809961 ], [ 127.14976609805548, 37.490065144966316 ], [ 127.149881530322517, 37.489931318769052 ] ] ], [ [ [ 127.150868506003476, 37.490035032715106 ], [ 127.150858241158289, 37.489990716513176 ], [ 127.150732819094983, 37.489922038613763 ], [ 127.150631850927894, 37.490039025726489 ], [ 127.150790213493636, 37.490125772209012 ], [ 127.150868506003476, 37.490035032715106 ] ] ], [ [ [ 127.15176065892777, 37.491441992487843 ], [ 127.151464302219736, 37.491279648499415 ], [ 127.151410392187771, 37.491293141796241 ], [ 127.151312093338547, 37.491501487406801 ], [ 127.151329027601207, 37.49154453370187 ], [ 127.151854728929905, 37.491832456011686 ], [ 127.152053394518219, 37.491602358142693 ], [ 127.151907026566704, 37.491522175406814 ], [ 127.151807750433704, 37.491637269240577 ], [ 127.151671683916419, 37.491562749404643 ], [ 127.151661382675485, 37.491557086200451 ], [ 127.15176065892777, 37.491441992487843 ] ] ], [ [ [ 127.151630924470183, 37.491819225589914 ], [ 127.151459539403163, 37.491725378896668 ], [ 127.151275021838913, 37.491963296525135 ], [ 127.151432144115205, 37.492049412987228 ], [ 127.151630924470183, 37.491819225589914 ] ] ], [ [ [ 127.151649591204446, 37.490303982231538 ], [ 127.151968810504769, 37.490478820566707 ], [ 127.152072935824762, 37.490358134200655 ], [ 127.152430644290121, 37.490554185819889 ], [ 127.152326632168723, 37.490674782252441 ], [ 127.152505487163822, 37.490772762757231 ], [ 127.152713623659437, 37.490531479244147 ], [ 127.151997981554786, 37.49013955711429 ], [ 127.151893969309185, 37.490260153174738 ], [ 127.15172077614217, 37.490165227934519 ], [ 127.151639325860728, 37.490259666100599 ], [ 127.151649591204446, 37.490303982231538 ] ] ], [ [ [ 127.152337397762665, 37.490967683413231 ], [ 127.15223327202618, 37.49108837000071 ], [ 127.152379186633425, 37.491168282617878 ], [ 127.15243480321945, 37.491160102595209 ], [ 127.152597703699982, 37.490971315237843 ], [ 127.152587437703772, 37.490926999195722 ], [ 127.152083587304375, 37.490651035546719 ], [ 127.151875448448095, 37.490892317950056 ], [ 127.152054303375792, 37.490990299134374 ], [ 127.152158429446146, 37.49086970280198 ], [ 127.152337397762665, 37.490967683413231 ] ] ], [ [ [ 127.151587508906957, 37.490917740826887 ], [ 127.151540330290416, 37.491017631473667 ], [ 127.151809518154579, 37.491165053253653 ], [ 127.151913419072386, 37.491044637626523 ], [ 127.151652268389654, 37.49090153066436 ], [ 127.151587508906957, 37.490917740826887 ] ] ], [ [ [ 127.151850320369789, 37.491381781782529 ], [ 127.151964149003675, 37.491249820691117 ], [ 127.152097724692638, 37.49132290177014 ], [ 127.151983896364484, 37.491454953088024 ], [ 127.152117359543951, 37.491528124385141 ], [ 127.152335201380893, 37.491275656803836 ], [ 127.152054012766342, 37.491121584121409 ], [ 127.151950112149137, 37.491242089970065 ], [ 127.151830686469125, 37.491176649216058 ], [ 127.151716744635451, 37.491308610324531 ], [ 127.151850320369789, 37.491381781782529 ] ] ], [ [ [ 127.152316700499568, 37.49191602060327 ], [ 127.15251650077299, 37.492025507122399 ], [ 127.152631942223877, 37.491964542079522 ], [ 127.152632416850039, 37.491919491511581 ], [ 127.152261117570262, 37.491716159802159 ], [ 127.152161841725828, 37.491831253929028 ], [ 127.151981965882342, 37.491732733624069 ], [ 127.151882689586969, 37.491847827516999 ], [ 127.152217311400818, 37.492031114917538 ], [ 127.152316700499568, 37.49191602060327 ] ] ], [ [ [ 127.151764172275264, 37.492230298348382 ], [ 127.151892943237129, 37.492269689326058 ], [ 127.152009951659679, 37.492267891514423 ], [ 127.152094488146304, 37.492245439025076 ], [ 127.152215358315061, 37.49218464767187 ], [ 127.152215833192358, 37.492139597106728 ], [ 127.151818724057051, 37.491922061144557 ], [ 127.151718770246603, 37.492037876557767 ], [ 127.151862309024992, 37.492116531420635 ], [ 127.151764172275264, 37.492230298348382 ] ] ], [ [ [ 127.153214541311669, 37.490978003157466 ], [ 127.153035345498211, 37.490879934067877 ], [ 127.152928062189488, 37.491004229315124 ], [ 127.153240269138507, 37.491175288978027 ], [ 127.153347551990279, 37.491050903351784 ], [ 127.153377889785389, 37.491067532849542 ], [ 127.153478741966282, 37.490950543562356 ], [ 127.153315393810232, 37.490861104107324 ], [ 127.153214541311669, 37.490978003157466 ] ] ], [ [ [ 127.153090740211894, 37.491377665149535 ], [ 127.153193285740173, 37.491258871940374 ], [ 127.153033333140144, 37.491171229739898 ], [ 127.152930787477388, 37.491290022812279 ], [ 127.153090740211894, 37.491377665149535 ] ] ], [ [ [ 127.152675821454778, 37.4914622689653 ], [ 127.152363161746919, 37.491290938097421 ], [ 127.15225926139361, 37.491411444213888 ], [ 127.15257192118689, 37.491582685252908 ], [ 127.152675821454778, 37.4914622689653 ] ] ], [ [ [ 127.153522697818133, 37.491493609408614 ], [ 127.153523266725117, 37.491439548719775 ], [ 127.153353125455936, 37.491346423967812 ], [ 127.15325069313748, 37.491465217168404 ], [ 127.153410646618525, 37.491552859068307 ], [ 127.153522697818133, 37.491493609408614 ] ] ] ] } },
{ "type": "Feature", "properties": { "zoning_code": "준주거지역", "zoning_name": "준주거지역", "remark": "건축물대장 지역코드명 기반 보강" }, "geometry": { "type": "MultiPolygon", "coordinates": [ [ [ [ 127.089161107562433, 37.503850481636292 ], [ 127.089388238560488, 37.503785792450017 ], [ 127.089268611654603, 37.503518915678271 ], [ 127.089217470562801, 37.503499582198515 ], [ 127.089027988044535, 37.503553512290878 ], [ 127.089161107562433, 37.503850481636292 ] ] ], [ [ [ 127.08799826376557, 37.504041079768335 ], [ 127.088127343617217, 37.504074601436102 ], [ 127.088196813406967, 37.503904523170469 ], [ 127.088099409731925, 37.503879186457127 ], [ 127.087903468849348, 37.503649404237301 ], [ 127.087739719980206, 37.503738082952921 ], [ 127.08799826376557, 37.504041079768335 ] ] ], [ [ [ 127.086509791788572, 37.504212628829173 ], [ 127.086443236776375, 37.504064102141797 ], [ 127.086193942812173, 37.504135009427998 ], [ 127.086247005178706, 37.504253542703267 ], [ 127.086298145919784, 37.504272787367043 ], [ 127.086509791788572, 37.504212628829173 ] ] ], [ [ [ 127.088722352023026, 37.504477801739462 ], [ 127.088655656627509, 37.504329231361247 ], [ 127.088533350652455, 37.504364054979845 ], [ 127.088449219947421, 37.504569634523186 ], [ 127.088525550222172, 37.504659137510821 ], [ 127.088689096691596, 37.504570538958525 ], [ 127.088722352023026, 37.504477801739462 ] ] ], [ [ [ 127.089694120087842, 37.504425993823531 ], [ 127.089538892024819, 37.504470159368637 ], [ 127.089631226519714, 37.50460778101958 ], [ 127.08980451712246, 37.50454521249133 ], [ 127.089746277671523, 37.504443524338704 ], [ 127.089694120087842, 37.504425993823531 ] ] ], [ [ [ 127.087457905287877, 37.504837694900118 ], [ 127.087391234632193, 37.504689069738227 ], [ 127.08714590785614, 37.504758840885216 ], [ 127.087212566737293, 37.504907430152649 ], [ 127.087457905287877, 37.504837694900118 ] ] ], [ [ [ 127.088117932390531, 37.505022890516216 ], [ 127.088232982790416, 37.505157703500537 ], [ 127.088425635575632, 37.505102862355784 ], [ 127.088130744820816, 37.504757366092385 ], [ 127.087801023187481, 37.504932527083938 ], [ 127.087952202674387, 37.505112507996657 ], [ 127.088117932390531, 37.505022890516216 ] ] ], [ [ [ 127.090039667662836, 37.50503571089272 ], [ 127.090061672469403, 37.504994248505959 ], [ 127.089985537579025, 37.504861309269074 ], [ 127.08970594717475, 37.504962168776039 ], [ 127.089805320195069, 37.505102352867844 ], [ 127.090039667662836, 37.50503571089272 ] ] ], [ [ [ 127.089162699311998, 37.505125113059144 ], [ 127.088977307273268, 37.504908028914045 ], [ 127.088813658717726, 37.504996709025676 ], [ 127.088998948716096, 37.505213793500019 ], [ 127.089162699311998, 37.505125113059144 ] ] ], [ [ [ 127.087740648398153, 37.505145332772351 ], [ 127.087801683669881, 37.50528041984564 ], [ 127.08793077507849, 37.505243690920636 ], [ 127.087948368794358, 37.505200880658393 ], [ 127.087869286793747, 37.505108234835369 ], [ 127.087740648398153, 37.505145332772351 ] ] ], [ [ [ 127.086697761137728, 37.505312431547758 ], [ 127.086750711630643, 37.505430604253782 ], [ 127.086860255279348, 37.505399062327974 ], [ 127.08679384644293, 37.505251328641421 ], [ 127.086721917630115, 37.505271779130553 ], [ 127.086697761137728, 37.505312431547758 ] ] ], [ [ [ 127.089258669217486, 37.505518183150642 ], [ 127.089586362638443, 37.505340514847106 ], [ 127.089551401552882, 37.505299527490713 ], [ 127.089497664190532, 37.505285511959904 ], [ 127.089145745513562, 37.505385829320886 ], [ 127.089258669217486, 37.505518183150642 ] ] ], [ [ [ 127.088753439982909, 37.505487013390784 ], [ 127.088590401648773, 37.50557657571224 ], [ 127.088722905898763, 37.505731900065797 ], [ 127.08888542340911, 37.505641689230643 ], [ 127.088753439982909, 37.505487013390784 ] ] ], [ [ [ 127.089547439632852, 37.505575857418563 ], [ 127.089383643408127, 37.505664655549822 ], [ 127.089489965308132, 37.505789283502374 ], [ 127.089653772988328, 37.50570048521697 ], [ 127.089547439632852, 37.505575857418563 ] ] ], [ [ [ 127.089631792621475, 37.505955574037237 ], [ 127.089973798024346, 37.505858100802861 ], [ 127.089991390716534, 37.505815290242111 ], [ 127.08990159165792, 37.505710021830026 ], [ 127.089573784073906, 37.505887519892781 ], [ 127.089631792621475, 37.505955574037237 ] ] ], [ [ [ 127.097617136666344, 37.50610963541353 ], [ 127.097718918062654, 37.506104416885925 ], [ 127.097702026142997, 37.505896660609785 ], [ 127.097372986979906, 37.505866654539119 ], [ 127.097402982568155, 37.506239733271727 ], [ 127.097524770004995, 37.506313065652499 ], [ 127.097624951242963, 37.506206306088842 ], [ 127.097617136666344, 37.50610963541353 ] ] ], [ [ [ 127.089233527482151, 37.506049628237029 ], [ 127.089054622094878, 37.505839963652399 ], [ 127.088726970123588, 37.506017333107735 ], [ 127.088848150115808, 37.506159330904111 ], [ 127.089233527482151, 37.506049628237029 ] ] ], [ [ [ 127.098665617986711, 37.505984440176363 ], [ 127.09836316050442, 37.505957919882128 ], [ 127.098338948916734, 37.506126345175041 ], [ 127.098703008776241, 37.506159473238668 ], [ 127.09870320994365, 37.506018016463841 ], [ 127.098665617986711, 37.505984440176363 ] ] ], [ [ [ 127.099564830465383, 37.506482489482487 ], [ 127.099919642363645, 37.506576871274184 ], [ 127.100138536334484, 37.506278206301488 ], [ 127.099818041948723, 37.506142557955251 ], [ 127.099745309075686, 37.506289616194948 ], [ 127.099616916513085, 37.506269621630409 ], [ 127.099564830465383, 37.506482489482487 ] ] ], [ [ [ 127.100958987919597, 37.506980278474977 ], [ 127.101051195074859, 37.506842005844064 ], [ 127.100827642704928, 37.506747391044172 ], [ 127.10075799986808, 37.506895231161359 ], [ 127.100958987919597, 37.506980278474977 ] ] ], [ [ [ 127.101363534255526, 37.507151505156131 ], [ 127.101582143196893, 37.507243978748185 ], [ 127.101674270403649, 37.507105741745271 ], [ 127.101455752279819, 37.507013304284399 ], [ 127.101363534255526, 37.507151505156131 ] ] ], [ [ [ 127.103285401749673, 37.507819891759965 ], [ 127.103534852670592, 37.507925408620821 ], [ 127.103644066392491, 37.507762125639616 ], [ 127.103166101514461, 37.507559921622978 ], [ 127.103111262943415, 37.507570960963754 ], [ 127.102872552866501, 37.507854619744464 ], [ 127.103153150888218, 37.508018270051565 ], [ 127.103285401749673, 37.507819891759965 ] ] ], [ [ [ 127.079959574029033, 37.509690710558871 ], [ 127.080270950606334, 37.509736823641816 ], [ 127.080306182386309, 37.509586243537385 ], [ 127.079994738560757, 37.509540139600496 ], [ 127.079959574029033, 37.509690710558871 ] ] ], [ [ [ 127.106391226905131, 37.50422729506527 ], [ 127.106082530748324, 37.50409520312521 ], [ 127.106027694891608, 37.504106063622622 ], [ 127.10585754226733, 37.504308217724272 ], [ 127.106234473925042, 37.504459792421905 ], [ 127.106391226905131, 37.50422729506527 ] ] ], [ [ [ 127.107342122783024, 37.504382481870799 ], [ 127.107502554902268, 37.504475077741162 ], [ 127.107675197847087, 37.50428535280917 ], [ 127.107495366168763, 37.504213957031794 ], [ 127.107342122783024, 37.504382481870799 ] ] ], [ [ [ 127.10661674380961, 37.504626497923979 ], [ 127.106980700598314, 37.504797993821128 ], [ 127.107246643359915, 37.504756310212038 ], [ 127.107337702609428, 37.504656244969041 ], [ 127.107177383400469, 37.504563648776781 ], [ 127.106775087151547, 37.504391547936471 ], [ 127.10661674380961, 37.504626497923979 ] ] ], [ [ [ 127.108224910908888, 37.504748312739757 ], [ 127.108356222958989, 37.504841095923226 ], [ 127.108470425417934, 37.504736738147969 ], [ 127.108327441338432, 37.504635595375177 ], [ 127.108224910908888, 37.504748312739757 ] ] ], [ [ [ 127.105830546204544, 37.504901458443967 ], [ 127.105615873234115, 37.504816143128956 ], [ 127.105517582452393, 37.504963542816121 ], [ 127.105729423032003, 37.505053185594633 ], [ 127.105830546204544, 37.504901458443967 ] ] ], [ [ [ 127.108057650674397, 37.505072642648848 ], [ 127.108140826144663, 37.505131438790045 ], [ 127.108256060161452, 37.505028233572624 ], [ 127.108357394660956, 37.505099852368701 ], [ 127.108474630696236, 37.504997041566035 ], [ 127.108372537672452, 37.504924855926859 ], [ 127.108255279015992, 37.505027684669862 ], [ 127.108116053439431, 37.504929340352994 ], [ 127.108048278982906, 37.505003814883231 ], [ 127.108057650674397, 37.505072642648848 ] ] ], [ [ [ 127.105870430897866, 37.50529654671238 ], [ 127.10650918335773, 37.50556679358241 ], [ 127.106622411315499, 37.50544234622496 ], [ 127.106619226798458, 37.505429644992674 ], [ 127.10596594496262, 37.505153248734324 ], [ 127.105870430897866, 37.50529654671238 ] ] ], [ [ [ 127.105748004914076, 37.505484476746801 ], [ 127.105839905501213, 37.505344876153167 ], [ 127.105717247840801, 37.505292978826567 ], [ 127.105625222707104, 37.505432597455808 ], [ 127.105748004914076, 37.505484476746801 ] ] ], [ [ [ 127.10722399388213, 37.505697422457644 ], [ 127.107257089402282, 37.505908235262837 ], [ 127.107383967016389, 37.505895588753098 ], [ 127.107522793243291, 37.505742889345598 ], [ 127.107405594496839, 37.505673653685839 ], [ 127.10722399388213, 37.505697422457644 ] ] ], [ [ [ 127.10616842220756, 37.505672323445722 ], [ 127.106017544138638, 37.505838141440293 ], [ 127.106178000427647, 37.505930784114092 ], [ 127.106328923591292, 37.505764983897237 ], [ 127.10616842220756, 37.505672323445722 ] ] ], [ [ [ 127.106891040842982, 37.506183988255302 ], [ 127.107102636185786, 37.505951323960886 ], [ 127.106942224218159, 37.505858871713947 ], [ 127.106730696508407, 37.506091544674582 ], [ 127.106891040842982, 37.506183988255302 ] ] ], [ [ [ 127.107217639993806, 37.506172271832511 ], [ 127.107438572952049, 37.506329604334546 ], [ 127.10753418911797, 37.506243707569517 ], [ 127.107313324097134, 37.506086393203056 ], [ 127.107217639993806, 37.506172271832511 ] ] ], [ [ [ 127.108443430222493, 37.506347115464649 ], [ 127.108246892885077, 37.506207458394982 ], [ 127.108085947029608, 37.506361403953818 ], [ 127.108288210768109, 37.506495587057898 ], [ 127.108443430222493, 37.506347115464649 ] ] ], [ [ [ 127.107755100355874, 37.506401057516584 ], [ 127.107644661573005, 37.506322373570214 ], [ 127.107548988833642, 37.506408234434325 ], [ 127.107659393624218, 37.506486855429742 ], [ 127.107755100355874, 37.506401057516584 ] ] ], [ [ [ 127.107943218251464, 37.506919970789163 ], [ 127.108040118731452, 37.506830423426933 ], [ 127.107743624742398, 37.506619307422305 ], [ 127.107646035183862, 37.506709494871785 ], [ 127.107943218251464, 37.506919970789163 ] ] ], [ [ [ 127.104484419514293, 37.5089770394856 ], [ 127.104752273197633, 37.508758953634604 ], [ 127.104632947122141, 37.508665885747533 ], [ 127.104928260489672, 37.508341358745078 ], [ 127.10478605258281, 37.508230471290801 ], [ 127.104368796356823, 37.508689397792864 ], [ 127.104391689514983, 37.508904680115016 ], [ 127.104484419514293, 37.5089770394856 ] ] ], [ [ [ 127.105015327169141, 37.509390944048121 ], [ 127.105181994237839, 37.509520901866431 ], [ 127.105315145644369, 37.509411259755439 ], [ 127.105148648430117, 37.50928143712305 ], [ 127.105015327169141, 37.509390944048121 ] ] ], [ [ [ 127.106494372005983, 37.510117284031544 ], [ 127.106256628747943, 37.509931943774362 ], [ 127.106121701542264, 37.510041210090392 ], [ 127.106211264061855, 37.510110958003537 ], [ 127.106079087482854, 37.510222077883441 ], [ 127.106227189028942, 37.510337634689478 ], [ 127.106494372005983, 37.510117284031544 ] ] ], [ [ [ 127.107654448797916, 37.513610762577954 ], [ 127.107841311088706, 37.513662771226841 ], [ 127.107735296425204, 37.513912073159567 ], [ 127.107917830427979, 37.513974167724022 ], [ 127.10826594693259, 37.513155208412513 ], [ 127.10808341476681, 37.513093204474245 ], [ 127.10797466266547, 37.51334919450732 ], [ 127.10778747407204, 37.51329790715684 ], [ 127.107654448797916, 37.513610762577954 ] ] ], [ [ [ 127.132843889530889, 37.476723433579394 ], [ 127.133262056119975, 37.476455280468713 ], [ 127.133036575879018, 37.476231902998215 ], [ 127.132618296671168, 37.476500055445761 ], [ 127.132843889530889, 37.476723433579394 ] ] ], [ [ [ 127.133069257468904, 37.476946721423019 ], [ 127.13329462674858, 37.477170008825816 ], [ 127.133712907259479, 37.476901854012326 ], [ 127.133487424492117, 37.476678567524196 ], [ 127.133069257468904, 37.476946721423019 ] ] ], [ [ [ 127.133970742478638, 37.477839778288917 ], [ 127.134196343554109, 37.478063243874267 ], [ 127.134614512747433, 37.47779508603373 ], [ 127.134389024292346, 37.477571621110251 ], [ 127.133970742478638, 37.477839778288917 ] ] ], [ [ [ 127.115984532622051, 37.491044698162497 ], [ 127.116349363696727, 37.491151653199907 ], [ 127.116397148599873, 37.491047811583201 ], [ 127.116373362768641, 37.491006884272302 ], [ 127.116046056168926, 37.490910966223794 ], [ 127.115984532622051, 37.491044698162497 ] ] ], [ [ [ 127.115679664012973, 37.491107162116052 ], [ 127.115922771316022, 37.491178376236526 ], [ 127.115984532622051, 37.491044698162497 ], [ 127.115741312619349, 37.490973484276196 ], [ 127.115679664012973, 37.491107162116052 ] ] ], [ [ [ 127.116482106161058, 37.491072686637345 ], [ 127.11642609406141, 37.491194285983262 ], [ 127.116783935123848, 37.491299093084088 ], [ 127.116853673409636, 37.491147648073259 ], [ 127.116533413333698, 37.491053796798326 ], [ 127.116482106161058, 37.491072686637345 ] ] ], [ [ [ 127.142503194054271, 37.494382973790515 ], [ 127.142384078370455, 37.49424003723918 ], [ 127.142192711328278, 37.494341537537039 ], [ 127.142336679723599, 37.494471290074927 ], [ 127.142503194054271, 37.494382973790515 ] ] ], [ [ [ 127.135817015002473, 37.497364690041515 ], [ 127.135691111757581, 37.497215898033325 ], [ 127.135519489899764, 37.497308075762618 ], [ 127.135645279875433, 37.497456868080135 ], [ 127.135817015002473, 37.497364690041515 ] ] ], [ [ [ 127.134108135882542, 37.497588356011988 ], [ 127.134242182696028, 37.49748377976448 ], [ 127.134156910472328, 37.497416300639557 ], [ 127.134024105044276, 37.497519433801514 ], [ 127.134108135882542, 37.497588356011988 ] ] ], [ [ [ 127.135249256964357, 37.497323707948553 ], [ 127.134907841644576, 37.497507176827838 ], [ 127.134983314434862, 37.497596110244963 ], [ 127.134855763306959, 37.497664640059135 ], [ 127.135015106767284, 37.497795375195082 ], [ 127.135373356848106, 37.497602967055947 ], [ 127.135247567165123, 37.497454174452038 ], [ 127.135324730134357, 37.497412731249575 ], [ 127.135249256964357, 37.497323707948553 ] ] ], [ [ [ 127.133457366726262, 37.497672517040876 ], [ 127.133567331915145, 37.49776312473255 ], [ 127.133688507968884, 37.497669825982385 ], [ 127.133578576744085, 37.497579245394043 ], [ 127.133457366726262, 37.497672517040876 ] ] ], [ [ [ 127.12202281255108, 37.498547169513103 ], [ 127.121840812698267, 37.498449416477733 ], [ 127.121726132965676, 37.498584142396183 ], [ 127.121907569010972, 37.498682797178851 ], [ 127.12202281255108, 37.498547169513103 ] ] ], [ [ [ 127.128426066427096, 37.502532877415057 ], [ 127.128145008781686, 37.50272022615345 ], [ 127.12840282316175, 37.502965651622141 ], [ 127.12859723661569, 37.502835969271459 ], [ 127.128612435183783, 37.502728553985179 ], [ 127.128426066427096, 37.502532877415057 ] ] ], [ [ [ 127.126997962366985, 37.503360257486158 ], [ 127.127434580643836, 37.50306913104852 ], [ 127.127248584658375, 37.502892102887387 ], [ 127.12711342261764, 37.502882605984972 ], [ 127.126750233058132, 37.503124729250537 ], [ 127.126997962366985, 37.503360257486158 ] ] ], [ [ [ 127.127742018914901, 37.503193347879034 ], [ 127.127811841697309, 37.503259829957052 ], [ 127.127947117749656, 37.503269416036957 ], [ 127.128133851116914, 37.503144878360494 ], [ 127.128002440478724, 37.503019789454399 ], [ 127.127742018914901, 37.503193347879034 ] ] ], [ [ [ 127.109779107257182, 37.505476526497482 ], [ 127.109668362955858, 37.505398259169908 ], [ 127.109553821728483, 37.505502519291127 ], [ 127.109694589931507, 37.505601941686507 ], [ 127.109782678179258, 37.505521483001345 ], [ 127.109779107257182, 37.505476526497482 ] ] ], [ [ [ 127.127265188181639, 37.509420351108254 ], [ 127.126869385152517, 37.508778000634024 ], [ 127.126687298699693, 37.508850273461846 ], [ 127.127083552662796, 37.509492443860438 ], [ 127.127265188181639, 37.509420351108254 ] ] ], [ [ [ 127.125816091306774, 37.508990262240793 ], [ 127.125628685830691, 37.509068350461646 ], [ 127.125545105820336, 37.50893319861563 ], [ 127.125386532806544, 37.508999317969362 ], [ 127.125503661794582, 37.509177322168142 ], [ 127.125657150853584, 37.509114451590278 ], [ 127.125725081339198, 37.509224391897334 ], [ 127.12591241928753, 37.509146330626429 ], [ 127.125816091306774, 37.508990262240793 ] ] ], [ [ [ 127.125470545171481, 37.509190871874367 ], [ 127.125330279702652, 37.509248232269499 ], [ 127.125213944364802, 37.509071218166255 ], [ 127.12504022545987, 37.509143659890547 ], [ 127.12515622030179, 37.5093201339212 ], [ 127.125256134502422, 37.509278583451639 ], [ 127.125330399039854, 37.50938896784632 ], [ 127.125542659648445, 37.509300447495995 ], [ 127.125470545171481, 37.509190871874367 ] ] ], [ [ [ 127.124891032523905, 37.509205804382681 ], [ 127.124744552021156, 37.509266864660283 ], [ 127.124854781828063, 37.509445597489204 ], [ 127.125007934307078, 37.509383719204934 ], [ 127.124891032523905, 37.509205804382681 ] ] ], [ [ [ 127.12599882391072, 37.509449443053654 ], [ 127.125890179142388, 37.509273322516286 ], [ 127.125836432179725, 37.509259323541173 ], [ 127.125636491709784, 37.509342695793706 ], [ 127.125785604343079, 37.509573464502857 ], [ 127.125981250797167, 37.509492168817836 ], [ 127.12599882391072, 37.509449443053654 ] ] ], [ [ [ 127.125394618442385, 37.509443500925585 ], [ 127.125273003542745, 37.509494264414634 ], [ 127.125349765662904, 37.509610142256605 ], [ 127.125470701187055, 37.509558838804253 ], [ 127.125394618442385, 37.509443500925585 ] ] ], [ [ [ 127.12567867620902, 37.509819008453981 ], [ 127.125855794382332, 37.509749715709184 ], [ 127.125861804989768, 37.509759440147285 ], [ 127.126126748513144, 37.509656717637277 ], [ 127.126074013545704, 37.5095712686608 ], [ 127.126020266335189, 37.509557269770475 ], [ 127.125654855603273, 37.509709111886281 ], [ 127.125637282382272, 37.509751927697366 ], [ 127.12567867620902, 37.509819008453981 ] ] ], [ [ [ 127.126160977858746, 37.510244311577495 ], [ 127.126067188097366, 37.510092232164283 ], [ 127.125889956208155, 37.51016152534217 ], [ 127.125966734177041, 37.510285962220458 ], [ 127.126020369395079, 37.510300321649702 ], [ 127.126160977858746, 37.510244311577495 ] ] ], [ [ [ 127.12662110259501, 37.510457992082223 ], [ 127.126547385287751, 37.510338417776275 ], [ 127.126303352362854, 37.510434001258453 ], [ 127.126377182329961, 37.510553485496224 ], [ 127.12662110259501, 37.510457992082223 ] ] ], [ [ [ 127.126446363234152, 37.51066576662928 ], [ 127.126248898256151, 37.510743280804739 ], [ 127.126343596293566, 37.510896710590998 ], [ 127.126541061576958, 37.510819196258716 ], [ 127.126446363234152, 37.51066576662928 ] ] ], [ [ [ 127.143332133277866, 37.477462837038175 ], [ 127.143348923413001, 37.477732847040741 ], [ 127.143077837543558, 37.477743533631418 ], [ 127.143100223116321, 37.478103456898154 ], [ 127.143584517306479, 37.47808440509521 ], [ 127.143718313698258, 37.478051988304799 ], [ 127.144063220366476, 37.478038418109449 ], [ 127.144139066794438, 37.477971652480875 ], [ 127.144105595274908, 37.477432353382163 ], [ 127.143332133277866, 37.477462837038175 ] ] ], [ [ [ 127.143538184832408, 37.480783500084335 ], [ 127.143571768100884, 37.481323429604167 ], [ 127.144265229015147, 37.481296104445647 ], [ 127.14434130483771, 37.481229428544694 ], [ 127.14431168096155, 37.480753015027155 ], [ 127.143538184832408, 37.480783500084335 ] ] ], [ [ [ 127.142298197571563, 37.487439413450602 ], [ 127.142558075266592, 37.488064037092947 ], [ 127.142995807355604, 37.487963052261982 ], [ 127.142727422773376, 37.487326005941256 ], [ 127.142298197571563, 37.487439413450602 ] ] ], [ [ [ 127.144881647860785, 37.492214380075538 ], [ 127.144785889724133, 37.492105385221429 ], [ 127.144743468507343, 37.492096246461962 ], [ 127.144676041137771, 37.492131935673456 ], [ 127.144811776001546, 37.492284544561258 ], [ 127.14488227540896, 37.492246905387105 ], [ 127.144881647860785, 37.492214380075538 ] ] ], [ [ [ 127.14433305366093, 37.492540125007103 ], [ 127.144546665504691, 37.492426079410805 ], [ 127.144405144913321, 37.492275324267752 ], [ 127.144258066829835, 37.492353168187194 ], [ 127.14433305366093, 37.492540125007103 ] ] ], [ [ [ 127.14461576825984, 37.492551225616161 ], [ 127.144691116580304, 37.492512301265577 ], [ 127.14462220431831, 37.492427780928075 ], [ 127.144545051264288, 37.492469041007972 ], [ 127.14461576825984, 37.492551225616161 ] ] ], [ [ [ 127.144958540899452, 37.492924364216471 ], [ 127.145152793695857, 37.492916469723959 ], [ 127.145141254316414, 37.4927364641201 ], [ 127.144947001984818, 37.49274435859293 ], [ 127.144958540899452, 37.492924364216471 ] ] ], [ [ [ 127.15249204599597, 37.49327456641155 ], [ 127.152622361622065, 37.493147449052699 ], [ 127.152543807471261, 37.493114410749463 ], [ 127.152453782350236, 37.493123887173581 ], [ 127.152379137619846, 37.4932242006332 ], [ 127.15249204599597, 37.49327456641155 ] ] ], [ [ [ 127.145985217011003, 37.493356854248177 ], [ 127.145966560219094, 37.493063872155084 ], [ 127.145533504588798, 37.49308142970807 ], [ 127.145554482509255, 37.493406304407358 ], [ 127.145947400134162, 37.493390327549392 ], [ 127.145985217011003, 37.493356854248177 ] ] ], [ [ [ 127.143473149359679, 37.493163571550006 ], [ 127.143323812794634, 37.493244480407419 ], [ 127.143390797757746, 37.493326751307706 ], [ 127.143540926643425, 37.493246201813861 ], [ 127.143473149359679, 37.493163571550006 ] ] ], [ [ [ 127.143760912351993, 37.493510110098526 ], [ 127.143208284089141, 37.493803058239656 ], [ 127.143402204055121, 37.494036364458587 ], [ 127.143566908771703, 37.493949039942372 ], [ 127.143492218158769, 37.493858579320261 ], [ 127.143835407988817, 37.493676615110672 ], [ 127.143760912351993, 37.493510110098526 ] ] ], [ [ [ 127.151675316987394, 37.494168452164907 ], [ 127.151879827587862, 37.494301062368386 ], [ 127.151934672480294, 37.494295964981674 ], [ 127.151987794807283, 37.494226997953554 ], [ 127.151850936507898, 37.494154803946742 ], [ 127.151903823044492, 37.494092324446839 ], [ 127.151757033243953, 37.494018413052672 ], [ 127.151665874264097, 37.494128631004898 ], [ 127.151675316987394, 37.494168452164907 ] ] ], [ [ [ 127.14336193355507, 37.494447448539226 ], [ 127.143274470630615, 37.494342208718329 ], [ 127.143507825996267, 37.49421850965993 ], [ 127.143420442154678, 37.494113197767945 ], [ 127.142827478986376, 37.494427636316068 ], [ 127.143002584719298, 37.494637990195393 ], [ 127.14336193355507, 37.494447448539226 ] ] ], [ [ [ 127.151981893152268, 37.494334656814246 ], [ 127.151992471965229, 37.494377017317191 ], [ 127.152060271590145, 37.494420485229668 ], [ 127.152163982103076, 37.494310205925181 ], [ 127.152049618371521, 37.494250921808884 ], [ 127.151981893152268, 37.494334656814246 ] ] ], [ [ [ 127.151854067303773, 37.494469987384953 ], [ 127.151795399046492, 37.494536609797819 ], [ 127.151924451882422, 37.494612670075732 ], [ 127.152005173063543, 37.494530288072355 ], [ 127.151916939465522, 37.494469754195478 ], [ 127.151854067303773, 37.494469987384953 ] ] ], [ [ [ 127.142878320204844, 37.494703821762968 ], [ 127.142790710687336, 37.494598599783593 ], [ 127.142593694688543, 37.494702990676203 ], [ 127.142674798096223, 37.49477614501324 ], [ 127.142730897213909, 37.494782024566497 ], [ 127.142878320204844, 37.494703821762968 ] ] ], [ [ [ 127.157978964498952, 37.495123575167071 ], [ 127.157948918374885, 37.495085412610131 ], [ 127.15773239844485, 37.495045784856451 ], [ 127.157655695909227, 37.495083998494408 ], [ 127.157616962784076, 37.495218478678865 ], [ 127.157934842746613, 37.49527662316266 ], [ 127.157978964498952, 37.495123575167071 ] ] ], [ [ [ 127.14286867448952, 37.499425876506116 ], [ 127.142678797866168, 37.499424661938129 ], [ 127.14264686396379, 37.499461821214986 ], [ 127.142761861177704, 37.499695042304012 ], [ 127.142970844124136, 37.499632983793902 ], [ 127.14286867448952, 37.499425876506116 ] ] ], [ [ [ 127.143803585301001, 37.499493049874204 ], [ 127.14356822495391, 37.499659206861374 ], [ 127.143747664207893, 37.499821440927938 ], [ 127.143983024664294, 37.499655283587678 ], [ 127.143803585301001, 37.499493049874204 ] ] ], [ [ [ 127.142520714250594, 37.499431608206869 ], [ 127.142386072047913, 37.499455735380295 ], [ 127.142229091501576, 37.499508180350972 ], [ 127.142164133540845, 37.499544207528345 ], [ 127.142149966103304, 37.499587742604781 ], [ 127.142462715007568, 37.50022167255991 ], [ 127.142517695936647, 37.500232148629706 ], [ 127.142815402567194, 37.500022040590714 ], [ 127.142828664483432, 37.499978236221679 ], [ 127.142569836087787, 37.499453804223315 ], [ 127.142520714250594, 37.499431608206869 ] ] ], [ [ [ 127.142964358509573, 37.500031683220733 ], [ 127.143177667369272, 37.500223790721684 ], [ 127.143352721555985, 37.500100234052375 ], [ 127.143113130880337, 37.499884191817102 ], [ 127.142967779445087, 37.499986719320745 ], [ 127.142964358509573, 37.500031683220733 ] ] ], [ [ [ 127.142533078633562, 37.500293668435695 ], [ 127.142519816489369, 37.500337472769694 ], [ 127.142648096631177, 37.500597527819728 ], [ 127.142912035597121, 37.5004112462316 ], [ 127.142672106434532, 37.500195473817669 ], [ 127.142533078633562, 37.500293668435695 ] ] ] ] } },
{ "type": "Feature", "properties": { "zoning_code": "근린상업지역", "zoning_name": "근린상업지역", "remark": "건축물대장 지역코드명 기반 보강" }, "geometry": { "type": "Polygon", "coordinates": [ [ [ 127.125890556358115, 37.502205718658075 ], [ 127.126159643208666, 37.502026316676336 ], [ 127.126003670310709, 37.50187835707348 ], [ 127.125734809500514, 37.502057578267134 ], [ 127.125890556358115, 37.502205718658075 ] ] ] } },
{ "type": "Feature", "properties": { "zoning_code": "제2종전용주거지역", "zoning_name": "제2종전용주거지역", "remark": "건축물대장 지역코드명 기반 보강" }, "geometry": { "type": "MultiPolygon", "coordinates": [ [ [ [ 127.125114679843989, 37.499284145506408 ], [ 127.125189990666996, 37.499349389073252 ], [ 127.125286899854686, 37.499276667119311 ], [ 127.125211362549038, 37.499211243650898 ], [ 127.125114679843989, 37.499284145506408 ] ] ], [ [ [ 127.13861650646524, 37.499388450559046 ], [ 127.138749178375477, 37.499522995753338 ], [ 127.138857053832893, 37.499455565830395 ], [ 127.138732809992405, 37.499353627102842 ], [ 127.138676374431697, 37.499350989642409 ], [ 127.13861650646524, 37.499388450559046 ] ] ], [ [ [ 127.123714420708467, 37.501499444814023 ], [ 127.123796098982936, 37.501585135312602 ], [ 127.123923766027687, 37.501508057871078 ], [ 127.123841974307254, 37.501422187377564 ], [ 127.123714420708467, 37.501499444814023 ] ] ], [ [ [ 127.139722667296653, 37.503894853994836 ], [ 127.139766422389798, 37.504010761176886 ], [ 127.139863300591529, 37.503986951530408 ], [ 127.139819433431896, 37.503871675213361 ], [ 127.139722667296653, 37.503894853994836 ] ] ], [ [ [ 127.101647566574755, 37.504318834802945 ], [ 127.101531206283994, 37.504567212310377 ], [ 127.10170906332327, 37.504620220466677 ], [ 127.101812139983281, 37.504401370751339 ], [ 127.101788674458149, 37.504360395273139 ], [ 127.101647566574755, 37.504318834802945 ] ] ], [ [ [ 127.122389534588223, 37.507095552435906 ], [ 127.122602586801364, 37.507008838520285 ], [ 127.122558706633313, 37.506940227502952 ], [ 127.12250439850348, 37.506927488975698 ], [ 127.122433424995805, 37.506960177741711 ], [ 127.122389534588223, 37.507095552435906 ] ] ] ] } },
{ "type": "Feature", "properties": { "zoning_code": "제1종일반주거지역", "zoning_name": "제1종일반주거지역", "remark": "건축물대장 지역코드명 기반 보강" }, "geometry": { "type": "MultiPolygon", "coordinates": [ [ [ [ 127.13125455528322, 37.481834750026955 ], [ 127.131234173983927, 37.482078853564346 ], [ 127.131302098317221, 37.482325473029242 ], [ 127.131472062354717, 37.482539724430367 ], [ 127.131597858807382, 37.482645994209612 ], [ 127.131716011490781, 37.482712538138664 ], [ 127.131848721897484, 37.482763208277369 ], [ 127.133159184905622, 37.48293024268628 ], [ 127.133408838858415, 37.482936541584166 ], [ 127.133655965237025, 37.482984198717254 ], [ 127.133835857933661, 37.482989583606887 ], [ 127.134115225514549, 37.482983323822808 ], [ 127.134338821057753, 37.482959015969222 ], [ 127.134689801803177, 37.482850410715294 ], [ 127.134869678236313, 37.482846784041719 ], [ 127.134900923838686, 37.48274223268119 ], [ 127.134942539429005, 37.482492698566858 ], [ 127.134940734911865, 37.482240870862661 ], [ 127.134781558151403, 37.481421319832698 ], [ 127.134713175794687, 37.481368508177177 ], [ 127.133257474886619, 37.480955679665534 ], [ 127.133192582727645, 37.480958094600851 ], [ 127.131912925779176, 37.481452901884559 ], [ 127.131518524386578, 37.48162227416266 ], [ 127.131308180497427, 37.481723777913153 ], [ 127.13125455528322, 37.481834750026955 ] ] ], [ [ [ 127.13353394327261, 37.484318356722696 ], [ 127.132744876757442, 37.484908219768741 ], [ 127.133451364717061, 37.485516689507293 ], [ 127.133814413503984, 37.485255263743497 ], [ 127.133921275868019, 37.485135401084207 ], [ 127.13399015652584, 37.485020536418801 ], [ 127.134151765760834, 37.484850066026084 ], [ 127.13353394327261, 37.484318356722696 ] ] ], [ [ [ 127.147603975957821, 37.491727848461345 ], [ 127.147529422849757, 37.491779099360471 ], [ 127.147607187099212, 37.491843857159992 ], [ 127.147690576068001, 37.491800767344522 ], [ 127.147603975957821, 37.491727848461345 ] ] ], [ [ [ 127.132708127144284, 37.493118081248362 ], [ 127.133019767761837, 37.49337433936617 ], [ 127.133076307445606, 37.493374546721263 ], [ 127.13329819137428, 37.493194910498872 ], [ 127.133298338383554, 37.493149860373855 ], [ 127.132991341359315, 37.492897832510323 ], [ 127.132708127144284, 37.493118081248362 ] ] ], [ [ [ 127.141434521251256, 37.493378008506561 ], [ 127.141441980624705, 37.493454764796262 ], [ 127.141595410380333, 37.493463232576502 ], [ 127.141601943728048, 37.493413399579907 ], [ 127.141700791043448, 37.493361745187983 ], [ 127.141646123025438, 37.493334419666922 ], [ 127.141596325820274, 37.493372140481718 ], [ 127.141434521251256, 37.493378008506561 ] ] ], [ [ [ 127.137670332974409, 37.493332220690775 ], [ 127.137581296205923, 37.493289300553826 ], [ 127.137788998824661, 37.493476036513073 ], [ 127.138033042528505, 37.493754010332829 ], [ 127.138117452155257, 37.493795277636941 ], [ 127.138842904864205, 37.494279201156267 ], [ 127.138768172426438, 37.494026999261983 ], [ 127.138665509897024, 37.493824258543818 ], [ 127.138348457652924, 37.493309506950737 ], [ 127.138204811168492, 37.493022515779622 ], [ 127.137890798751158, 37.493044187282564 ], [ 127.137973454538312, 37.493321518502704 ], [ 127.137670332974409, 37.493332220690775 ] ] ], [ [ [ 127.130110337129793, 37.493818400766941 ], [ 127.13025982711315, 37.494081419809682 ], [ 127.130534742629621, 37.494683978388053 ], [ 127.130989325097005, 37.494552025342003 ], [ 127.131928153919048, 37.493791810953489 ], [ 127.131928414830284, 37.493746760708405 ], [ 127.130676322468716, 37.492715591021977 ], [ 127.129944372495785, 37.493244915101918 ], [ 127.129903097167073, 37.493376055349522 ], [ 127.130110337129793, 37.493818400766941 ] ] ], [ [ [ 127.122219770034405, 37.496977068466173 ], [ 127.122089044425124, 37.496906473550553 ], [ 127.12193824817254, 37.497083313202289 ], [ 127.122068974093835, 37.497153998382082 ], [ 127.122219770034405, 37.496977068466173 ] ] ], [ [ [ 127.103158112648984, 37.500665763748373 ], [ 127.103526840730609, 37.500781584618842 ], [ 127.103730532707061, 37.500371048874143 ], [ 127.103362270009143, 37.500255237239102 ], [ 127.103158112648984, 37.500665763748373 ] ] ], [ [ [ 127.124354541744097, 37.501170457277219 ], [ 127.124134315883595, 37.500939219647449 ], [ 127.124059768301919, 37.500995429179369 ], [ 127.124045852154438, 37.501130142827968 ], [ 127.124181340992834, 37.501272450021212 ], [ 127.124354541744097, 37.501170457277219 ] ] ], [ [ [ 127.124934497872957, 37.501393931045399 ], [ 127.125279836175324, 37.501163635069396 ], [ 127.125013089868432, 37.500909562453515 ], [ 127.124696377340683, 37.501148116998088 ], [ 127.124691814346576, 37.50119299145949 ], [ 127.124878396512742, 37.501388853951539 ], [ 127.124934497872957, 37.501393931045399 ] ] ], [ [ [ 127.093140552055573, 37.502730936586104 ], [ 127.092835504738474, 37.502051279598071 ], [ 127.09352805157171, 37.501854063347864 ], [ 127.093476922559006, 37.501687778888922 ], [ 127.092073536125909, 37.502087455557835 ], [ 127.092355013244628, 37.502715316239836 ], [ 127.092800421931983, 37.502588661995532 ], [ 127.092892049882309, 37.502793117722241 ], [ 127.093140552055573, 37.502730936586104 ] ] ], [ [ [ 127.122188179196584, 37.502363448895458 ], [ 127.122513348636446, 37.502661977301592 ], [ 127.122853305705206, 37.503011756383614 ], [ 127.123813666762416, 37.502371598239947 ], [ 127.123819926878198, 37.502326812163872 ], [ 127.123183944015821, 37.501659018476325 ], [ 127.12312761858341, 37.501655292279118 ], [ 127.122188179196584, 37.502363448895458 ] ] ], [ [ [ 127.141778806015466, 37.502607968483119 ], [ 127.141754340814614, 37.50264854242355 ], [ 127.141743718799475, 37.502834611051064 ], [ 127.141994679506581, 37.503442306083208 ], [ 127.141631712699834, 37.503537251778603 ], [ 127.141606115506647, 37.503577466625778 ], [ 127.141762327571868, 37.503955880436763 ], [ 127.142710571143382, 37.503806807133031 ], [ 127.143246575112599, 37.50329466899796 ], [ 127.142620355016149, 37.502021498009213 ], [ 127.141778806015466, 37.502607968483119 ] ] ], [ [ [ 127.086599900790048, 37.508473561572345 ], [ 127.086928454027131, 37.508170048805702 ], [ 127.086845453321402, 37.507984863746941 ], [ 127.086441022413169, 37.508099942236782 ], [ 127.08635780922701, 37.508435443306752 ], [ 127.086599900790048, 37.508473561572345 ] ] ], [ [ [ 127.102945936938681, 37.508175582056559 ], [ 127.102433431155831, 37.507889954381405 ], [ 127.101759268651449, 37.507574008045609 ], [ 127.100144098236939, 37.506895294794688 ], [ 127.099500764133907, 37.506701845412948 ], [ 127.098827230104405, 37.506590948765506 ], [ 127.098140236225049, 37.506565383742952 ], [ 127.097617201052657, 37.506601039385622 ], [ 127.097442803719247, 37.506778407321711 ], [ 127.097636649592943, 37.509685046889039 ], [ 127.09785049110765, 37.509832455998108 ], [ 127.098311625907769, 37.509841629614712 ], [ 127.098796896622488, 37.509885289740048 ], [ 127.09927373741948, 37.509969049210333 ], [ 127.099737058304228, 37.510092101460636 ], [ 127.10018165537646, 37.510253099498364 ], [ 127.101633115128934, 37.510926454586716 ], [ 127.103684821835429, 37.508670673945062 ], [ 127.103313265363369, 37.508408083754226 ], [ 127.102945936938681, 37.508175582056559 ] ], [ [ 127.099989805764409, 37.50928694036547 ], [ 127.100075723521428, 37.509170279699191 ], [ 127.100053242206982, 37.509104075171699 ], [ 127.099995235299559, 37.509115205806438 ], [ 127.099763006407812, 37.509006288431152 ], [ 127.099746544972831, 37.508959270074037 ], [ 127.099661853709875, 37.508976279212142 ], [ 127.099565208609519, 37.509106553541052 ], [ 127.099475428594801, 37.509124377666119 ], [ 127.099437041128667, 37.509175946522788 ], [ 127.099251786104674, 37.50909446960658 ], [ 127.099190499001381, 37.509105512460337 ], [ 127.098931677322582, 37.508985082672162 ], [ 127.098882392897551, 37.508832584498464 ], [ 127.098981072672217, 37.508700777347826 ], [ 127.099293506768646, 37.508650063321959 ], [ 127.099355073660092, 37.508680375949801 ], [ 127.099435806338022, 37.508663550511706 ], [ 127.099345065792605, 37.508378279899652 ], [ 127.099371484191025, 37.508342037933048 ], [ 127.099469176721541, 37.508321414233279 ], [ 127.099455768172589, 37.508273492301335 ], [ 127.099551847124062, 37.50814339871323 ], [ 127.099728350060445, 37.508107032017961 ], [ 127.099895956581648, 37.508186360507274 ], [ 127.09991332605837, 37.508235900885552 ], [ 127.099981454847807, 37.508267829518203 ], [ 127.100274081213584, 37.508207578834934 ], [ 127.100621739244843, 37.508367665177786 ], [ 127.100696922606048, 37.508602221732247 ], [ 127.100791874193163, 37.508647011630892 ], [ 127.100845695503352, 37.508635613824694 ], [ 127.101030391351543, 37.508721413504453 ], [ 127.101126580915931, 37.509016679273991 ], [ 127.101016047293399, 37.509162463646632 ], [ 127.100808561630132, 37.509205795983306 ], [ 127.100775922987395, 37.509242043492449 ], [ 127.100701861725952, 37.509257873146957 ], [ 127.100661216201942, 37.509311876987631 ], [ 127.100685736943802, 37.50938033217713 ], [ 127.100653672258417, 37.509423066347985 ], [ 127.100713314963357, 37.509451397684749 ], [ 127.10051460802471, 37.509719610972368 ], [ 127.100155167485582, 37.509549082628723 ], [ 127.100135877164746, 37.509501345894911 ], [ 127.100081780111637, 37.50947562253095 ], [ 127.100070308279442, 37.509438781325549 ], [ 127.100095372310392, 37.509404702726265 ], [ 127.100016491764734, 37.509368278146674 ], [ 127.099989805764409, 37.50928694036547 ] ] ], [ [ [ 127.107331210460856, 37.513390038174435 ], [ 127.107876495971681, 37.512105988957302 ], [ 127.107810696808386, 37.511887196123844 ], [ 127.104093328844016, 37.508989272889906 ], [ 127.102122375857732, 37.511155342582633 ], [ 127.107066307126559, 37.513468661851576 ], [ 127.107331210460856, 37.513390038174435 ] ] ], [ [ [ 127.114170931603454, 37.532482740009151 ], [ 127.113925892784479, 37.53215507496563 ], [ 127.113653038703958, 37.531738660921384 ], [ 127.113323275558542, 37.531288756112986 ], [ 127.113180803638798, 37.531349527762998 ], [ 127.113091559538915, 37.531347882197259 ], [ 127.112926282729603, 37.531433920919525 ], [ 127.112877177479902, 37.531438715465782 ], [ 127.112781889963159, 37.531496757174295 ], [ 127.112735640151143, 37.531489313479781 ], [ 127.112731376949483, 37.53147544219425 ], [ 127.112643151854826, 37.531474417015801 ], [ 127.112449768701509, 37.531497655234759 ], [ 127.112752760650139, 37.532184612024196 ], [ 127.113057362085215, 37.533006544235754 ], [ 127.113085007262598, 37.533017798559733 ], [ 127.113582416873641, 37.532901874356213 ], [ 127.114292464461499, 37.532520555843313 ], [ 127.1143034521088, 37.532484298389001 ], [ 127.114237853469632, 37.532378106869189 ], [ 127.114170931603454, 37.532482740009151 ] ] ], [ [ [ 127.11352354319105, 37.536217935937344 ], [ 127.113644675898058, 37.536181132568338 ], [ 127.113872329130317, 37.53646617051767 ], [ 127.113831515176926, 37.536486788012766 ], [ 127.113927259165479, 37.536570885681442 ], [ 127.114096224974091, 37.536485950331823 ], [ 127.114071394092548, 37.53648872202686 ], [ 127.113796062120556, 37.53613620940169 ], [ 127.113546051426852, 37.535910513866021 ], [ 127.113472767887373, 37.535690407738514 ], [ 127.113542135045549, 37.535667366643303 ], [ 127.113621910714528, 37.535893395099002 ], [ 127.113861931876116, 37.536119649583263 ], [ 127.113946562304008, 37.536224723914934 ], [ 127.113989675195015, 37.536228241786276 ], [ 127.114115865493673, 37.536169061466921 ], [ 127.114132454904649, 37.536200895743903 ], [ 127.114001806545517, 37.536267495497221 ], [ 127.113992511999598, 37.536286452227131 ], [ 127.114123799381204, 37.536464228138591 ], [ 127.114148637271654, 37.536466123568218 ], [ 127.114387562849686, 37.536353541672405 ], [ 127.114424995456304, 37.536206581002943 ], [ 127.114349978146038, 37.53606170097887 ], [ 127.114292625436192, 37.535986243552564 ], [ 127.114262678988595, 37.535995417221592 ], [ 127.114117862535537, 37.535804121437295 ], [ 127.114080586148248, 37.535791813369563 ], [ 127.11393140665399, 37.535836455494803 ], [ 127.113826971347038, 37.535576888714971 ], [ 127.113890606241938, 37.535556690993275 ], [ 127.11398148792658, 37.53578657390122 ], [ 127.114113834798971, 37.535744011035206 ], [ 127.114046475972955, 37.535507222231587 ], [ 127.114063145181731, 37.535501926529513 ], [ 127.114036537067221, 37.535421042721623 ], [ 127.113945891570268, 37.535257869132721 ], [ 127.113000016635482, 37.535540713487599 ], [ 127.113050995734426, 37.535629989788397 ], [ 127.113099073244143, 37.535814458701431 ], [ 127.113140372975337, 37.53580104894079 ], [ 127.113138062535072, 37.535822260495891 ], [ 127.113211856409904, 37.535884422303504 ], [ 127.11317768098661, 37.535910556382063 ], [ 127.11352354319105, 37.536217935937344 ] ], [ [ 127.113110387887389, 37.535708401152775 ], [ 127.113290226275637, 37.535654198547135 ], [ 127.113325337322578, 37.53573953438552 ], [ 127.113140372975337, 37.53580104894079 ], [ 127.113110387887389, 37.535708401152775 ] ] ], [ [ [ 127.149385891907798, 37.48803064152245 ], [ 127.149664120421221, 37.488183102562701 ], [ 127.149779414604254, 37.488049429767727 ], [ 127.149501186531765, 37.487897059094692 ], [ 127.149385891907798, 37.48803064152245 ] ] ], [ [ [ 127.149903411315009, 37.488314168055318 ], [ 127.150008839055801, 37.488280067910047 ], [ 127.150070321622138, 37.488208811638671 ], [ 127.149918755472044, 37.488125749721767 ], [ 127.149803461420916, 37.488259422650721 ], [ 127.149903411315009, 37.488314168055318 ] ] ], [ [ [ 127.149933380451941, 37.488431170286951 ], [ 127.150101133878835, 37.488523041622493 ], [ 127.15027531552937, 37.488321088597772 ], [ 127.15010756234237, 37.48822921750584 ], [ 127.149933380451941, 37.488431170286951 ] ] ], [ [ [ 127.149812357022981, 37.488412311152345 ], [ 127.149802093026608, 37.488367994844616 ], [ 127.149701124430166, 37.488312710032496 ], [ 127.149589101469701, 37.488442684546897 ], [ 127.149722896522618, 37.488516038377149 ], [ 127.149812357022981, 37.488412311152345 ] ] ], [ [ [ 127.150408569882458, 37.4886915019555 ], [ 127.150582751093481, 37.488489548484267 ], [ 127.150415110224969, 37.488397677690585 ], [ 127.150240815703185, 37.488599631060687 ], [ 127.150408569882458, 37.4886915019555 ] ] ], [ [ [ 127.150473977488488, 37.488774761988111 ], [ 127.150387675968332, 37.48887470152799 ], [ 127.150513548786137, 37.488943649539351 ], [ 127.150622412228387, 37.488817372246473 ], [ 127.150529592332674, 37.488766492762544 ], [ 127.150473977488488, 37.488774761988111 ] ] ], [ [ [ 127.150873932009517, 37.4889551778206 ], [ 127.150765068792168, 37.489081455341775 ], [ 127.15089082905169, 37.489150312990354 ], [ 127.15099980540775, 37.489024125311722 ], [ 127.150873932009517, 37.4889551778206 ] ] ], [ [ [ 127.150617735920918, 37.489252200596162 ], [ 127.150869370226317, 37.489390006023996 ], [ 127.150978233893213, 37.489263818512477 ], [ 127.150726599633487, 37.489125923213329 ], [ 127.150617735920918, 37.489252200596162 ] ] ], [ [ [ 127.150805195084843, 37.490267480502276 ], [ 127.150815573010846, 37.490311796563802 ], [ 127.150910772077012, 37.490363934198811 ], [ 127.150977466228909, 37.490354119054913 ], [ 127.151334631890151, 37.489940107925435 ], [ 127.151166986857021, 37.489848238230202 ], [ 127.150805195084843, 37.490267480502276 ] ] ], [ [ [ 127.149631819097635, 37.49047544835144 ], [ 127.149263531756546, 37.490679841686543 ], [ 127.149396545542942, 37.490819627520118 ], [ 127.149788002872398, 37.490627034823127 ], [ 127.149631819097635, 37.49047544835144 ] ] ], [ [ [ 127.148643447855846, 37.490936409213894 ], [ 127.148539490288769, 37.490851673486318 ], [ 127.148484060572272, 37.490897621339371 ], [ 127.148587687909924, 37.490981177216888 ], [ 127.148643447855846, 37.490936409213894 ] ] ], [ [ [ 127.148161547427719, 37.491631732891072 ], [ 127.148078245523536, 37.49167284974331 ], [ 127.148128721735873, 37.491741794654281 ], [ 127.148213438775144, 37.491701513939198 ], [ 127.148161547427719, 37.491631732891072 ] ] ], [ [ [ 127.150034689447622, 37.501644532323986 ], [ 127.150266676538493, 37.501606308447684 ], [ 127.149935609853017, 37.501124330613337 ], [ 127.149452458879622, 37.501338833494984 ], [ 127.149435559665264, 37.501371470775858 ], [ 127.14953310089696, 37.501514967654352 ], [ 127.150034689447622, 37.501644532323986 ] ] ], [ [ [ 127.151240866775908, 37.488850017239457 ], [ 127.151125573976131, 37.488983691439351 ], [ 127.151249410201999, 37.489051560043904 ], [ 127.151364702884592, 37.488917885724987 ], [ 127.151240866775908, 37.488850017239457 ] ] ], [ [ [ 127.151571339847521, 37.48922783766038 ], [ 127.151670337789739, 37.489201132400261 ], [ 127.151738249832775, 37.489122478904548 ], [ 127.151612375593189, 37.489053532203094 ], [ 127.151497083145088, 37.489187206760114 ], [ 127.151571339847521, 37.48922783766038 ] ] ], [ [ [ 127.151856046230165, 37.489335775891576 ], [ 127.151688401914015, 37.489243906925189 ], [ 127.151601198881863, 37.489344839587943 ], [ 127.151768956390043, 37.489436708532459 ], [ 127.151856046230165, 37.489335775891576 ] ] ], [ [ [ 127.152157036945894, 37.48950054574793 ], [ 127.15224412633674, 37.489399612823085 ], [ 127.152082933752837, 37.489311340185814 ], [ 127.151995844246798, 37.489412272993611 ], [ 127.152157036945894, 37.48950054574793 ] ] ], [ [ [ 127.151269329158609, 37.489570510589786 ], [ 127.151355630119426, 37.489470480318822 ], [ 127.151229868897289, 37.489401623170778 ], [ 127.151120892382679, 37.489527811053854 ], [ 127.151213826694189, 37.489578689920521 ], [ 127.151269329158609, 37.489570510589786 ] ] ], [ [ [ 127.152524176697227, 37.48955296575874 ], [ 127.152403055313215, 37.489486626730141 ], [ 127.152287763432568, 37.489620211947503 ], [ 127.152408885112266, 37.48968664119225 ], [ 127.152524176697227, 37.48955296575874 ] ] ], [ [ [ 127.151362489948724, 37.4896214791519 ], [ 127.1513728681131, 37.489665795168868 ], [ 127.151468066923869, 37.48971802246124 ], [ 127.151534760247671, 37.489708116903358 ], [ 127.151594776187679, 37.489638663717642 ], [ 127.151427018439534, 37.48954679452951 ], [ 127.151362489948724, 37.4896214791519 ] ] ], [ [ [ 127.151686877101056, 37.489837847797475 ], [ 127.151775623783792, 37.489886388942473 ], [ 127.151831126413626, 37.489878209347893 ], [ 127.151895654656968, 37.489803524473345 ], [ 127.151734461612008, 37.489715251367699 ], [ 127.15167455881344, 37.489784704479604 ], [ 127.151686877101056, 37.489837847797475 ] ] ], [ [ [ 127.151635510820952, 37.490104879234046 ], [ 127.151704439030084, 37.490025053178634 ], [ 127.15169212069884, 37.489971909864401 ], [ 127.151610052493865, 37.489926964171758 ], [ 127.151543358805469, 37.489936779672433 ], [ 127.151474430685525, 37.490016695734994 ], [ 127.151635510820952, 37.490104879234046 ] ] ], [ [ [ 127.153250909677141, 37.489951087396953 ], [ 127.153135618780155, 37.490084763529069 ], [ 127.153256741776929, 37.490151101796393 ], [ 127.153372032559218, 37.490017425547869 ], [ 127.153250909677141, 37.489951087396953 ] ] ], [ [ [ 127.151347275010721, 37.490439065416552 ], [ 127.151539507884948, 37.490216274612116 ], [ 127.151378314548879, 37.490128091127552 ], [ 127.151186194314121, 37.490350791430636 ], [ 127.151347275010721, 37.490439065416552 ] ] ], [ [ [ 127.15374554933851, 37.490419069962748 ], [ 127.153860952914968, 37.490285483198278 ], [ 127.15374469681683, 37.49022184228042 ], [ 127.153629406204288, 37.490355428787488 ], [ 127.15374554933851, 37.490419069962748 ] ] ], [ [ [ 127.154089390645609, 37.490410607551162 ], [ 127.153974100542158, 37.490544284489253 ], [ 127.154088319801119, 37.490606846608244 ], [ 127.154203609796383, 37.490473169560339 ], [ 127.154089390645609, 37.490410607551162 ] ] ], [ [ [ 127.157952587202786, 37.490647185696318 ], [ 127.15789534764555, 37.490603193591191 ], [ 127.157825969100458, 37.490643064519261 ], [ 127.157882374768803, 37.490699284322559 ], [ 127.157952587202786, 37.490647185696318 ] ] ], [ [ [ 127.15442735611407, 37.490792464686074 ], [ 127.154555839508916, 37.490862846582608 ], [ 127.154631195091739, 37.490775442111918 ], [ 127.154531928915404, 37.490671144883791 ], [ 127.15442735611407, 37.490792464686074 ] ] ], [ [ [ 127.156655735050009, 37.495966492448417 ], [ 127.156752739561156, 37.496011324856866 ], [ 127.156811922860825, 37.495921949111285 ], [ 127.15671469619997, 37.495879018149481 ], [ 127.156655735050009, 37.495966492448417 ] ] ], [ [ [ 127.155897297639982, 37.496557748090552 ], [ 127.155844971504223, 37.496628004235163 ], [ 127.155949297479282, 37.496675062210002 ], [ 127.15600026673728, 37.496604897893889 ], [ 127.155897297639982, 37.496557748090552 ] ] ], [ [ [ 127.153255812494933, 37.500837199446146 ], [ 127.153179830989146, 37.500788643129127 ], [ 127.153096638833034, 37.500865334716075 ], [ 127.153174204529805, 37.500914339551258 ], [ 127.153255812494933, 37.500837199446146 ] ] ], [ [ [ 127.153326655859615, 37.501632347096631 ], [ 127.153253302716223, 37.501580922283878 ], [ 127.15317558201717, 37.501651353964931 ], [ 127.153246030600457, 37.501703701573462 ], [ 127.153326655859615, 37.501632347096631 ] ] ] ] } }
]
}
